timestamp,timestamp_utc,liquidity_role,side,size,price,notional,asset,conditionId,title,slug,eventSlug,outcome,outcomeIndex,transactionHash,name,pseudonym
1777195132,2026-04-26T09:18:52+00:00,TAKER,BUY,4.6,0.2,0.9199999999999999,102335982897648599456297116591492765844647795811667670885461357271629456829828,0xb439016d14d6966d0c89e6cffce2b6ea32cc746b305379113a240020a0919b79,Will the highest temperature in Dallas be between 84-85°F on April 26?,highest-temperature-in-dallas-on-april-26-2026-84-85f,highest-temperature-in-dallas-on-april-26-2026,Yes,0,0x91589a03265d8bc3f39825e614d38c595e9e3bd60280f9fde4b65f725c77de98,0xbddc2a7690BF600E347d5eb4A9C28f9F24E55d4f-1774968947489,Equal-Sun
1777256796,2026-04-27T02:26:36+00:00,TAKER,BUY,3.203454,0.2899998666,0.9290012326592363,78413512112744500982800369200484693959781493862219208168662924864705859899582,0x58343edaa94b120000e20c0ca54673dc8ec527a8c1d0a64e5f02ed622306cd95,Will the highest temperature in New York City be between 64-65°F on April 27?,highest-temperature-in-nyc-on-april-27-2026-64-65f,highest-temperature-in-nyc-on-april-27-2026,Yes,0,0x765da9355d0011eb3d8b330c4fdb8eb8dd68abd6fc3ce14291d59a75379c6151,0xbddc2a7690BF600E347d5eb4A9C28f9F24E55d4f-1774968947489,Equal-Sun
1777257092,2026-04-27T02:31:32+00:00,TAKER,BUY,4.013045,0.2299998275,0.9229996577497375,64293752976722215346110589286728038336083479635075837617004568277272496670186,0x90d8c20fc4cc60b46a5fad166e9b8d206ab0012d1b7bff86d694c9773fe2babd,Will the highest temperature in Helsinki be 8°C on April 27?,highest-temperature-in-helsinki-on-april-27-2026-8c,highest-temperature-in-helsinki-on-april-27-2026,Yes,0,0x3e2c52fc73e5d98498b5c78ba6ce49a504a0007e38b09d744b4d98a6ce95d6db,0xbddc2a7690BF600E347d5eb4A9C28f9F24E55d4f-1774968947489,Equal-Sun
1777274046,2026-04-27T07:14:06+00:00,TAKER,BUY,2.100001,0.4499997975,0.9450000247497975,114539675231746774953334984254673404451304243090816288669439419607521776391760,0x8dd2e1dadb9b5c0c2ac1ae590f460d869a09161aae78e5d4d46c4012e1603568,Will the highest temperature in Wellington be 16°C on April 28?,highest-temperature-in-wellington-on-april-28-2026-16c,highest-temperature-in-wellington-on-april-28-2026,Yes,0,0x034ab8c1d4d278598e0104cded7416527d85dacd3173860f3e3e1c9bbcd1a7c1,0xbddc2a7690BF600E347d5eb4A9C28f9F24E55d4f-1774968947489,Equal-Sun
1777481742,2026-04-29T16:55:42+00:00,TAKER,BUY,2.283104,0.4379997582,0.9999989999454527,106613677745013245245251813220404198033328073885438382263029603635002031789296,0xe3c2d0bb41ff1ffda2184712967a04d11ac4d0cb04e90b64606ad6094daa9951,Will the highest temperature in Seoul be 20°C or higher on April 30?,highest-temperature-in-seoul-on-april-30-2026-20corhigher,highest-temperature-in-seoul-on-april-30-2026,Yes,0,0x7f51a7e56ae18647a44f1a04db4f02e296f0ab00c71dff0b0b019d26bc958929,0xbddc2a7690BF600E347d5eb4A9C28f9F24E55d4f-1774968947489,Equal-Sun
1777483842,2026-04-29T17:30:42+00:00,TAKER,BUY,3.125,0.32,1.0,44004310348701351812450253637149152943377674380500421793766162604023748525014,0x6371e8b1a53c427ff7f223128011eca3833b49dd574f159204d12901d81db3ae,Will the highest temperature in Cape Town be 18°C on April 30?,highest-temperature-in-cape-town-on-april-30-2026-18c,highest-temperature-in-cape-town-on-april-30-2026,Yes,0,0xea7cd1e7af7b9fb65765dddf3ffe8d0cbe4ab23084e684074b2e4b9ea45fae2d,0xbddc2a7690BF600E347d5eb4A9C28f9F24E55d4f-1774968947489,Equal-Sun
1777483874,2026-04-29T17:31:14+00:00,TAKER,BUY,2.272726,0.4399998064,0.9999990000002464,8674398968479929030159226734107362517624951848755251824447402779616411520658,0xb7073ed89fd2cb8c0fe1b9a03bd653e2f9d46bb28ce6ef97e349e6cfb8b4486d,Will the highest temperature in Karachi be 37°C or higher on April 30?,highest-temperature-in-karachi-on-april-30-2026-37corhigher,highest-temperature-in-karachi-on-april-30-2026,Yes,0,0xf702ba57c5e94a0c79bef1812412cb57d0d2105b16dd6b882e34badef26a0172,0xbddc2a7690BF600E347d5eb4A9C28f9F24E55d4f-1774968947489,Equal-Sun
1777503594,2026-04-29T22:59:54+00:00,TAKER,BUY,4.347825,0.2299998275,0.9999990000001876,29654915313755284233266405376037024138652962368715557748917183208504013973924,0xd52609c258503d120ba250351d257a63166fab8a91f382ff7cec920825b73801,Will the highest temperature in Chongqing be 26°C on April 30?,highest-temperature-in-chongqing-on-april-30-2026-26c,highest-temperature-in-chongqing-on-april-30-2026,Yes,0,0x8c88f7c842737af3255dc217384cfcb218060c969eed29fff89ed220b837bb7f,0xbddc2a7690BF600E347d5eb4A9C28f9F24E55d4f-1774968947489,Equal-Sun
1777620218,2026-05-01T07:23:38+00:00,TAKER,BUY,3.703702,0.2699998542,0.9999990000002483,14582882757208495539112740450159220407208277446001669840969890992818517717774,0xd928fb9253b71f6562a6228752043de0aab3d46454dcd1cc5897086dff75dad6,Will the highest temperature in Miami be between 86-87°F on May 1?,highest-temperature-in-miami-on-may-1-2026-86-87f,highest-temperature-in-miami-on-may-1-2026,Yes,0,0xdfc7c6f390e21a04cc2dada4ccd1cac1398a515dbc68658e3b8a6f4b8e0b0a9b,0xbddc2a7690BF600E347d5eb4A9C28f9F24E55d4f-1774968947489,Equal-Sun
1777902440,2026-05-04T13:47:20+00:00,TAKER,BUY,6.25,0.16,1.0,26763601455964112194205731126526824124253491941733354493355287743997908811989,0x2a417604766d079eeb4ee76a08abce87f789d6527c295285093390bc48f2ca20,Will the highest temperature in Wellington be 15°C on May 5?,highest-temperature-in-wellington-on-may-5-2026-15c,highest-temperature-in-wellington-on-may-5-2026,Yes,0,0x409dea91a36df77601b24d78c98c26d3b5384001e1e6f70b0f2bf4a517a276dc,0xbddc2a7690BF600E347d5eb4A9C28f9F24E55d4f-1774968947489,Equal-Sun
1777906116,2026-05-04T14:48:36+00:00,TAKER,BUY,3.225805,0.3099998295,0.9999990000002474,20435403714244973923005215481897712778806415785879382416881624550195676503093,0x6855ac897f0f9d4158736d18be0fa952a38d5361b6d15f53dcab4f701fc52c2d,Will the highest temperature in Busan be 20°C on May 5?,highest-temperature-in-busan-on-may-5-2026-20c,highest-temperature-in-busan-on-may-5-2026,Yes,0,0xbae667ce88b3799d79cddddfc40631c813db16e4568e069333df7e06a212cffb,0xbddc2a7690BF600E347d5eb4A9C28f9F24E55d4f-1774968947489,Equal-Sun
1777937492,2026-05-04T23:31:32+00:00,TAKER,BUY,2.631577,0.3799999012,0.9999990000001924,18015223513960486991374994694569194844854171884164009232162349889563863422272,0xd0828a94d38a558ea95149e3eb9acf7bed5f1c26d3d1f5bc27c41f4705fdca9b,Will the highest temperature in Istanbul be 15°C on May 5?,highest-temperature-in-istanbul-on-may-5-2026-15c,highest-temperature-in-istanbul-on-may-5-2026,Yes,0,0xb6671c440a952b49164a1fbea430f5b6ef2cbdbadade611f32227bdc8468837a,0xbddc2a7690BF600E347d5eb4A9C28f9F24E55d4f-1774968947489,Equal-Sun
1777939308,2026-05-05T00:01:48+00:00,TAKER,BUY,2.857141,0.3499998775,0.9999990000002275,56428068653085297143928461260634289151001463335773660830108325616178032790168,0xc898f94014e95495d2c8de0e7f03b9ef091e63276c40e9919a83d55ebc08f10e,Will the highest temperature in Sao Paulo be 29°C on May 5?,highest-temperature-in-sao-paulo-on-may-5-2026-29c,highest-temperature-in-sao-paulo-on-may-5-2026,Yes,0,0x69c13b704aa066a45fba707b415050d6aafdfd23c11eb92a92242c51640e675d,0xbddc2a7690BF600E347d5eb4A9C28f9F24E55d4f-1774968947489,Equal-Sun
1777939316,2026-05-05T00:01:56+00:00,TAKER,BUY,3.448274,0.2899998666,0.9999990000002483,43213252345123939917971217563305891287463097072468270330364970295711884516079,0xe50dc6acaa13e79a0958c9211f4cd464c5137036052d0b6a3b92521169bf2f12,Will the highest temperature in Atlanta be between 78-79°F on May 5?,highest-temperature-in-atlanta-on-may-5-2026-78-79f,highest-temperature-in-atlanta-on-may-5-2026,Yes,0,0xc4fe67da815792d575187d2337f3a641bdde83917ea75b43be7f84c957779bfd,0xbddc2a7690BF600E347d5eb4A9C28f9F24E55d4f-1774968947489,Equal-Sun
1777941152,2026-05-05T00:32:32+00:00,TAKER,BUY,2.083332,0.4799998272,0.9999990000002303,70661026422896136464820318869721761061768343251673793275278350409223914476412,0xffef06ccd2226fc07d4201faa6908a4aa85f16c1c8d6fc6132c2fb6f30c3891a,Will the highest temperature in Toronto be 17°C or higher on May 5?,highest-temperature-in-toronto-on-may-5-2026-17corhigher,highest-temperature-in-toronto-on-may-5-2026,Yes,0,0xda45b1e7fc64c14cf3e8f7e00e6fe2b29c91ec0da92be8064a220bb1d791390e,0xbddc2a7690BF600E347d5eb4A9C28f9F24E55d4f-1774968947489,Equal-Sun
1777981564,2026-05-05T11:46:04+00:00,TAKER,BUY,3.225805,0.3099998295,0.9999990000002474,73162471791585366735003403676237949846374898614224991387848653605046552547,0xb13001039ffa210d100a4fb8260db2e3da9f7a6d8e3d9f8c7772ded50b44fa0b,Will the highest temperature in Wellington be 16°C on May 6?,highest-temperature-in-wellington-on-may-6-2026-16c,highest-temperature-in-wellington-on-may-6-2026,Yes,0,0x53aaf5380f793248629089e6b53566dcf06c625b541e25daf16c6b83f4063d8a,0xbddc2a7690BF600E347d5eb4A9C28f9F24E55d4f-1774968947489,Equal-Sun
1777983398,2026-05-05T12:16:38+00:00,TAKER,BUY,6.25,0.16,1.0,61646998271559839573417414918465895556944313453991693113710396168879788204533,0x66454d1b828a0a09fbed6540a2199a668fbf68b75474c4778ce93a7f34172ac1,Will the highest temperature in Shanghai be 24°C on May 6?,highest-temperature-in-shanghai-on-may-6-2026-24c,highest-temperature-in-shanghai-on-may-6-2026,Yes,0,0x75c313866a4da27fb38786d918c1d3f216301e37309c17e6cac7e82751acce29,0xbddc2a7690BF600E347d5eb4A9C28f9F24E55d4f-1774968947489,Equal-Sun
1777992588,2026-05-05T14:49:48+00:00,TAKER,BUY,2.439023,0.4099998237,0.9999990000002451,40949966712085152143984287940848294539575242990625990696428761231930260701967,0x743ec42df7d374ee6842ce60ec5a8d112c65de5daa45f85455af3ef1580848a7,Will the highest temperature in Busan be 22°C on May 6?,highest-temperature-in-busan-on-may-6-2026-22c,highest-temperature-in-busan-on-may-6-2026,Yes,0,0xa2aacf626fd746c9c3f978e74f9d5bc9542e75cf4d665466f3e391834616487e,0xbddc2a7690BF600E347d5eb4A9C28f9F24E55d4f-1774968947489,Equal-Sun
1778016572,2026-05-05T21:29:32+00:00,TAKER,BUY,2.272726,0.4399998064,0.9999990000002464,48239908861872028882411352885969791206964711481840082950337574934971898297209,0x678c06976c2fb13c27261fc350180cc98cb7c511ddf822c42ef35228fc0b7754,Will the highest temperature in Seoul be 21°C or higher on May 6?,highest-temperature-in-seoul-on-may-6-2026-21corhigher,highest-temperature-in-seoul-on-may-6-2026,Yes,0,0x92b9f466cde99778587c9d63ac5258de89b7ee7ea2781b842878dc027c828f0f,0xbddc2a7690BF600E347d5eb4A9C28f9F24E55d4f-1774968947489,Equal-Sun
1778022108,2026-05-05T23:01:48+00:00,TAKER,BUY,5.882351,0.1699998861,0.999999000000221,100442845101829162242041438438122875382579433980695240921240862914954438467971,0x539e12081da264eafaed14a0913c36838e5ca33c19b0708a22f29cbcec997997,Will the highest temperature in Sao Paulo be 30°C on May 6?,highest-temperature-in-sao-paulo-on-may-6-2026-30c,highest-temperature-in-sao-paulo-on-may-6-2026,Yes,0,0x047280c69e25bb68fb90122500e47a62f6744550e4e152b006b59f768819ba74,0xbddc2a7690BF600E347d5eb4A9C28f9F24E55d4f-1774968947489,Equal-Sun
1778025808,2026-05-06T00:03:28+00:00,TAKER,BUY,5.882351,0.1699998861,0.999999000000221,64974516276929893717088073880886018152082099807182663927141684156153940922584,0x72659a1b4c0c1adc1510eae6e29ef2cfecbe4bcf1f3b4000b3035f215f373400,Will the highest temperature in Panama City be 30°C on May 6?,highest-temperature-in-panama-city-on-may-6-2026-30c,highest-temperature-in-panama-city-on-may-6-2026,Yes,0,0x67f84c16c50f3f491a39505e65e9171b31434554cb53bef73be8dd184837762b,0xbddc2a7690BF600E347d5eb4A9C28f9F24E55d4f-1774968947489,Equal-Sun
1778027634,2026-05-06T00:33:54+00:00,TAKER,BUY,6.369425,0.1569998862,0.9999990001594349,956517491391993331550322756288219681565629964394469022665380609355932383166,0xeae72d432ef77608bf76c384ee578403331d5d315756a5fe7f372eed48bf5626,Will the highest temperature in Ankara be 13°C on May 6?,highest-temperature-in-ankara-on-may-6-2026-13c,highest-temperature-in-ankara-on-may-6-2026,Yes,0,0x8d569a7c2a9590efd63746f095390a2639bec2e61dae3b0e2fbdf8a459a5a858,0xbddc2a7690BF600E347d5eb4A9C28f9F24E55d4f-1774968947489,Equal-Sun
1778051568,2026-05-06T07:12:48+00:00,TAKER,BUY,2.941175,0.33999983,0.99999900000025,22463104225979593721812606661348116733009230213922238060250318577330599962001,0xbcc9dd548d06ec36e7d91ef85cce543e9c80794cf2c2e9c14f814570b2c557dc,Will the highest temperature in Wellington be 17°C on May 7?,highest-temperature-in-wellington-on-may-7-2026-17c,highest-temperature-in-wellington-on-may-7-2026,Yes,0,0x0cc4882ad349ef5923f44626a8f7172504259b54d901bf6e067f1796cab97d7f,0xbddc2a7690BF600E347d5eb4A9C28f9F24E55d4f-1774968947489,Equal-Sun
1778062552,2026-05-06T10:15:52+00:00,TAKER,BUY,3.333332,0.29999982,0.9999990000002399,19439188227411431515183272806756875828309398936685688345642264391750585563155,0xb543f9d223910b1f5b4e3587f828228a93648a0cc30dcc972cbb35d10cc8db93,Will the highest temperature in Taipei be 30°C on May 7?,highest-temperature-in-taipei-on-may-7-2026-30c,highest-temperature-in-taipei-on-may-7-2026,Yes,0,0xbda412a3c402046cc1a8377e986dc665c1ecf93def8b23e8fb753682a17bc9e8,0xbddc2a7690BF600E347d5eb4A9C28f9F24E55d4f-1774968947489,Equal-Sun
1778068036,2026-05-06T11:47:16+00:00,TAKER,BUY,2.631577,0.3799999012,0.9999990000001924,34999188821447320789091592711311073384695366617689291700530214653758517091883,0xac49a0eab370e5fb4e4d8a175f6bd69b352cee5c7822cbcd41584b5ff2532faa,Will the highest temperature in Hong Kong be 27°C on May 7?,highest-temperature-in-hong-kong-on-may-7-2026-27c,highest-temperature-in-hong-kong-on-may-7-2026,Yes,0,0x7bb09031b368e5e265342eca70c0e5bd880131352f3ecdd0d252da71898176ab,0xbddc2a7690BF600E347d5eb4A9C28f9F24E55d4f-1774968947489,Equal-Sun
1778123284,2026-05-07T03:08:04+00:00,TAKER,BUY,6.666665,0.1499998875,0.9999990000001876,88907689893032254086621067379350624493127911985541203034294101505128671371844,0x1f13e93eb3938ced265af983416f77b851bb8fe7fc8cd7c333699d57258a6ea7,Will the highest temperature in Ankara be 17°C on May 7?,highest-temperature-in-ankara-on-may-7-2026-17c,highest-temperature-in-ankara-on-may-7-2026,Yes,0,0x0541d8b9c463d2dd694a4407450e1326af318e08d45fa9a304389638a369f1bf,0xbddc2a7690BF600E347d5eb4A9C28f9F24E55d4f-1774968947489,Equal-Sun
1778156272,2026-05-07T12:17:52+00:00,TAKER,BUY,4.545453,0.2199998548,0.9999990000002245,34074678557552034299026960682341266189147615780064591607960971488863872288455,0x39e183633e09ea0e0b07a142a54a7e3eeb02365ac4618b2f4089fb377ad088a1,Will the highest temperature in Shanghai be 22°C on May 8?,highest-temperature-in-shanghai-on-may-8-2026-22c,highest-temperature-in-shanghai-on-may-8-2026,Yes,0,0x2f3d80abafcb61487f8b95cb6041a04fdac9b28c02ef983c758663d85f1f35f5,0xbddc2a7690BF600E347d5eb4A9C28f9F24E55d4f-1774968947489,Equal-Sun
1778165426,2026-05-07T14:50:26+00:00,TAKER,BUY,2,0.5,1.0,19543859440220887420308738123857158039441407088397757729295074185780878830884,0xa6523fff4522832eb72db52c6ea3043bbe1ae318e5c87739e7b8f2806841230c,Will the highest temperature in Seoul be 20°C on May 8?,highest-temperature-in-seoul-on-may-8-2026-20c,highest-temperature-in-seoul-on-may-8-2026,Yes,0,0x50bbc6e7b29118975be95ecf03022351df06a4765e4efb0c34bca6254084a318,0xbddc2a7690BF600E347d5eb4A9C28f9F24E55d4f-1774968947489,Equal-Sun
1778174599,2026-05-07T17:23:19+00:00,TAKER,BUY,6.176469,0.1619046416,0.9999989997985105,56995086699734771756843509940791349390820708838068116968905094558726380262962,0xe5469f84e815f60f03cfbdc91e5853e0736b3ced9ddcdd677130a183c0530d5f,Will the highest temperature in Ankara be 20°C on May 8?,highest-temperature-in-ankara-on-may-8-2026-20c,highest-temperature-in-ankara-on-may-8-2026,Yes,0,0x99904eefee51381d6961cc87c62ac5b31655b1c904e18e347cd2bff40ee41363,0xbddc2a7690BF600E347d5eb4A9C28f9F24E55d4f-1774968947489,Equal-Sun
1778243259,2026-05-08T12:27:39+00:00,TAKER,BUY,4.545453,0.2199998548,0.9999990000002245,53946307870747397593456438443654288348095883478166745688039401136537912267924,0x395110bf60fd102aa321c54fa3430e25a76a2be54ab9229e51794b2b9ceaab13,Will the highest temperature in Shanghai be 24°C on May 9?,highest-temperature-in-shanghai-on-may-9-2026-24c,highest-temperature-in-shanghai-on-may-9-2026,Yes,0,0x1d64e85ac92e78c7a3fbec84d4b0dbcf8fe080c0eb766f2d7f319fd84a32f3a6,0xbddc2a7690BF600E347d5eb4A9C28f9F24E55d4f-1774968947489,Equal-Sun
1778325877,2026-05-09T11:24:37+00:00,TAKER,BUY,4.347825,0.2299998275,0.9999990000001876,68574117907658170871155505283959284649116613188893004122029208467042706131781,0x9b3c2e02287872933b7120d4b9bdd2d12df193943e48c6f26017a0a1150a1591,Will the highest temperature in Hong Kong be 26°C on May 10?,highest-temperature-in-hong-kong-on-may-10-2026-26c,highest-temperature-in-hong-kong-on-may-10-2026,Yes,0,0xdf1ba011b7f5bb3b4efd23b437fbfe0d407d9762d0e584e29cb62ae49dc69f29,0xbddc2a7690BF600E347d5eb4A9C28f9F24E55d4f-1774968947489,Equal-Sun
1778329530,2026-05-09T12:25:30+00:00,TAKER,BUY,1.960783,0.5099998317,0.999999000000221,73419812757973735559760584543106250058681891410916657638665155318188377300269,0xa759027eeb9a07db6243b6e2b3cb15e0202ed32339d6a365197e4cdf73aae7ee,Will the highest temperature in Seoul be 22°C or higher on May 10?,highest-temperature-in-seoul-on-may-10-2026-22corhigher,highest-temperature-in-seoul-on-may-10-2026,Yes,0,0x3d5eb2fb6282e1d61305d3bf3902c2e69381637882310e5cd45383c9fdc1ab18,0xbddc2a7690BF600E347d5eb4A9C28f9F24E55d4f-1774968947489,Equal-Sun
1778329545,2026-05-09T12:25:45+00:00,TAKER,BUY,2.865141,0.3490226135,0.9999989998660035,24312458527235965148793296541386459319125994502404804665228417710693945061504,0x6bfd9ee1c962e4d0823adcb0f3a383226fce4d7b54cd7e9a3e431ff0638f9965,Will the highest temperature in Beijing be 33°C on May 10?,highest-temperature-in-beijing-on-may-10-2026-33c,highest-temperature-in-beijing-on-may-10-2026,Yes,0,0x68f243e05b30c829c914040e42cbff8fb06caf8a0194d2aa54e2cbc485adbe9e,0xbddc2a7690BF600E347d5eb4A9C28f9F24E55d4f-1774968947489,Equal-Sun
1778371535,2026-05-10T00:05:35+00:00,TAKER,BUY,3.333332,0.29999982,0.9999990000002399,90722995885844053841895480745635623308649295195853175267094606060298059469330,0xeae7d09dc565c7c62d231d624c6f9570b4dcc771ac4d217ea83171d189f47ed1,Will the highest temperature in Toronto be 14°C on May 10?,highest-temperature-in-toronto-on-may-10-2026-14c,highest-temperature-in-toronto-on-may-10-2026,Yes,0,0x9632b3c716f4abfa72b5a0bc005feb401ca8a06c0644332f6357a24726a57767,0xbddc2a7690BF600E347d5eb4A9C28f9F24E55d4f-1774968947489,Equal-Sun
1778371544,2026-05-10T00:05:44+00:00,TAKER,BUY,3.448274,0.2899998666,0.9999990000002483,70660225228373756051618378365924627599503586327764095895549578009625256832653,0x3e9552acf6c47461ec3e1848159c73bd67f63feefc061312013e9bc71512453f,Will the highest temperature in Ankara be 21°C on May 10?,highest-temperature-in-ankara-on-may-10-2026-21c,highest-temperature-in-ankara-on-may-10-2026,Yes,0,0xa461fa8b2cda2d73068354648b2b40fa6f66b979b843186657d306bcde24651f,0xbddc2a7690BF600E347d5eb4A9C28f9F24E55d4f-1774968947489,Equal-Sun
1778428800,2026-05-10T16:00:00+00:00,TAKER,BUY,85.534614,0.1169117218,9.999998996238386,114700463148247997876011453750483832778442650294926838268597528765628339501408,0x8fb3723289cb0052977c62c3417c134ddbeccfa042bde8def1e308bb618bae64,Will the highest temperature in Seoul be 22°C or higher on May 11?,highest-temperature-in-seoul-on-may-11-2026-22corhigher,highest-temperature-in-seoul-on-may-11-2026,Yes,0,0xd7e6de00a90b73c2260e557da1ce426f3a574dc6e6742beb0a4e6b3353ded2ca,0xbddc2a7690BF600E347d5eb4A9C28f9F24E55d4f-1774968947489,Equal-Sun
1778461691,2026-05-11T01:08:11+00:00,TAKER,BUY,34.87655,0.2867255792,9.999998999247762,19305094917126899587121410744192864366468796265721750299630045929048109315367,0xa4fea9512fbf692afc5dbd0e71d59069d20792788c1fc78686761b30ff7d7eee,Will the highest temperature in Chicago be between 58-59°F on May 11?,highest-temperature-in-chicago-on-may-11-2026-58-59f,highest-temperature-in-chicago-on-may-11-2026,Yes,0,0x8f2ded5556401380951922c20364f40c27711db39045d52ee109d817266c30c9,0xbddc2a7690BF600E347d5eb4A9C28f9F24E55d4f-1774968947489,Equal-Sun
1778500298,2026-05-11T11:51:38+00:00,TAKER,BUY,38.653845,0.2587064495,9.999998999473327,23651262276952096320334149494542602487659081978799292696053486379301536885952,0x589f7c77cc81bb661edf7c410e97be9c7a8f9fde13fa4e8351df4d6904c2f32f,Will the highest temperature in Seoul be 22°C or higher on May 12?,highest-temperature-in-seoul-on-may-12-2026-22corhigher,highest-temperature-in-seoul-on-may-12-2026,Yes,0,0x67c8c2106cb05ae95632ac46cf69a9e31dfeb56e52c1c1a0e3a01998b8c8e406,0xbddc2a7690BF600E347d5eb4A9C28f9F24E55d4f-1774968947489,Equal-Sun
1778544141,2026-05-12T00:02:21+00:00,TAKER,BUY,9.48,0.4018565401,3.809600000148,34591836516745825870151129754626486936043916999070296717163786141561104551780,0x15a53c6d2b36aeb0fb096b232b585d888a545ef2b807b9580a4293bbdb78dcf1,Will the highest temperature in Cape Town be 18°C on May 12?,highest-temperature-in-cape-town-on-may-12-2026-18c,highest-temperature-in-cape-town-on-may-12-2026,Yes,0,0x08e530e57ef653df69cbd32f47b2260cdcad5ed8e567430b51c783c8e2feb015,0xbddc2a7690BF600E347d5eb4A9C28f9F24E55d4f-1774968947489,Equal-Sun
1778555194,2026-05-12T03:06:34+00:00,TAKER,BUY,55.555554,0.179999987,9.999998997777798,49505766888788980452383992528185514183528612957068359238000122510305267144193,0xae4d4308699e0ba1922131b51284629fe46e6c18eb951f990afa29cd4e19f682,Will the highest temperature in Miami be between 86-87°F on May 12?,highest-temperature-in-miami-on-may-12-2026-86-87f,highest-temperature-in-miami-on-may-12-2026,Yes,0,0xfb59b1b9c43549cab6f27d051ea02e33870fce7334455a020c895a690e181635,0xbddc2a7690BF600E347d5eb4A9C28f9F24E55d4f-1774968947489,Equal-Sun
1778558916,2026-05-12T04:08:36+00:00,TAKER,BUY,30.42,0.3219625247,9.794100001374,44291234738020708781899700404702949080523804592817845171687467415522876533701,0x7e8e857472b82155a8e9450e6983c114ed79d7427cc0d9880684c858398ed22e,Will the highest temperature in Panama City be 31°C on May 12?,highest-temperature-in-panama-city-on-may-12-2026-31c,highest-temperature-in-panama-city-on-may-12-2026,Yes,0,0x52d4c5a917df3bb9e5ff39895306cfbdda95be8e122386c3730fc5537385b320,0xbddc2a7690BF600E347d5eb4A9C28f9F24E55d4f-1774968947489,Equal-Sun
1778569897,2026-05-12T07:11:37+00:00,TAKER,BUY,72.32,0.1382743363,10.000000001215998,25307596214264289064863565338238761138409064329156337906169826621561086817216,0x888f5d0354fbee5a71664875cbee02b36e8ceb85e58f915c265dc83caddec9af,Will the highest temperature in Buenos Aires be 19°C on May 12?,highest-temperature-in-buenos-aires-on-may-12-2026-19c,highest-temperature-in-buenos-aires-on-may-12-2026,Yes,0,0x19ddc2169a7585763e3fe1cc32845c1d4c8e4d5b0adf5f4f7720ef297795a9cf,0xbddc2a7690BF600E347d5eb4A9C28f9F24E55d4f-1774968947489,Equal-Sun
1778630393,2026-05-12T23:59:53+00:00,TAKER,BUY,5,0.29,1.45,14277603667228955544186425220558683233099325366248281866006224058852388132206,0x27ac424fc07d228d680d1d9495b200c0ec35281e1854ced0328af55ed2c06cc8,Will the highest temperature in Sao Paulo be 24°C on May 13?,highest-temperature-in-sao-paulo-on-may-13-2026-24c,highest-temperature-in-sao-paulo-on-may-13-2026,Yes,0,0x7e1c37ee452ae2374e6a1b52b2665c466e527becbcf61ffe168d901a16cc04b6,0xbddc2a7690BF600E347d5eb4A9C28f9F24E55d4f-1774968947489,Equal-Sun
1778630402,2026-05-13T00:00:02+00:00,TAKER,BUY,44.763042,0.2233985572,9.999998998683001,18777499346522804350067983797282949526808283552293964992434753048913161349608,0x30b26be82070d5da9aa72e76c6c7b7a0019b953a957c713a213cd161451015cc,Will the highest temperature in Ankara be 21°C on May 13?,highest-temperature-in-ankara-on-may-13-2026-21c,highest-temperature-in-ankara-on-may-13-2026,Yes,0,0xca59a51a7a7bb5eda597f4643b9152dacc851761698e296b61eba8208db7f8a0,0xbddc2a7690BF600E347d5eb4A9C28f9F24E55d4f-1774968947489,Equal-Sun
1779262071,2026-05-20T07:27:51+00:00,MAKER,BUY,0.58,0.33,0.1914,86933655315021860343850849985868823644152567807408059724333389983927454576508,0x8290064405bfa3dae3ba2462e0b2656c9fccdb7d60c1b96ada183efa78daf4a5,Will the highest temperature in Los Angeles be between 66-67°F on May 22?,highest-temperature-in-los-angeles-on-may-22-2026-66-67f,highest-temperature-in-los-angeles-on-may-22-2026,Yes,0,0x475d762873816e66a3ce2e78fd288913885b700929a23bbca312db37373c0b56,0xbddc2a7690BF600E347d5eb4A9C28f9F24E55d4f-1774968947489,Equal-Sun
1779262071,2026-05-20T07:27:51+00:00,MAKER,BUY,7,0.33,2.31,86933655315021860343850849985868823644152567807408059724333389983927454576508,0x8290064405bfa3dae3ba2462e0b2656c9fccdb7d60c1b96ada183efa78daf4a5,Will the highest temperature in Los Angeles be between 66-67°F on May 22?,highest-temperature-in-los-angeles-on-may-22-2026-66-67f,highest-temperature-in-los-angeles-on-may-22-2026,Yes,0,0x6eb921ccddc6583a013765df24c4b19b392ae5b703ba1edd6a6a2fc2fbb30a45,0xbddc2a7690BF600E347d5eb4A9C28f9F24E55d4f-1774968947489,Equal-Sun
1779262763,2026-05-20T07:39:23+00:00,MAKER,BUY,6.94,0.36,2.4984,86933655315021860343850849985868823644152567807408059724333389983927454576508,0x8290064405bfa3dae3ba2462e0b2656c9fccdb7d60c1b96ada183efa78daf4a5,Will the highest temperature in Los Angeles be between 66-67°F on May 22?,highest-temperature-in-los-angeles-on-may-22-2026-66-67f,highest-temperature-in-los-angeles-on-may-22-2026,Yes,0,0xfcb3caa593d051dcf4391dd51cbf2665cb822db606d0f9ad0559f7870fbcbd9a,0xbddc2a7690BF600E347d5eb4A9C28f9F24E55d4f-1774968947489,Equal-Sun
1780987806,2026-06-09T06:50:06+00:00,TAKER,BUY,2.941175,0.33999983,0.99999900000025,3370824502160925855964922841717625926043948674893286960808652645996019173262,0x9ae42f8d1211df342cd9c76f5d087eb762543ac7bbd71b5899666235837e8d9a,Will the highest temperature in Seoul be 24°C on June 10?,highest-temperature-in-seoul-on-june-10-2026-24c,highest-temperature-in-seoul-on-june-10-2026,Yes,0,0x875e42918532e5fa9d5496d1e6bd11f061e3d75553236493ed23a534c3bcc929,0xbddc2a7690BF600E347d5eb4A9C28f9F24E55d4f-1774968947489,Equal-Sun
1780987839,2026-06-09T06:50:39+00:00,TAKER,SELL,2.94,0.33,0.9702000000000001,3370824502160925855964922841717625926043948674893286960808652645996019173262,0x9ae42f8d1211df342cd9c76f5d087eb762543ac7bbd71b5899666235837e8d9a,Will the highest temperature in Seoul be 24°C on June 10?,highest-temperature-in-seoul-on-june-10-2026-24c,highest-temperature-in-seoul-on-june-10-2026,Yes,0,0xddfd91b3a551cc51e1b79f4dacedbc8d8c12fcfb1a246225c14b8846cb4ec344,0xbddc2a7690BF600E347d5eb4A9C28f9F24E55d4f-1774968947489,Equal-Sun
1780991275,2026-06-09T07:47:55+00:00,TAKER,BUY,13.888887,0.359999977,4.9999990005556,101228979515075183371077913911109750940519047678115159194513313751837976816610,0xc020ef5b7507316bd39d4df3356f074d577cf69268448d318b5505a508d60d14,Will the highest temperature in Buenos Aires be 15°C on June 9?,highest-temperature-in-buenos-aires-on-june-9-2026-15c,highest-temperature-in-buenos-aires-on-june-9-2026,Yes,0,0x3ff4a163830d3965a6d71e856406ef8084848aa190197c62ed6ea68c019d887c,0xbddc2a7690BF600E347d5eb4A9C28f9F24E55d4f-1774968947489,Equal-Sun
1780991797,2026-06-09T07:56:37+00:00,TAKER,BUY,8.92857,0.5599999776,4.999999000000032,87975061363926128276080048863777449373666495553423085563485998846339211493606,0x763c6c60df6b650a33e255e2e7494a955ff30259202cd7b49cea0f9864f1155d,Will the highest temperature in Miami be between 88-89°F on June 9?,highest-temperature-in-miami-on-june-9-2026-88-89f,highest-temperature-in-miami-on-june-9-2026,Yes,0,0xa01f86b63ad18dfde7714c5caef3c22162fb9f0ca2f5fe0ec9857d1f1507d18e,0xbddc2a7690BF600E347d5eb4A9C28f9F24E55d4f-1774968947489,Equal-Sun
1780991812,2026-06-09T07:56:52+00:00,TAKER,BUY,8.738964,0.5721500855,4.999998999781422,17183566363169184540934274886476715651524760834621618432162477663809369137371,0xdd021f75e6abc8870034627be64d99ad5a8b0ad62299a792d79f6c16e7ec5ffc,Will the highest temperature in Madrid be 33°C on June 9?,highest-temperature-in-madrid-on-june-9-2026-33c,highest-temperature-in-madrid-on-june-9-2026,Yes,0,0x2f4a6eb523cff51998d97940033adc6e6a52e6204c5857a553475ce2a3d37a03,0xbddc2a7690BF600E347d5eb4A9C28f9F24E55d4f-1774968947489,Equal-Sun
1780991820,2026-06-09T07:57:00+00:00,TAKER,BUY,17.857141,0.2799999731,4.999998999642907,64820360448341065659010831893058954441886774839939828231936308730484329084939,0x3a13b7b5b008d34ae39917c9d5baa0653eb0cfd64a19a48f5cdb1b90a893af4c,Will the highest temperature in Panama City be 32°C on June 9?,highest-temperature-in-panama-city-on-june-9-2026-32c,highest-temperature-in-panama-city-on-june-9-2026,Yes,0,0x50a8ac22e74e1450533402937319767c5c297127032274c9c25378c68acede10,0xbddc2a7690BF600E347d5eb4A9C28f9F24E55d4f-1774968947489,Equal-Sun
1780991827,2026-06-09T07:57:07+00:00,TAKER,BUY,12.7545,0.3920185033,5.00000000033985,92234017954987427838108849450664165654988658004254036047265170971469972162617,0xf273223800a6c51397a9772dc7bd61a1248460a8539b966871684a19d2cdffcf,Will the highest temperature in London be 17°C on June 9?,highest-temperature-in-london-on-june-9-2026-17c,highest-temperature-in-london-on-june-9-2026,Yes,0,0x00ab611bb3134b06289ee631124722ebfd23e3f821d2a84a40e2d68e87707bf4,0xbddc2a7690BF600E347d5eb4A9C28f9F24E55d4f-1774968947489,Equal-Sun
1780993696,2026-06-09T08:28:16+00:00,TAKER,BUY,10.20408,0.4899999804,4.999999000000032,33769253643188749192627862680828560063770968655582409870792238016480464696195,0xf6879b77a2c068707e915f90f1ad88d15f7c73a6d671dd986f4bf6c2ab417a87,Will the highest temperature in Moscow be 27°C on June 9?,highest-temperature-in-moscow-on-june-9-2026-27c,highest-temperature-in-moscow-on-june-9-2026,Yes,0,0x123b0b2fa03059cae00d8bf3d45b1fd6911ec5bf11d89a42c35f03b22ca03588,0xbddc2a7690BF600E347d5eb4A9C28f9F24E55d4f-1774968947489,Equal-Sun
1781031046,2026-06-09T18:50:46+00:00,TAKER,BUY,11.11111,0.269999937,2.9999990000000705,61549519334637780027602933652015688786889091644126520785112343732056665841870,0x18cf8c6df483839b6c8fe7e6cebef9ae7aa161512ca70bd53df6dbe5945803b7,Will the highest temperature in Chongqing be 25°C on June 10?,highest-temperature-in-chongqing-on-june-10-2026-25c,highest-temperature-in-chongqing-on-june-10-2026,Yes,0,0x73c97d34e42142c551b57298a43248614c0143e00430530616a928d06a1b3bb5,0xbddc2a7690BF600E347d5eb4A9C28f9F24E55d4f-1774968947489,Equal-Sun
1781034678,2026-06-09T19:51:18+00:00,TAKER,BUY,6.521738,0.4599999264,2.999999000000083,114703251544363027969182222843311874962044563106777460630164169437977575382386,0x1ad3459828802a381828b9f7fc96adff75ff3de4727fc3e616ef0f4be86f225b,Will the highest temperature in Moscow be 29°C on June 10?,highest-temperature-in-moscow-on-june-10-2026-29c,highest-temperature-in-moscow-on-june-10-2026,Yes,0,0x6894b239d50817757fc2d3ba753c86861cf1005928b869bb1c4b5f5129da3aff,0xbddc2a7690BF600E347d5eb4A9C28f9F24E55d4f-1774968947489,Equal-Sun
1781035578,2026-06-09T20:06:18+00:00,TAKER,BUY,68.018,0.0441059719,2.9999999966942,83718210457362307108309323882309333718683296757945577122118140257921980233487,0x4bacb7964d943383a250524d725a7d074e8a51d3ca4f261e67d762d7c32a5965,Will the highest temperature in Cape Town be 20°C on June 10?,highest-temperature-in-cape-town-on-june-10-2026-20c,highest-temperature-in-cape-town-on-june-10-2026,Yes,0,0x8ff6fdd8eabbd3ec7ae3f77e76c796390d8a58ebe20863d077b43ebcc47ffafc,0xbddc2a7690BF600E347d5eb4A9C28f9F24E55d4f-1774968947489,Equal-Sun
1781043795,2026-06-09T22:23:15+00:00,TAKER,BUY,15.822,0.1896094046,2.9999999995812,73122180076424696390255023414272790804967829990089323580471993349105822393901,0x68150f136cda298ce2dea65b6d7b6f2f5dfb89b35b9b5341bdabd3058f4f5627,Will the highest temperature in Buenos Aires be 16°C on June 10?,highest-temperature-in-buenos-aires-on-june-10-2026-16c,highest-temperature-in-buenos-aires-on-june-10-2026,Yes,0,0xf681477edb2f98def04cf7832ce4c94d98f11ba59ee64e066f0f26ebb317f537,0xbddc2a7690BF600E347d5eb4A9C28f9F24E55d4f-1774968947489,Equal-Sun
1781051076,2026-06-10T00:24:36+00:00,TAKER,BUY,8.333332,0.3599999376,2.9999990000000833,57504720474742172441507680396850872400296734660153178949217735053091904316958,0x18885f8317760d9b5e25c4faf1c3ea4204894d7bcb417f62686900a7f176aa31,Will the highest temperature in Amsterdam be 17°C on June 10?,highest-temperature-in-amsterdam-on-june-10-2026-17c,highest-temperature-in-amsterdam-on-june-10-2026,Yes,0,0xcbe551a61987164c33183edc3f1880c2e37c4ba88cd17bef72cbc5e7b7db1645,0xbddc2a7690BF600E347d5eb4A9C28f9F24E55d4f-1774968947489,Equal-Sun
1781051079,2026-06-10T00:24:39+00:00,TAKER,BUY,13.636362,0.2199999531,2.9999990004546224,114934366961112055899572239858585797843243904183779609041049839793287062485270,0xb4a5eabb96eb671d9cf2367881ccd2e6357cbf79751cc025b401dc16af5f5dbf,Will the highest temperature in Helsinki be 18°C on June 10?,highest-temperature-in-helsinki-on-june-10-2026-18c,highest-temperature-in-helsinki-on-june-10-2026,Yes,0,0xc866d153a4e80d98e556de254ad8801e617d44a4df1eee378352cf37c7cf3351,0xbddc2a7690BF600E347d5eb4A9C28f9F24E55d4f-1774968947489,Equal-Sun
1781051082,2026-06-10T00:24:42+00:00,TAKER,BUY,8.571427,0.3499999475,2.9999990000000825,110077334026979230637859674358450208944682679807916473841125155719928806951893,0x50df726dee1be67bb23aea63b7a3ad151211777659a1b5e6be2956cf27d59888,Will the highest temperature in Istanbul be 24°C on June 10?,highest-temperature-in-istanbul-on-june-10-2026-24c,highest-temperature-in-istanbul-on-june-10-2026,Yes,0,0x92057d6000df9f044040b133d44f79f68848a49f82c4ecb34ff74461e8744c23,0xbddc2a7690BF600E347d5eb4A9C28f9F24E55d4f-1774968947489,Equal-Sun
1781051085,2026-06-10T00:24:45+00:00,TAKER,BUY,7.142856,0.4199999272,2.9999990000000833,463931022304913648133097320209049689113270533450746532680878991428463605995,0x2e038340e5238116af18d3fdfb5c06f36323f6b57249983610c190d705067f00,Will the highest temperature in Kuala Lumpur be 32°C on June 10?,highest-temperature-in-kuala-lumpur-on-june-10-2026-32c,highest-temperature-in-kuala-lumpur-on-june-10-2026,Yes,0,0x41fc2662da7416eb7f78a2758c7e351cbf844e98463c8dfbdc70980510c06f40,0xbddc2a7690BF600E347d5eb4A9C28f9F24E55d4f-1774968947489,Equal-Sun
1781061910,2026-06-10T03:25:10+00:00,TAKER,BUY,6.382977,0.4699999702,2.9999989997872856,10791549740529170054666282210486003891817013443210501392057554161498823280244,0x69c5c1792db61731b0149fada70b97a339ddf4aeb55a2277106495c1e649a8f6,Will the highest temperature in Madrid be 33°C on June 11?,highest-temperature-in-madrid-on-june-11-2026-33c,highest-temperature-in-madrid-on-june-11-2026,Yes,0,0x4cdc39a63810e173feba1895dd71fa125c148cc777635ca051f95aa09a78c55a,0xbddc2a7690BF600E347d5eb4A9C28f9F24E55d4f-1774968947489,Equal-Sun
1781062870,2026-06-10T03:41:10+00:00,TAKER,BUY,5.263155,0.5699999335,2.9999980000001925,85478551490527038492361217533329264622362134609960039605922518967415047380834,0x6a694185804f3c922ee5fad44b745a5a2dff0351a1d51322c415d538fc6a4eb4,Will the highest temperature in Madrid be 31°C on June 10?,highest-temperature-in-madrid-on-june-10-2026-31c,highest-temperature-in-madrid-on-june-10-2026,Yes,0,0x5d1edb60e5b33e87d53a848deab8bb0c33d81083fe2bda87781e21ed581dace1,0xbddc2a7690BF600E347d5eb4A9C28f9F24E55d4f-1774968947489,Equal-Sun
1781062876,2026-06-10T03:41:16+00:00,TAKER,BUY,7.894735,0.379999962,2.99999900000007,83948063423245411403369546521213512577240638384834063473072765833180474721018,0xc7bbbdb257fc1bfb90ef574c5b10075757425aa94b2d7933dfcfe84fea32f87e,Will the highest temperature in Miami be between 86-87°F on June 10?,highest-temperature-in-miami-on-june-10-2026-86-87f,highest-temperature-in-miami-on-june-10-2026,Yes,0,0x15fad48e9f53654f3edadcf89b602c37d888b6277142283a0c3525ca96854941,0xbddc2a7690BF600E347d5eb4A9C28f9F24E55d4f-1774968947489,Equal-Sun
1781070132,2026-06-10T05:42:12+00:00,TAKER,BUY,13.304346,0.2254901519,2.9999990004701576,90103079979970103091910281346515364577405351533288677122274153351052191674512,0x04e5016b07e026d226e156d6904324c85e50436d6a30205440fe850aa3bd606e,Will the highest temperature in Amsterdam be 16°C on June 11?,highest-temperature-in-amsterdam-on-june-11-2026-16c,highest-temperature-in-amsterdam-on-june-11-2026,Yes,0,0x4e9f572333def5e9e3536d83bfa2e5ae86710e50c408a12b3d4bb2b1d86608bb,0xbddc2a7690BF600E347d5eb4A9C28f9F24E55d4f-1774968947489,Equal-Sun
1781071036,2026-06-10T05:57:16+00:00,TAKER,BUY,7.093022,0.4229507536,2.999999000201379,17908538541870227895400939977453411573406167280849141188863599165059009372633,0x162efff011a41c94eff1129b9a34193a2bc047e297b01243953fba4b356a6ae5,Will the highest temperature in Panama City be 32°C on June 10?,highest-temperature-in-panama-city-on-june-10-2026-32c,highest-temperature-in-panama-city-on-june-10-2026,Yes,0,0xcea38f9e19312962346e56d899bb15904741d4721c51493640c95240a46a64ed,0xbddc2a7690BF600E347d5eb4A9C28f9F24E55d4f-1774968947489,Equal-Sun
1781071039,2026-06-10T05:57:19+00:00,TAKER,BUY,8.784209,0.3415218149,2.9999990001409143,29657805612374599038189144980409826692358494720578423994317362762129746972420,0x73d2b0d7a986dab8965cdd97d87fe11d539ff4e5969e7c0386fc8a37fcfa59e2,Will the highest temperature in Panama City be 32°C on June 11?,highest-temperature-in-panama-city-on-june-11-2026-32c,highest-temperature-in-panama-city-on-june-11-2026,Yes,0,0xd12a105fd92470359eb1b7a86993f6bdc11fe715ca7a96425b4d65a6f5045d09,0xbddc2a7690BF600E347d5eb4A9C28f9F24E55d4f-1774968947489,Equal-Sun
1781071942,2026-06-10T06:12:22+00:00,TAKER,BUY,6.976743,0.4299999298,2.9999990002326413,92541422580371347950393598006004522212215202891302315922554405512010975067832,0x90c0beee5854d894187b16cc655b73f5fadb76d59add0e4871cff17e627a8b3e,Will the highest temperature in Buenos Aires be 17°C on June 11?,highest-temperature-in-buenos-aires-on-june-11-2026-17c,highest-temperature-in-buenos-aires-on-june-11-2026,Yes,0,0x38c6b135ed7104e8c98b9d49697b21a3f1f09b4aca0787c54fc7bbe71f25702a,0xbddc2a7690BF600E347d5eb4A9C28f9F24E55d4f-1774968947489,Equal-Sun
1781073780,2026-06-10T06:43:00+00:00,TAKER,BUY,7.67425,0.3909176793,3.0000000003680247,48814935656542223339662793465250207270943432780087194537797376411004784716874,0x328cd4ff626946f50c31efbdead5e9b37b769cec49f673055381b0a777ab84f9,Will the highest temperature in Tel Aviv be 29°C on June 11?,highest-temperature-in-tel-aviv-on-june-11-2026-29c,highest-temperature-in-tel-aviv-on-june-11-2026,Yes,0,0x6bb7a3333497cc58b2293986b4a66b5e0a22018056269042c4278ce92a31067f,0xbddc2a7690BF600E347d5eb4A9C28f9F24E55d4f-1774968947489,Equal-Sun
1781074690,2026-06-10T06:58:10+00:00,TAKER,BUY,4.838707,0.6199999297,2.999997999838898,41527272973612373922104863828189096274077805737756807017650003041718355144575,0x15e815b52dc197566fde15b193ad5c939db9434e40358ad61752b4a920f4cb53,Will the highest temperature in Austin be between 92-93°F on June 10?,highest-temperature-in-austin-on-june-10-2026-92-93f,highest-temperature-in-austin-on-june-10-2026,Yes,0,0x2d88ecfa879a316f86db41b8f738e036ba52eb0a49c92221d6408983aca10047,0xbddc2a7690BF600E347d5eb4A9C28f9F24E55d4f-1774968947489,Equal-Sun
1781074695,2026-06-10T06:58:15+00:00,TAKER,BUY,16.81363,0.1784266098,2.999998999331574,102949272085258267347497483176173689727129956902274457487897572904964296530227,0x522dde95c7ed244415c92f2d6791800a287e11449d2e70f73ba5ade5745df839,Will the highest temperature in Chicago be between 94-95°F on June 10?,highest-temperature-in-chicago-on-june-10-2026-94-95f,highest-temperature-in-chicago-on-june-10-2026,Yes,0,0x88f835e9bfd2d804e1e3844f88854e7845fed205dd35881c3a22d2831aa80e50,0xbddc2a7690BF600E347d5eb4A9C28f9F24E55d4f-1774968947489,Equal-Sun
1781074698,2026-06-10T06:58:18+00:00,TAKER,BUY,5.769229,0.5199999861,2.999998999807717,35840003078175415172952466923381701370180725606702459395021065410904417262346,0xbb879d9d65f44323b0a0eb97def9a2aeb3dfb66cae24a21f2e20e6774550a183,Will the highest temperature in Houston be between 90-91°F on June 10?,highest-temperature-in-houston-on-june-10-2026-90-91f,highest-temperature-in-houston-on-june-10-2026,Yes,0,0x6a004052859c7f5d2a84645facf63205359cd08445013e4b695167e8bae0b603,0xbddc2a7690BF600E347d5eb4A9C28f9F24E55d4f-1774968947489,Equal-Sun
1781077435,2026-06-10T07:43:55+00:00,TAKER,BUY,5.172411,0.5799999265,2.9999979998277917,106713285235218285761294461738608165842860635472073644475965981038130789974012,0x4160d7fcbbf7c5dad170236dbb4c32903fd9fe5ca74a6a0ab9f8b7b0e265fcde,Will the highest temperature in Karachi be 37°C on June 10?,highest-temperature-in-karachi-on-june-10-2026-37c,highest-temperature-in-karachi-on-june-10-2026,Yes,0,0x510e5fa22af374fe759994a8fea6dc02b864611e00f16ae6f01df706dc7b257e,0xbddc2a7690BF600E347d5eb4A9C28f9F24E55d4f-1774968947489,Equal-Sun
1781077437,2026-06-10T07:43:57+00:00,TAKER,BUY,10,0.3,3.0,4856320357782069917658463091000217688178897264698837150309961316794487938114,0x2d72382a27a49c82b7e4ed32818dd9c69d0d4a9cec29d7bb0fc890908a402b7c,Will the highest temperature in Karachi be 40°C on June 11?,highest-temperature-in-karachi-on-june-11-2026-40c,highest-temperature-in-karachi-on-june-11-2026,Yes,0,0xee7c94f27896a8d19ee41df2edbf922124b591da8eba8bf7a899b597c4d8cb8f,0xbddc2a7690BF600E347d5eb4A9C28f9F24E55d4f-1774968947489,Equal-Sun
1781077440,2026-06-10T07:44:00+00:00,TAKER,BUY,10.689654,0.2806450985,2.9999989997609195,112718531564557426263152850193805218349366527107161195761926766559555875307883,0x7ebdd57908fb12fd43fcfff459f7b58dd7ea538f332d0d2f6f9ebf2286a9793c,Will the highest temperature in Los Angeles be between 76-77°F on June 10?,highest-temperature-in-los-angeles-on-june-10-2026-76-77f,highest-temperature-in-los-angeles-on-june-10-2026,Yes,0,0x5ef9d7a9527a9c0d01ae025e1cbd03b3fcad36f56e403b4da05cabec934cd3fd,0xbddc2a7690BF600E347d5eb4A9C28f9F24E55d4f-1774968947489,Equal-Sun
1781077441,2026-06-10T07:44:01+00:00,TAKER,BUY,6.382977,0.4699999702,2.9999989997872856,83861199029795849996879039321892049114757667725757693956769864897782039062871,0x8a2d70bf2a3cf90f0df6e52657da1d599968b8531d03fcdca96f715d6834cf14,Will the highest temperature in Miami be between 88-89°F on June 11?,highest-temperature-in-miami-on-june-11-2026-88-89f,highest-temperature-in-miami-on-june-11-2026,Yes,0,0x34b9c0191f19ae011dda6334b8d411f2e086d565d39d0d6810a68a4bcdf4c5b7,0xbddc2a7690BF600E347d5eb4A9C28f9F24E55d4f-1774968947489,Equal-Sun
1781082018,2026-06-10T09:00:18+00:00,TAKER,BUY,6,0.5,3.0,98501593510694847536116709308432024548321027083928305414695035042817247508238,0x48a29c254c576b92e92b35778bdc4e1b51695c1907a648b962291584223a0ab7,Will the highest temperature in Seattle be between 64-65°F on June 10?,highest-temperature-in-seattle-on-june-10-2026-64-65f,highest-temperature-in-seattle-on-june-10-2026,Yes,0,0x836298cad8d8e6fe7ebfa6429693f3c14a0a5572c1a91674f93d073bf9f6fc30,0xbddc2a7690BF600E347d5eb4A9C28f9F24E55d4f-1774968947489,Equal-Sun
1781084773,2026-06-10T09:46:13+00:00,TAKER,BUY,16.666665,0.179999958,2.9999990000000696,27271895456713824426410449253357507773710863660563459812992166308778035101542,0xbbd7b6b53fdfa7e7792ee50668a7446a76fd12ba77fe6f3e04a92195a06e1e1b,Will the highest temperature in Seattle be between 68-69°F on June 11?,highest-temperature-in-seattle-on-june-11-2026-68-69f,highest-temperature-in-seattle-on-june-11-2026,Yes,0,0x6e28aad0908d6188b5901a61bfc89c703f303318907f8c2865f2ff5e4eefd97e,0xbddc2a7690BF600E347d5eb4A9C28f9F24E55d4f-1774968947489,Equal-Sun
1781086573,2026-06-10T10:16:13+00:00,TAKER,BUY,9.088234,0.3300970244,2.9999990004509094,42713787728341025344771964782015980005076280092907998494928134050526627698804,0xb164c69682478c97de7fdafafa32265d3172246bce77dda66beef571f7297293,Will the highest temperature in Kuala Lumpur be 32°C on June 11?,highest-temperature-in-kuala-lumpur-on-june-11-2026-32c,highest-temperature-in-kuala-lumpur-on-june-11-2026,Yes,0,0xcc56ea736ee00894dff215169f1ee125f87b874250e5ec0ee97366dcea42cede,0xbddc2a7690BF600E347d5eb4A9C28f9F24E55d4f-1774968947489,Equal-Sun
1781092933,2026-06-10T12:02:13+00:00,TAKER,BUY,6.122447,0.4899999951,2.9999990000000096,41096564719755004832588898169417010066458294307028277166173887047931582091110,0xab08ef245124b1fad37223325fd71817148ea8723ac5c0bb9cc61965ab4d6fd0,Will the highest temperature in Houston be between 90-91°F on June 11?,highest-temperature-in-houston-on-june-11-2026-90-91f,highest-temperature-in-houston-on-june-11-2026,Yes,0,0x700b664af1e04b9e5bc4c53a1499bafbbf7473857f9d84233028721f3958945b,0xbddc2a7690BF600E347d5eb4A9C28f9F24E55d4f-1774968947489,Equal-Sun
1781104731,2026-06-10T15:18:51+00:00,TAKER,BUY,10.344826,0.2899999478,2.9999990000000825,10015212870736705563717733297672400993027349783046175628649354870325932370095,0xa4887d8bd2cff95896c326813956b59c055a629090580852507acdacb79333a3,Will the highest temperature in Qingdao be 31°C or higher on June 11?,highest-temperature-in-qingdao-on-june-11-2026-31corhigher,highest-temperature-in-qingdao-on-june-11-2026,Yes,0,0x4115286c43257b0c5263aabdd693b86edb997688e17012544adcee18011e08b3,0xbddc2a7690BF600E347d5eb4A9C28f9F24E55d4f-1774968947489,Equal-Sun
1781104734,2026-06-10T15:18:54+00:00,TAKER,BUY,10.714284,0.2799999515,2.999999000357226,101914160828532641529052118447523262961243941957290372010661013113410065169215,0x657ad6171d4b8cd17403f50da4599d1773ab324fd0a2d106b16edea09777c9d7,Will the highest temperature in Wellington be 13°C on June 11?,highest-temperature-in-wellington-on-june-11-2026-13c,highest-temperature-in-wellington-on-june-11-2026,Yes,0,0x8e90de5966f833f78ef03ba2a7fdc46d9b5d265d83e98711a1dd62027c638f51,0xbddc2a7690BF600E347d5eb4A9C28f9F24E55d4f-1774968947489,Equal-Sun
1781126590,2026-06-10T21:23:10+00:00,TAKER,BUY,15,0.2,3.0,40482178001751174359594964262614540588562093360129564388742745755997049568117,0xcce52b0e4f38dba23a491e1f367adce8c93a30615543b833c1bb4389ef7064b4,Will the highest temperature in Los Angeles be between 76-77°F on June 11?,highest-temperature-in-los-angeles-on-june-11-2026-76-77f,highest-temperature-in-los-angeles-on-june-11-2026,Yes,0,0x1475deb39ed7a8f2e43ccf89649e6da151cbaf7b644ccaafa31f2a482f4ab6fc,0xbddc2a7690BF600E347d5eb4A9C28f9F24E55d4f-1774968947489,Equal-Sun
1781137483,2026-06-11T00:24:43+00:00,TAKER,BUY,7.142856,0.4199999272,2.9999990000000833,76196328031647591727734875584900420327045938477882994060423576396584586300203,0x7907bc8305c845f5ec48f3bd1f9fc432a3da494245c33a0ff332d6b4373c186f,Will the highest temperature in Tel Aviv be 29°C on June 12?,highest-temperature-in-tel-aviv-on-june-12-2026-29c,highest-temperature-in-tel-aviv-on-june-12-2026,Yes,0,0x5a8c33e6b261f203b3c7da0138d71c84ddd049e3e9e4069b8ca7053e0864c254,0xbddc2a7690BF600E347d5eb4A9C28f9F24E55d4f-1774968947489,Equal-Sun
1781137486,2026-06-11T00:24:46+00:00,TAKER,BUY,5.660376,0.5299999505,2.9999989998113885,70880053800955184038525245836667088886347756720586486292409172257902298752628,0xc88022e717b9faf1c4a510dd88d1ae905e93457dfa123cd2e5b8729315440132,Will the highest temperature in Busan be 28°C on June 11?,highest-temperature-in-busan-on-june-11-2026-28c,highest-temperature-in-busan-on-june-11-2026,Yes,0,0x1fbac8a78ea311b7cbe4ca2078d79c2fd6df9aff19b693ec885f5edaedc52539,0xbddc2a7690BF600E347d5eb4A9C28f9F24E55d4f-1774968947489,Equal-Sun
1781137489,2026-06-11T00:24:49+00:00,TAKER,BUY,8.571427,0.3499999475,2.9999990000000825,26145810377008513888694892518073043752651406626334813679509010394499957847944,0x8a35d071d041e87ffca4d25cba60b6982d3dd248d5e8776d11bc1c98deae4ee1,Will the highest temperature in Lucknow be 36°C on June 11?,highest-temperature-in-lucknow-on-june-11-2026-36c,highest-temperature-in-lucknow-on-june-11-2026,Yes,0,0x7ed097cf238405ec5e0562366e1e553f4909789a821c585319a9f6514ecd7142,0xbddc2a7690BF600E347d5eb4A9C28f9F24E55d4f-1774968947489,Equal-Sun
1781137492,2026-06-11T00:24:52+00:00,TAKER,BUY,10.344826,0.2899999478,2.9999990000000825,39076714379488842446591472934850928715958991458819080441335489570556880632802,0xd63e43e5a2cbe5cfe26232b0756e4587bc54b061bd527a9cbec0261df71a35f4,Will the highest temperature in Lucknow be 35°C on June 12?,highest-temperature-in-lucknow-on-june-12-2026-35c,highest-temperature-in-lucknow-on-june-12-2026,Yes,0,0xa4659f9aa2d547c692b88e4d02874ca5e65cbdee895d909b0865f888a41e191d,0xbddc2a7690BF600E347d5eb4A9C28f9F24E55d4f-1774968947489,Equal-Sun
1781159316,2026-06-11T06:28:36+00:00,TAKER,BUY,7.159089,0.4190475911,2.999998999920508,7572968106577168626975634342476920435051545374947519223295807503906887989957,0x14d4baf3f59d68ec769f0aad714d40bbe2eb4591ceb83a8090e555f8f9044fb7,Will the highest temperature in Buenos Aires be 16°C on June 12?,highest-temperature-in-buenos-aires-on-june-12-2026-16c,highest-temperature-in-buenos-aires-on-june-12-2026,Yes,0,0x909ee2424ee51084caf37cf7590e7430c43f86d3cfe013d79deb50d0c6558698,0xbddc2a7690BF600E347d5eb4A9C28f9F24E55d4f-1774968947489,Equal-Sun
1781185731,2026-06-11T13:48:51+00:00,TAKER,BUY,6.81818,0.4399999707,2.999999000227326,81974659172389342569684383811385451692244070299007472656091866634244398162582,0xaf0b6a074b7723ffa36d2887af566561384b8660bcd608c00a8cf7331c328a05,Will the highest temperature in Milan be 27°C on June 12?,highest-temperature-in-milan-on-june-12-2026-27c,highest-temperature-in-milan-on-june-12-2026,Yes,0,0x103051fedc3e48ad41a1fa1fb688f1c3afa75b8514d62461b32d36953b4727a1,0xbddc2a7690BF600E347d5eb4A9C28f9F24E55d4f-1774968947489,Equal-Sun
1781185735,2026-06-11T13:48:55+00:00,TAKER,BUY,6.954544,0.4313724955,2.9999990003445522,86168942384514246158343893505380699164036680488336037826387137394818662749374,0xe4b3e6ad6ff60a435a41635fc39d3c8f9c2ebdcaf43f935a61d9416b8b56d72e,Will the highest temperature in Qingdao be 32°C or higher on June 12?,highest-temperature-in-qingdao-on-june-12-2026-32corhigher,highest-temperature-in-qingdao-on-june-12-2026,Yes,0,0x88935cce11d7b19d74a68db287b2ae0fa1e7f919657148ffff7c03bced8eec11,0xbddc2a7690BF600E347d5eb4A9C28f9F24E55d4f-1774968947489,Equal-Sun
1781191239,2026-06-11T15:20:39+00:00,TAKER,BUY,17.857141,0.2799999731,4.999998999642907,27541630738794260680713323033393586370247896876770926056373177217940058740107,0x07681ea341dae67400b9c760005e8c4e1bbbbd12cbd290aed25373282005d17d,Will the highest temperature in Karachi be 36°C on June 12?,highest-temperature-in-karachi-on-june-12-2026-36c,highest-temperature-in-karachi-on-june-12-2026,Yes,0,0xd60a96aaa0c2ff536fb724454fecc87751f6dcd22324f0f40e00153c28084ae0,0xbddc2a7690BF600E347d5eb4A9C28f9F24E55d4f-1774968947489,Equal-Sun
1781193019,2026-06-11T15:50:19+00:00,TAKER,BUY,10.714284,0.2799999515,2.999999000357226,25870604515582060871439855171782466024547836858442911146352519124094393547047,0xd1a836b847cc4dcfa72a78a23dc63151b3631e66fe30be822428e2835208055b,Will the highest temperature in Houston be between 92-93°F on June 12?,highest-temperature-in-houston-on-june-12-2026-92-93f,highest-temperature-in-houston-on-june-12-2026,Yes,0,0x5adc6ef0b52372670cdf4265bb853ffe86a89eb6c938b8db95f7e769f07687ac,0xbddc2a7690BF600E347d5eb4A9C28f9F24E55d4f-1774968947489,Equal-Sun
1781204898,2026-06-11T19:08:18+00:00,TAKER,BUY,7.5,0.4,3.0,28903811612885630511877699041844261864011086001976786757633208320416981585905,0x015876b7cd6e12f475fe108077cf58276a49958d97436c666f9e61fa876aa89e,Will the highest temperature in Miami be between 90-91°F on June 12?,highest-temperature-in-miami-on-june-12-2026-90-91f,highest-temperature-in-miami-on-june-12-2026,Yes,0,0xfe8154125cb8989eab3ea15d2a847f1cb4e2783c3adceeeeddd0c993ffd67ea4,0xbddc2a7690BF600E347d5eb4A9C28f9F24E55d4f-1774968947489,Equal-Sun
1781217711,2026-06-11T22:41:51+00:00,TAKER,BUY,6.25,0.48,3.0,6531510720624032784469035203875349080717753547964193792812213686052193310452,0xa1cbb3744cb937cf97b66f228dcfd2c2b56a3d9467be9b9c62854f2534fc3e98,Will the highest temperature in Tel Aviv be 29°C on June 13?,highest-temperature-in-tel-aviv-on-june-13-2026-29c,highest-temperature-in-tel-aviv-on-june-13-2026,Yes,0,0x860a880473d47ac0fdc51cf610e2ac91f751c9704c5576120bc365eecad5e93e,0xbddc2a7690BF600E347d5eb4A9C28f9F24E55d4f-1774968947489,Equal-Sun
1781223229,2026-06-12T00:13:49+00:00,TAKER,BUY,7.317072,0.4099999289,2.9999989997561807,53573235430155055576671301819925204200642868609414783378351741476496014538508,0xb35d3cfaabb5efd1e5b6da0bc76f4a1df7d0cffdd01fbcf803e6266fcb803929,Will the highest temperature in Manila be 33°C on June 12?,highest-temperature-in-manila-on-june-12-2026-33c,highest-temperature-in-manila-on-june-12-2026,Yes,0,0x8094cd268c9ebb946ab4ada692b0069980ffe2907f421b06a2f8ebb2c8f54bde,0xbddc2a7690BF600E347d5eb4A9C28f9F24E55d4f-1774968947489,Equal-Sun
1781223232,2026-06-12T00:13:52+00:00,TAKER,BUY,9.375,0.32,3.0,53660124970125350282601576182142760758342193903942342723375185712226959490118,0x9510be65bcac07b706bcfbfbf9a00f9102cb0f4e0b7a8e1f0b7e2ddb1dc34bee,Will the highest temperature in Amsterdam be 18°C on June 12?,highest-temperature-in-amsterdam-on-june-12-2026-18c,highest-temperature-in-amsterdam-on-june-12-2026,Yes,0,0x1e475445b0c8bf162fb8cd93d528cf1c77c9f4eca3edf9283123fbe9705cf779,0xbddc2a7690BF600E347d5eb4A9C28f9F24E55d4f-1774968947489,Equal-Sun
1781223235,2026-06-12T00:13:55+00:00,TAKER,BUY,6.25,0.48,3.0,58543170533257393281377324626521969678737061437155715520640584260095209291473,0x7076ee470bc40d67dbb5bfb1435c5928cef604f9ebbcaa67a9b287fd96404c02,Will the highest temperature in Istanbul be 24°C on June 12?,highest-temperature-in-istanbul-on-june-12-2026-24c,highest-temperature-in-istanbul-on-june-12-2026,Yes,0,0x98a586976f65b3498a24103c3420ad0409c96ac0fb84b2b88ed514a7e792fac3,0xbddc2a7690BF600E347d5eb4A9C28f9F24E55d4f-1774968947489,Equal-Sun
1781225950,2026-06-12T00:59:10+00:00,TAKER,BUY,7.310713,0.4103565548,2.9999989998115724,65063756868390619980795125007273436195302441952563852058356284851479144337321,0x3d055ac3ab1dbbb658f453d2c80c0eeed80f1dcfe5bfcc337c5f4d13f1fbdda8,Will the highest temperature in Lucknow be 36°C on June 13?,highest-temperature-in-lucknow-on-june-13-2026-36c,highest-temperature-in-lucknow-on-june-13-2026,Yes,0,0x0164ec00d1dc4d8e91a1d8aca6f8c8cc2e49e36be8bcd05a61e370f8a88aa3fe,0xbddc2a7690BF600E347d5eb4A9C28f9F24E55d4f-1774968947489,Equal-Sun
1781225953,2026-06-12T00:59:13+00:00,TAKER,BUY,7.5,0.4,3.0,112809485572179290951415086315095429018109396360538262717953569604002551996786,0x41d340916423506e66ef449449a005d57b40883eae07851cdf90de0639f7a9bc,Will the highest temperature in Wellington be 14°C on June 13?,highest-temperature-in-wellington-on-june-13-2026-14c,highest-temperature-in-wellington-on-june-13-2026,Yes,0,0x5bc0756141885ac691d146fe98cadb4ce3be5e055af3ed17bd57d31e762ed086,0xbddc2a7690BF600E347d5eb4A9C28f9F24E55d4f-1774968947489,Equal-Sun
1781226855,2026-06-12T01:14:15+00:00,TAKER,BUY,7.658779,0.391707216,2.999999000049264,89931974352692735483496081493823619632487026483881704036311644124554708969822,0xad2290dd4741c95add4b7e55e15c17d4772e1068333698582a3ea6d89e2b0a5a,Will the highest temperature in Manila be 33°C on June 13?,highest-temperature-in-manila-on-june-13-2026-33c,highest-temperature-in-manila-on-june-13-2026,Yes,0,0x0ba5b012edd0e20bd8fca783b5f828044dbaa26fa09f0e220e42de73b6d989bc,0xbddc2a7690BF600E347d5eb4A9C28f9F24E55d4f-1774968947489,Equal-Sun
1781229558,2026-06-12T01:59:18+00:00,TAKER,BUY,5.882351,0.5099999983,2.999999000000003,73379183445485010575011185914735748878981023283233487193495891982079645946563,0x87938fcef10a6ca01b53fbf7e22f3c1c329c95db8eb41ab82a7c5c346b35cb22,Will the highest temperature in Panama City be 34°C on June 12?,highest-temperature-in-panama-city-on-june-12-2026-34c,highest-temperature-in-panama-city-on-june-12-2026,Yes,0,0xc3f5c4dc3cac19d131aa980736c3018e05328a222181d6fbd4d41787c918dce2,0xbddc2a7690BF600E347d5eb4A9C28f9F24E55d4f-1774968947489,Equal-Sun
1781235070,2026-06-12T03:31:10+00:00,TAKER,BUY,9.375,0.32,3.0,35655431532011499512052280577777695120026505009079441191735565046040084929658,0x95f9cc66914b3966b6490614e048ea4876d61b8900b01f9348603cb9b45f4a81,Will the highest temperature in Hong Kong be 29°C on June 12?,highest-temperature-in-hong-kong-on-june-12-2026-29c,highest-temperature-in-hong-kong-on-june-12-2026,Yes,0,0xf56dac1bb2c40c5d099fc83bd62dbfb002224017b82232f731bd797a8d42d513,0xbddc2a7690BF600E347d5eb4A9C28f9F24E55d4f-1774968947489,Equal-Sun
1781248663,2026-06-12T07:17:43+00:00,TAKER,BUY,4.91803,0.609999939,2.9999980000001703,23668062868121982051324211939352581353762038191761797470179638074896821929109,0x3f01b0f0f990e0b1c830d8226427b9189a2eb34034ce7a5ba84c31a43d8a17f1,Will the highest temperature in Atlanta be between 92-93°F on June 12?,highest-temperature-in-atlanta-on-june-12-2026-92-93f,highest-temperature-in-atlanta-on-june-12-2026,Yes,0,0x1ba768fac18aeb94cdef7b11ba1cf7530bf13276636ef170caef3737a3f5223e,0xbddc2a7690BF600E347d5eb4A9C28f9F24E55d4f-1774968947489,Equal-Sun
1781254081,2026-06-12T08:48:01+00:00,TAKER,BUY,8.108107,0.3699999272,2.9999989997298107,24942646925423160669157757520093764242200181201055048683046701060577491727763,0xbe92de8b4d12b3b51a956c34ec2edfc8892ef95dadda8f3154366f9c81e19ebd,Will the highest temperature in Istanbul be 20°C on June 13?,highest-temperature-in-istanbul-on-june-13-2026-20c,highest-temperature-in-istanbul-on-june-13-2026,Yes,0,0x318ba336f9dbfeda3acf8797d06c1031063f574422a9baf5ed84d3903773ab26,0xbddc2a7690BF600E347d5eb4A9C28f9F24E55d4f-1774968947489,Equal-Sun
1781290176,2026-06-12T18:49:36+00:00,TAKER,BUY,7.317072,0.4099999289,2.9999989997561807,63620084069098615219441846546876532858385430333418463576830765225406404729814,0xe66b8a9b50ac8ef8db2205fb7b2be37ee7e9709f5657a533d3f99d4a15ca91c3,Will the highest temperature in Miami be between 90-91°F on June 13?,highest-temperature-in-miami-on-june-13-2026-90-91f,highest-temperature-in-miami-on-june-13-2026,Yes,0,0xf6020845ec630be2d51a372df1c567d6b855c69eae502daf78dac56fe2b28abf,0xbddc2a7690BF600E347d5eb4A9C28f9F24E55d4f-1774968947489,Equal-Sun
1781291979,2026-06-12T19:19:39+00:00,TAKER,BUY,10.344826,0.2899999478,2.9999990000000825,80743114622873421252224569980586854105350369358001174441490535239660206975634,0xe002ed384dc40810797eb8c00c22e2542e90fbb88a3f41bc2a0708040ca1b9e1,Will the highest temperature in Atlanta be between 90-91°F on June 13?,highest-temperature-in-atlanta-on-june-13-2026-90-91f,highest-temperature-in-atlanta-on-june-13-2026,Yes,0,0xcdc0a781f8e0dac3cc3f77cf884380210d104556c71b11af4a577f465478d5d3,0xbddc2a7690BF600E347d5eb4A9C28f9F24E55d4f-1774968947489,Equal-Sun
1781298304,2026-06-12T21:05:04+00:00,TAKER,BUY,6.25,0.48,3.0,29472066931431546275504985926518286436641195314903465841012409124512643988086,0xf16406089d9c5470b189a457a928ed040fb8e26bf88b278bcbea1557ad4578a6,Will the highest temperature in Cape Town be 17°C on June 13?,highest-temperature-in-cape-town-on-june-13-2026-17c,highest-temperature-in-cape-town-on-june-13-2026,Yes,0,0x95966e52a334d2ae2f0b623490c656d3fdb1067f5a8c6dbfa9f9f5e1172b6b39,0xbddc2a7690BF600E347d5eb4A9C28f9F24E55d4f-1774968947489,Equal-Sun
1781298310,2026-06-12T21:05:10+00:00,TAKER,BUY,7.692306,0.3899999558,2.999999000000075,69379413587362705613899512119457725006640573869548256418465119536315741198809,0x80be7d1fa7fcf2d7ac1163e486068cc16b495628768ae86b915cf4eac4476006,Will the highest temperature in Warsaw be 20°C on June 13?,highest-temperature-in-warsaw-on-june-13-2026-20c,highest-temperature-in-warsaw-on-june-13-2026,Yes,0,0x420e69cdce191d3b6eb0470bc3beffab1590233d5e07bfc6339e6be8f320ade0,0xbddc2a7690BF600E347d5eb4A9C28f9F24E55d4f-1774968947489,Equal-Sun
1781306428,2026-06-12T23:20:28+00:00,TAKER,BUY,5.263155,0.5699999335,2.9999980000001925,64595116048827313436054002774254253085505815273371863018946064674060821167091,0x9f5a931e1dfe56433dc174fc5465fcaece9ccbcd4570fc97d608b93ebfa15855,Will the highest temperature in Madrid be 34°C on June 13?,highest-temperature-in-madrid-on-june-13-2026-34c,highest-temperature-in-madrid-on-june-13-2026,Yes,0,0x49ddf171bf375fae6e0f891770d47cfb3ebef661719e33a6b9a3501026fb74c2,0xbddc2a7690BF600E347d5eb4A9C28f9F24E55d4f-1774968947489,Equal-Sun
1781308240,2026-06-12T23:50:40+00:00,TAKER,BUY,9.643125,0.3111024694,3.000000000232875,63621196429128686031482358596906744925456465438046477884761462130445627963700,0x8f822a6109a4f7226e953408ccb3ec501fe74623c9c0529471b178cf17bd76a1,Will the highest temperature in Houston be between 92-93°F on June 13?,highest-temperature-in-houston-on-june-13-2026-92-93f,highest-temperature-in-houston-on-june-13-2026,Yes,0,0x5350db872c0e415ea47b89d56d350ff525250fb647b5011181b1a028ee9be9d3,0xbddc2a7690BF600E347d5eb4A9C28f9F24E55d4f-1774968947489,Equal-Sun
1781310949,2026-06-13T00:35:49+00:00,TAKER,BUY,19.480518,0.1539999604,2.999999000571487,61258443030097691170620779409137182061416333274496522822984374189105167722313,0xf4ccb0cb8adc5fb7778f456844fd64431941fc5ce6b1d205e8807a530eb5427a,Will the highest temperature in Warsaw be 22°C or higher on June 13?,highest-temperature-in-warsaw-on-june-13-2026-22corhigher,highest-temperature-in-warsaw-on-june-13-2026,Yes,0,0x3c91e48383a3de17bd6253714b47379c5538dbbe9474d9453bc7b73d8e2d245b,0xbddc2a7690BF600E347d5eb4A9C28f9F24E55d4f-1774968947489,Equal-Sun
1781314557,2026-06-13T01:35:57+00:00,TAKER,BUY,5.769229,0.5199999861,2.999998999807717,17016886548276424581218065073275951057517896195252939602232382786727448496145,0x819443a3578e6a5030ae4ba257dbfee5bebf6e3e8c500b742126768c6b96a6b0,Will the highest temperature in Amsterdam be 17°C on June 13?,highest-temperature-in-amsterdam-on-june-13-2026-17c,highest-temperature-in-amsterdam-on-june-13-2026,Yes,0,0x5971300a30e73051d27f3c7bf47d5c37ab079323bf402c8cb79bfbfdddf44c11,0xbddc2a7690BF600E347d5eb4A9C28f9F24E55d4f-1774968947489,Equal-Sun
1781317269,2026-06-13T02:21:09+00:00,TAKER,BUY,10,0.3,3.0,69886454750705957200874524717693816490006350840058653430213017122349739709425,0xe76a614072b611d4b938bf2a81c6a4123778f9d8e3e3ba2c013c0f1721518a5f,Will the highest temperature in Buenos Aires be 15°C on June 13?,highest-temperature-in-buenos-aires-on-june-13-2026-15c,highest-temperature-in-buenos-aires-on-june-13-2026,Yes,0,0x74820b56b99b19747899d3a0e7636b22171f56cd31b39b60b1451858dd9c105c,0xbddc2a7690BF600E347d5eb4A9C28f9F24E55d4f-1774968947489,Equal-Sun
1781319075,2026-06-13T02:51:15+00:00,TAKER,BUY,7.5,0.4,3.0,53678148207287125139584946014675840409948602806249828683381538508233625497938,0x3907f796bccbed05d707d5e9cf5f8fc6bff632391693482c76b3e0883f9bab49,Will the highest temperature in Miami be between 88-89°F on June 13?,highest-temperature-in-miami-on-june-13-2026-88-89f,highest-temperature-in-miami-on-june-13-2026,Yes,0,0x0594c86f34f2ba1d40b3e4a89baf24913864f3534c07b677b9cc056b7a365205,0xbddc2a7690BF600E347d5eb4A9C28f9F24E55d4f-1774968947489,Equal-Sun
1781320879,2026-06-13T03:21:19+00:00,TAKER,BUY,8.108107,0.3699999272,2.9999989997298107,93518338799029672095189164084478480467391043764854908886120392651897508791132,0x8462854073694b2beaa186fc1c83f0fda21586d07ee5d89825d61c7b2f274e21,Will the highest temperature in Madrid be 35°C on June 13?,highest-temperature-in-madrid-on-june-13-2026-35c,highest-temperature-in-madrid-on-june-13-2026,Yes,0,0xdae8dad99654eb5748dcf6306b4f60e3d822db1e22369680eb6f9a6ade922134,0xbddc2a7690BF600E347d5eb4A9C28f9F24E55d4f-1774968947489,Equal-Sun
1781335329,2026-06-13T07:22:09+00:00,TAKER,BUY,15.789472,0.1899999569,2.999998999473757,111232292360065866461027043897646331700591809289060905546697060274783306735677,0xeb325ab80745a5efc6f182de751f9f40d3093736bc35cc3ed7a2c617e96f6537,Will the highest temperature in Atlanta be between 94-95°F on June 13?,highest-temperature-in-atlanta-on-june-13-2026-94-95f,highest-temperature-in-atlanta-on-june-13-2026,Yes,0,0x06a54dc75df9b82ab14fe89ee8c1b8c1f8f07aa84492afd8f3c2b37a79571416,0xbddc2a7690BF600E347d5eb4A9C28f9F24E55d4f-1774968947489,Equal-Sun
1781337133,2026-06-13T07:52:13+00:00,TAKER,BUY,9.192726,0.3263448731,2.9999989999130707,108741605248945293797364215409932856096431174436040935571557861113877381367133,0x36ce10efc6d2e6fe838739a5215c1e4ee554b212eb603b2e6b6b4ca8e9e73ee7,Will the highest temperature in Karachi be 34°C on June 14?,highest-temperature-in-karachi-on-june-14-2026-34c,highest-temperature-in-karachi-on-june-14-2026,Yes,0,0x6bedb791146b760739f6007e504b4e99741dc5c0538c39c4c4847ffc0ee9c5c5,0xbddc2a7690BF600E347d5eb4A9C28f9F24E55d4f-1774968947489,Equal-Sun
1781337136,2026-06-13T07:52:16+00:00,TAKER,BUY,7.142856,0.4199999272,2.9999990000000833,83975692214205865192307206612526894547904868753832847630713525309986743523433,0x94a8779844aed452dc1b22611ee2b8f7ac37af3b3c7fd64d16c2976bc618de31,Will the highest temperature in Tel Aviv be 29°C on June 14?,highest-temperature-in-tel-aviv-on-june-14-2026-29c,highest-temperature-in-tel-aviv-on-june-14-2026,Yes,0,0x86b64aaaedd1a2af2057fb91ef408c63db776e338904ea534585f433ea299f6c,0xbddc2a7690BF600E347d5eb4A9C28f9F24E55d4f-1774968947489,Equal-Sun
1781358813,2026-06-13T13:53:33+00:00,TAKER,BUY,13.888887,0.359999977,4.9999990005556,17628693009508776606068172213733948611314293681843216186049789766761665656307,0x96ffe09547f9a145f662c4593071f1205d25a3c9089bec4a74b7d9245213b112,Will the highest temperature in Milan be 31°C on June 14?,highest-temperature-in-milan-on-june-14-2026-31c,highest-temperature-in-milan-on-june-14-2026,Yes,0,0x2158609ccb66b9a3028fe9f669d0c8b768f357a7877d01d892885d02d0b78dae,0xbddc2a7690BF600E347d5eb4A9C28f9F24E55d4f-1774968947489,Equal-Sun
1781361408,2026-06-13T14:36:48+00:00,TAKER,BUY,27.777776,0.359999987,9.999998998888913,17628693009508776606068172213733948611314293681843216186049789766761665656307,0x96ffe09547f9a145f662c4593071f1205d25a3c9089bec4a74b7d9245213b112,Will the highest temperature in Milan be 31°C on June 14?,highest-temperature-in-milan-on-june-14-2026-31c,highest-temperature-in-milan-on-june-14-2026,Yes,0,0x824c727f1719886a4cd45eceea415b5e4127cfb928b98af319c62044a81cea1b,0xbddc2a7690BF600E347d5eb4A9C28f9F24E55d4f-1774968947489,Equal-Sun
1781369631,2026-06-13T16:53:51+00:00,TAKER,BUY,14.705881,0.3399999633,4.999999000294167,26127455455692368977447590749088752189046842037572176747721695298702663021719,0xe92fd3a039e6dfe28d6422341917eb9fb41e3a544b94b767c74c5942c87c13e7,Will the highest temperature in Istanbul be 25°C on June 14?,highest-temperature-in-istanbul-on-june-14-2026-25c,highest-temperature-in-istanbul-on-june-14-2026,Yes,0,0x9ba661a9f58e9d17292df7419d96d411556ddd1187fce993aca2bffa9e9dae3f,0xbddc2a7690BF600E347d5eb4A9C28f9F24E55d4f-1774968947489,Equal-Sun
1781370532,2026-06-13T17:08:52+00:00,TAKER,BUY,15.561211,0.3213116897,4.999999000188227,103961548944693833281581533852350656014538825793307905895423468382069688637467,0x35bb592a2807cf73f294c4d830a7cd6db6e64d3b49b466d1481ebec3ec406e28,Will the highest temperature in Seoul be 26°C on June 14?,highest-temperature-in-seoul-on-june-14-2026-26c,highest-temperature-in-seoul-on-june-14-2026,Yes,0,0x5d4c53f7dee001963eaef41d5b0f4a946a63042dc36842abe2370c1e21195374,0xbddc2a7690BF600E347d5eb4A9C28f9F24E55d4f-1774968947489,Equal-Sun
1781376852,2026-06-13T18:54:12+00:00,TAKER,BUY,8.14516,0.6138613606,4.999998999904696,111366260356008074075342111763900489457923451076507898164305342087546222267618,0x5b30f46fe4dc42557f12a431f47021c45cbceb0c45568c3ece94832d558e334c,Will the highest temperature in Miami be between 90-91°F on June 14?,highest-temperature-in-miami-on-june-14-2026-90-91f,highest-temperature-in-miami-on-june-14-2026,Yes,0,0xc8aa6df4abd5416911635a7619a1abf9f0e693e5c9823a7d8cadc280085092c5,0xbddc2a7690BF600E347d5eb4A9C28f9F24E55d4f-1774968947489,Equal-Sun
1781387686,2026-06-13T21:54:46+00:00,TAKER,BUY,14.063332,0.3555344494,4.999998999349401,38994179594476827988076477445969023119196401892598570062807031445984511154691,0x9a6afd2f52788ba0aad1c12d18acf53afad61600d0fb42315d98cee9a98c32b4,Will the highest temperature in Panama City be 30°C on June 14?,highest-temperature-in-panama-city-on-june-14-2026-30c,highest-temperature-in-panama-city-on-june-14-2026,Yes,0,0x1c33855dcc6878617dd08b07a927ad5c1dc97c372096d082f4eccb6e5fed592c,0xbddc2a7690BF600E347d5eb4A9C28f9F24E55d4f-1774968947489,Equal-Sun
1781389707,2026-06-13T22:28:27+00:00,TAKER,BUY,62.5,0.32,20.0,103961548944693833281581533852350656014538825793307905895423468382069688637467,0x35bb592a2807cf73f294c4d830a7cd6db6e64d3b49b466d1481ebec3ec406e28,Will the highest temperature in Seoul be 26°C on June 14?,highest-temperature-in-seoul-on-june-14-2026-26c,highest-temperature-in-seoul-on-june-14-2026,Yes,0,0x085e2772d1310ce59e2483ac3c85d06f2ed9c148c5844ef929ea1c2cda7e446b,0xbddc2a7690BF600E347d5eb4A9C28f9F24E55d4f-1774968947489,Equal-Sun
1781395836,2026-06-14T00:10:36+00:00,TAKER,BUY,10.869564,0.4599999595,4.999998999782658,54523793336058520914151600260660541335917350542505643338913579609313730345340,0xc0d8ab337a6aa0086ae24a2c665a9f84ff33e912cc61a3f629fb863820824adf,Will the highest temperature in Ankara be 21°C on June 14?,highest-temperature-in-ankara-on-june-14-2026-21c,highest-temperature-in-ankara-on-june-14-2026,Yes,0,0xdb0427c2e9c7af1ea0e7ea73fb6cc97dc8afbae37da097749763963b1f735220,0xbddc2a7690BF600E347d5eb4A9C28f9F24E55d4f-1774968947489,Equal-Sun
1781395839,2026-06-14T00:10:39+00:00,TAKER,BUY,17.477332,0.2860847983,4.999999000042136,64957247986257120521923415286775249951551863641303828160870627656532475829316,0xbedb68469de22a17c05fff149b91a8cece95dba9d789046e742620ab34f8d08a,Will the highest temperature in Lucknow be 37°C on June 15?,highest-temperature-in-lucknow-on-june-15-2026-37c,highest-temperature-in-lucknow-on-june-15-2026,Yes,0,0xf4cdda542c34431e2e46221716d527b880a84162710fe1b55772f1017b355e5e,0xbddc2a7690BF600E347d5eb4A9C28f9F24E55d4f-1774968947489,Equal-Sun
1781395842,2026-06-14T00:10:42+00:00,TAKER,BUY,14.050554,0.3558577833,4.999999000576948,28674979205235748141096871505879769304170214434987772219308408973827059126896,0xdb8f7aa33746b01f7693d0457e717a383b1dc6b531f8a58c91a7349ba779acb5,Will the highest temperature in Tokyo be 22°C on June 15?,highest-temperature-in-tokyo-on-june-15-2026-22c,highest-temperature-in-tokyo-on-june-15-2026,Yes,0,0x71e5b87afe871962aefa57174861629b06ef6df849b7a8083d3c5e888c40ab8a,0xbddc2a7690BF600E347d5eb4A9C28f9F24E55d4f-1774968947489,Equal-Sun
1781395845,2026-06-14T00:10:45+00:00,TAKER,BUY,10.416665,0.4799999808,4.999999000000032,94752019598454004969071428449471646838672025240527252764682696167155100302568,0x554776ec50134c6fd90d4d31b6e3da72eb3ea4a057c23bdbcc8651481c8f7a21,Will the highest temperature in Wellington be 16°C on June 15?,highest-temperature-in-wellington-on-june-15-2026-16c,highest-temperature-in-wellington-on-june-15-2026,Yes,0,0x0a2b3953765d6dea6b41c07ae9ef937b97ad4784b8e28abef9e9d67563f77c03,0xbddc2a7690BF600E347d5eb4A9C28f9F24E55d4f-1774968947489,Equal-Sun
1781403984,2026-06-14T02:26:24+00:00,TAKER,BUY,13.513512,0.3699999674,4.9999989994595095,10492476782008129258433572474961040569437881981611395065461350730113928303025,0x9b5e6be42f622ed16052e7b5af00014ce233c441d6ab2ad67e6ceefe5708f457,Will the highest temperature in Buenos Aires be 10°C on June 14?,highest-temperature-in-buenos-aires-on-june-14-2026-10c,highest-temperature-in-buenos-aires-on-june-14-2026,Yes,0,0x9e6366a155f353e226699b65584b5f54e8ac5199e67fa86e87984b3012baf3f0,0xbddc2a7690BF600E347d5eb4A9C28f9F24E55d4f-1774968947489,Equal-Sun
1781403987,2026-06-14T02:26:27+00:00,TAKER,BUY,10.416665,0.4799999808,4.999999000000032,22197759922147853718693124478963629554899976131616602747482390639529486254707,0xf77ef37b98f7b8b1692a6905c9865ec88f16a3b98bc15f309eb101763e75b7ff,Will the highest temperature in Buenos Aires be 11°C on June 14?,highest-temperature-in-buenos-aires-on-june-14-2026-11c,highest-temperature-in-buenos-aires-on-june-14-2026,Yes,0,0x3a4eeefb914029c0d187b2cb6054bf49defc9c5d6f76d4aa7ef9abacf41cd25b,0xbddc2a7690BF600E347d5eb4A9C28f9F24E55d4f-1774968947489,Equal-Sun
1781410318,2026-06-14T04:11:58+00:00,TAKER,BUY,14.087221,0.3549315369,4.999999000179955,24563665720731130750720359085149997141025859956730835312156199584937544874482,0x83e57dbc12895f47ac9778367e2e063901deb9206867daa5cb206fd88ab75c6a,Will the highest temperature in Karachi be 34°C on June 15?,highest-temperature-in-karachi-on-june-15-2026-34c,highest-temperature-in-karachi-on-june-15-2026,Yes,0,0x74a70351f5b7d76c90777e01336ee0dcbc8a004a267a79445b3c7b5697fa132e,0xbddc2a7690BF600E347d5eb4A9C28f9F24E55d4f-1774968947489,Equal-Sun
1781419357,2026-06-14T06:42:37+00:00,TAKER,BUY,12.19512,0.4099999836,4.999999000000032,10877262652101785694853188620256949176272066700904397716011622633637298275717,0xfad04d4706fe8104cd8b58f6909be3f6e1a31cbc2bd62ece188eaf1d03907554,Will the highest temperature in Tel Aviv be 28°C on June 15?,highest-temperature-in-tel-aviv-on-june-15-2026-28c,highest-temperature-in-tel-aviv-on-june-15-2026,Yes,0,0x126643592dc878d6b9d409cf2f92d17423564dbe76d3383b652ac8a93af4a400,0xbddc2a7690BF600E347d5eb4A9C28f9F24E55d4f-1774968947489,Equal-Sun
1781445570,2026-06-14T13:59:30+00:00,TAKER,BUY,14.705881,0.3399999633,4.999999000294167,46493400957753675050437751868701342523743091494980941320703672401929323855504,0xfd814e357c478ec957e35524013997bd7a04898cf6f0d969413a77c4611ffe8f,Will the highest temperature in Milan be 31°C on June 15?,highest-temperature-in-milan-on-june-15-2026-31c,highest-temperature-in-milan-on-june-15-2026,Yes,0,0x0ef1b1999fea695cb493577d79d236709c9f985b27c44344538f62ee94c76ee5,0xbddc2a7690BF600E347d5eb4A9C28f9F24E55d4f-1774968947489,Equal-Sun
1781452800,2026-06-14T16:00:00+00:00,TAKER,BUY,27.105262,0.1844659904,4.999998999881485,83667344967018481742395894408348301717720909206120600283010492188840340982570,0x1cb33b5f9afe117f3e30be463847bc67ea0a7e873af4894d3c40ad3db153d9dd,Will the highest temperature in Houston be between 88-89°F on June 15?,highest-temperature-in-houston-on-june-15-2026-88-89f,highest-temperature-in-houston-on-june-15-2026,Yes,0,0x747f3fd1f1b2790077543cd512c6af5300edfe6db803a1f543602e59ffc97db6,0xbddc2a7690BF600E347d5eb4A9C28f9F24E55d4f-1774968947489,Equal-Sun
1781455509,2026-06-14T16:45:09+00:00,TAKER,BUY,19.230768,0.2599999646,4.999998999230813,73060550112272992723000030780484009022799979412838777422724139852807279597000,0xf4529cccf497f2f550af9f345f2a5499b4b0e7065a58b4e3fa5f54ccf0d3d0ae,Will the highest temperature in Istanbul be 28°C on June 15?,highest-temperature-in-istanbul-on-june-15-2026-28c,highest-temperature-in-istanbul-on-june-15-2026,Yes,0,0x0edb3690f2a6057b61055a08a732e11ab5d48f7f55af8e6214095308eda38b5a,0xbddc2a7690BF600E347d5eb4A9C28f9F24E55d4f-1774968947489,Equal-Sun
1781458224,2026-06-14T17:30:24+00:00,TAKER,BUY,29.411763,0.1699999759,4.999999001176511,54692451576456475359029524222721232976982749602482321928713543450242728921925,0xe843d046bc047fa779c135eea7c310e00e2a7623746c8ac49ba6c7826a8fc642,Will the highest temperature in Amsterdam be 19°C on June 15?,highest-temperature-in-amsterdam-on-june-15-2026-19c,highest-temperature-in-amsterdam-on-june-15-2026,Yes,0,0x0d0b818857743bd18587fc31c8b223b7b06af0f07f89d9ae8b150bde012e9ffe,0xbddc2a7690BF600E347d5eb4A9C28f9F24E55d4f-1774968947489,Equal-Sun
1781459130,2026-06-14T17:45:30+00:00,TAKER,BUY,16.077811,0.3109875467,4.999998999196274,14200380390924244628139854697220852887300898061125826630078065513077867655141,0x7536a72612a0370992626ac2abab735eb865c7a2631b4927ea4b116b778434bb,Will the highest temperature in Seattle be between 90-91°F on June 15?,highest-temperature-in-seattle-on-june-15-2026-90-91f,highest-temperature-in-seattle-on-june-15-2026,Yes,0,0xd5c9fcf5dde6bde7bc9752b9790d7a80b3c040ccd300c150685a3487a4ba6797,0xbddc2a7690BF600E347d5eb4A9C28f9F24E55d4f-1774968947489,Equal-Sun
1781462745,2026-06-14T18:45:45+00:00,TAKER,BUY,10.869564,0.4599999595,4.999998999782658,52302817226502741582599341615054577801650980305815975139392598570114998308055,0x39b7594627412cc1986fa853466b165f332b988b5c4e082fd4c13752c10d295a,Will the highest temperature in Miami be between 90-91°F on June 15?,highest-temperature-in-miami-on-june-15-2026-90-91f,highest-temperature-in-miami-on-june-15-2026,Yes,0,0xd954f357b5d32d0b69f393bcdbbf4ea86111e02e8cedebdde27e2b7bd5d128db,0xbddc2a7690BF600E347d5eb4A9C28f9F24E55d4f-1774968947489,Equal-Sun
1781465455,2026-06-14T19:30:55+00:00,TAKER,BUY,31.25,0.16,5.0,94715097072082790122333791879090007727284461481493964205246673259274290823875,0xc2b84f7efc180cd418c2cd0bf9456d3bba9c7acd470ee898f6d2baf7e1ffadd2,Will the highest temperature in Seoul be 30°C on June 15?,highest-temperature-in-seoul-on-june-15-2026-30c,highest-temperature-in-seoul-on-june-15-2026,Yes,0,0xb1f37a5b52ad414532eb09f754e976ef8d1a38b314bf5ab163f16d02dee9cb96,0xbddc2a7690BF600E347d5eb4A9C28f9F24E55d4f-1774968947489,Equal-Sun
1781469075,2026-06-14T20:31:15+00:00,TAKER,BUY,11.627905,0.4299999871,4.999999000000026,75333661866604015070456001387777353489958567977817631856550939589683276703196,0xb947d97a5908c443dcfba7aa05eee0fc87bc314c382e1ac4b10214c1c10add8b,Will the highest temperature in Helsinki be 18°C on June 15?,highest-temperature-in-helsinki-on-june-15-2026-18c,highest-temperature-in-helsinki-on-june-15-2026,Yes,0,0x7517eefc2823cd6dcefeee2043f8e120537db704d013696f17baf501a34fc12e,0xbddc2a7690BF600E347d5eb4A9C28f9F24E55d4f-1774968947489,Equal-Sun
1781481703,2026-06-15T00:01:43+00:00,TAKER,BUY,12.820511,0.3899999774,4.999999000256451,43616011547322848730552708723491068823553999036029841900475720004763589850919,0xec72e6cdfdc8450763198828198b39e7bb00397fc8e39885505e54265d897df6,Will the highest temperature in Lucknow be 38°C on June 16?,highest-temperature-in-lucknow-on-june-16-2026-38c,highest-temperature-in-lucknow-on-june-16-2026,Yes,0,0xe384eca5d0e31051f3f755b485384c5f5aaca5a48fd9d2597c5545f661112b32,0xbddc2a7690BF600E347d5eb4A9C28f9F24E55d4f-1774968947489,Equal-Sun
1781481706,2026-06-15T00:01:46+00:00,TAKER,BUY,15.625,0.32,5.0,29996906542307098357211040117773489551261507935527634089589938112989138437287,0x18694c19aff7be2ef6e2f07958f4607932d25631d7b0dae35646487b6ed8a86b,Will the highest temperature in Tokyo be 27°C on June 16?,highest-temperature-in-tokyo-on-june-16-2026-27c,highest-temperature-in-tokyo-on-june-16-2026,Yes,0,0x722d950b7785a555ad3ea2a845fbeb302623cbff2b26ae97aad8e98070611726,0xbddc2a7690BF600E347d5eb4A9C28f9F24E55d4f-1774968947489,Equal-Sun
1781482602,2026-06-15T00:16:42+00:00,TAKER,BUY,30.254116,0.1652667359,4.999998998859964,112132219823015765788548974729418722288529489906068017800020051394804774391789,0x1e4aab6bd7d955cb40db3b8b0846a4bbb60abe22d05d612e14dcf508900c715a,Will the highest temperature in Ankara be 24°C on June 15?,highest-temperature-in-ankara-on-june-15-2026-24c,highest-temperature-in-ankara-on-june-15-2026,Yes,0,0x457f9e8842e5c96a9229324e685d0f6825d7b07c7d0f2b5670868204f08b7713,0xbddc2a7690BF600E347d5eb4A9C28f9F24E55d4f-1774968947489,Equal-Sun
1781482608,2026-06-15T00:16:48+00:00,TAKER,BUY,17.241378,0.289999964,4.999998999310392,64885849224312942855960100914386434594301014730066255954866964048202360399040,0xa3664c8af6caef211b203ef76533e08c0694c5e332affa444245a306019dc16a,Will the highest temperature in Wellington be 11°C on June 16?,highest-temperature-in-wellington-on-june-16-2026-11c,highest-temperature-in-wellington-on-june-16-2026,Yes,0,0x6b076b4531782eacabe3f44305cc4c6ff9a50463e34fca710b3f4874de2980a5,0xbddc2a7690BF600E347d5eb4A9C28f9F24E55d4f-1774968947489,Equal-Sun
1781489836,2026-06-15T02:17:16+00:00,TAKER,BUY,15.625,0.32,5.0,40991545874952998366224004731109350087086778436566617386096531415920031507097,0x7c7573df539cee5e193eddb26e8d1bcbfd2db265442f0d5735b88e04410088d1,Will the highest temperature in Buenos Aires be 13°C on June 15?,highest-temperature-in-buenos-aires-on-june-15-2026-13c,highest-temperature-in-buenos-aires-on-june-15-2026,Yes,0,0x5ead0a36e107067efb31070b12467df7391496e4bff30c3d3c357268538203c8,0xbddc2a7690BF600E347d5eb4A9C28f9F24E55d4f-1774968947489,Equal-Sun
1781489839,2026-06-15T02:17:19+00:00,TAKER,BUY,12.820511,0.3899999774,4.999999000256451,7805592709527678706041604008753670377168224725384479609852622303009394668465,0x05a983c5b9152ce3390fe9b9685a688657407772331fb6693d83b692238cf38a,Will the highest temperature in Buenos Aires be 14°C on June 15?,highest-temperature-in-buenos-aires-on-june-15-2026-14c,highest-temperature-in-buenos-aires-on-june-15-2026,Yes,0,0xa1a5c73ba5f1072e9fbbb6d4a11e3f4aaf0428abb78c6dca2d5a61d042a03f98,0xbddc2a7690BF600E347d5eb4A9C28f9F24E55d4f-1774968947489,Equal-Sun
1781497074,2026-06-15T04:17:54+00:00,TAKER,BUY,12.19512,0.4099999836,4.999999000000032,31235941000789864271818964531584727216390234874908814933289283439349558759600,0xcc9c0377c2d7ffe06f3951a30e1f8d2d52115ed1238947db353b5d17a75b9e6c,Will the highest temperature in Karachi be 34°C on June 16?,highest-temperature-in-karachi-on-june-16-2026-34c,highest-temperature-in-karachi-on-june-16-2026,Yes,0,0x7817cbe5cd018948c9ff58b3c9ff0e4e800b5bd6ae83bdfafbf93e1583408348,0xbddc2a7690BF600E347d5eb4A9C28f9F24E55d4f-1774968947489,Equal-Sun
1781505307,2026-06-15T06:35:07+00:00,TAKER,BUY,19.230768,0.5199999813,9.999999000384639,92747910360935103561046107052048865641513292895830004236309970098446019418441,0x8fd61eef7404d7db0ab6916a0843cebb7ea232040541653a2d71161e6692932c,Will the highest temperature in Tel Aviv be 30°C on June 16?,highest-temperature-in-tel-aviv-on-june-16-2026-30c,highest-temperature-in-tel-aviv-on-june-16-2026,Yes,0,0xea9d59d3e6d9e906764c9b877e81e4355dcfb0b0c3e350e5a7535d08120d8a5a,0xbddc2a7690BF600E347d5eb4A9C28f9F24E55d4f-1774968947489,Equal-Sun
1781515273,2026-06-15T09:21:13+00:00,TAKER,BUY,46.71111,0.4281636424,19.999998998147063,113068643158630322937390036061967828816157217968186356680351499226786317014245,0x1e8472bc3409e55d4547ca194afe06aec93ff81528ccd56791a9fba914b7e8e0,Will the highest temperature in Houston be between 82-83°F on June 16?,highest-temperature-in-houston-on-june-16-2026-82-83f,highest-temperature-in-houston-on-june-16-2026,Yes,0,0x51e3a5e864816d809c6db492106e515bf24f082662b1b9331047f3728798732a,0xbddc2a7690BF600E347d5eb4A9C28f9F24E55d4f-1774968947489,Equal-Sun
1781515276,2026-06-15T09:21:16+00:00,TAKER,BUY,42.75392,0.4677933392,19.999999000689662,4281848518026436497344292692381131257888944318288440892631335590064347501008,0xdaf75f929a74574dc12e34e09f958b6db95f613278aac801c041e9bea111b323,Will the highest temperature in Manila be 34°C on June 16?,highest-temperature-in-manila-on-june-16-2026-34c,highest-temperature-in-manila-on-june-16-2026,Yes,0,0x4fabd6322403596fcdd537f8186d24ba7d4382a50c8a37d5e3e4174abc8b4731,0xbddc2a7690BF600E347d5eb4A9C28f9F24E55d4f-1774968947489,Equal-Sun
1781524644,2026-06-15T11:57:24+00:00,TAKER,BUY,11.860464,0.4215685828,4.999998999830419,113068643158630322937390036061967828816157217968186356680351499226786317014245,0x1e8472bc3409e55d4547ca194afe06aec93ff81528ccd56791a9fba914b7e8e0,Will the highest temperature in Houston be between 82-83°F on June 16?,highest-temperature-in-houston-on-june-16-2026-82-83f,highest-temperature-in-houston-on-june-16-2026,Yes,0,0x27eb579c2a82be75106fa6ab54a0f5f0c16799df9b798df0788c199a9a73269a,0xbddc2a7690BF600E347d5eb4A9C28f9F24E55d4f-1774968947489,Equal-Sun
1781542462,2026-06-15T16:54:22+00:00,TAKER,BUY,28.999713,0.3448309644,9.999999001113217,33883838776428091425894650848355486831625569150619498728458083744556795918748,0xbdb9c5a2ce33e84fb4873e0a8ed4f5b1162c5aad64bd062368560cc885b2298f,Will the highest temperature in Istanbul be 26°C on June 16?,highest-temperature-in-istanbul-on-june-16-2026-26c,highest-temperature-in-istanbul-on-june-16-2026,Yes,0,0xec0ac84b8ff25910e47c91b26049978288c10783b49fc0c93fb188388e96295f,0xbddc2a7690BF600E347d5eb4A9C28f9F24E55d4f-1774968947489,Equal-Sun
1781545203,2026-06-15T17:40:03+00:00,TAKER,BUY,23.255812,0.4299999931,9.999998999534895,115291450356305439986675370128698384123709548856049330655142743794961912168677,0x44cda676e9b514aadd477142d56695688ba9fa36e22be313906ecab2065258ff,Will the highest temperature in Amsterdam be 23°C on June 16?,highest-temperature-in-amsterdam-on-june-16-2026-23c,highest-temperature-in-amsterdam-on-june-16-2026,Yes,0,0xeee8833f50546250cc274dea5585ccfafdd002954123e77908e815b5611794fb,0xbddc2a7690BF600E347d5eb4A9C28f9F24E55d4f-1774968947489,Equal-Sun
1781549743,2026-06-15T18:55:43+00:00,TAKER,BUY,29.411763,0.3399999857,9.999998999411789,110039640006825180300138753623419351476467558064075147063556923457067040756139,0x7f2568155d47891b6c899c54fcb8061b0d79195d6e660b4a84b3e4cfaf7c86b5,Will the highest temperature in Miami be between 90-91°F on June 16?,highest-temperature-in-miami-on-june-16-2026-90-91f,highest-temperature-in-miami-on-june-16-2026,Yes,0,0x89bde367d2e9730435e4fc2c380d8f4805ffc0bd251892748e220d30f6717670,0xbddc2a7690BF600E347d5eb4A9C28f9F24E55d4f-1774968947489,Equal-Sun
1781568849,2026-06-16T00:14:09+00:00,TAKER,BUY,37.037036,0.2699999806,9.999999001481502,84131876798643385548083365923028490389877766964225537556659179181376507857864,0x21969039248e8574e16e5b43bfd82c396df8e3d7aecd5f294cd4098ffaecc93b,Will the highest temperature in Lucknow be 38°C on June 17?,highest-temperature-in-lucknow-on-june-17-2026-38c,highest-temperature-in-lucknow-on-june-17-2026,Yes,0,0x73d0d52f34e559723847ac7e49f819493995ec0df3e72eea017abf4f0f4df3a3,0xbddc2a7690BF600E347d5eb4A9C28f9F24E55d4f-1774968947489,Equal-Sun
1781568852,2026-06-16T00:14:12+00:00,TAKER,BUY,51.28205,0.3899999902,19.99999899743591,98343140920979295543117877759293840573397333509522760819339059102282083359390,0x2dff40557ad64de90120f1f4d1f58460e04bad93a1010a8364bb0c8f09ad8326,Will the highest temperature in Manila be 34°C on June 17?,highest-temperature-in-manila-on-june-17-2026-34c,highest-temperature-in-manila-on-june-17-2026,Yes,0,0x6c244720e27da84956b56a660914aff35782ba71d848d0c3ea4e2dd557e9877d,0xbddc2a7690BF600E347d5eb4A9C28f9F24E55d4f-1774968947489,Equal-Sun
1781589627,2026-06-16T06:00:27+00:00,TAKER,BUY,15,0.4,6.0,113068643158630322937390036061967828816157217968186356680351499226786317014245,0x1e8472bc3409e55d4547ca194afe06aec93ff81528ccd56791a9fba914b7e8e0,Will the highest temperature in Houston be between 82-83°F on June 16?,highest-temperature-in-houston-on-june-16-2026-82-83f,highest-temperature-in-houston-on-june-16-2026,Yes,0,0x81123a2e9bca89ffb7bd79f1c55a86fd0125a3b72ca521af19cb8a2fb12f8694,0xbddc2a7690BF600E347d5eb4A9C28f9F24E55d4f-1774968947489,Equal-Sun
1781591698,2026-06-16T06:34:58+00:00,TAKER,BUY,21.276594,0.4699999915,9.99999899914895,60626231603030738589559042239334771262579291320476906675573614974003392593391,0x91f2f946a8e8106ac57ef1fc106cf2597f22e627ca5db53db366aca055bf6645,Will the highest temperature in Tel Aviv be 30°C on June 17?,highest-temperature-in-tel-aviv-on-june-17-2026-30c,highest-temperature-in-tel-aviv-on-june-17-2026,Yes,0,0xda8b2514addd4d4890205555ae57755b87c3329dc4d03643d95065a09101c341,0xbddc2a7690BF600E347d5eb4A9C28f9F24E55d4f-1774968947489,Equal-Sun
1781596260,2026-06-16T07:51:00+00:00,TAKER,BUY,55.636665,0.3594751591,19.999999002668403,49128580161441347983725531208820142357219356580732147594666453507088262789094,0x0d623c05b8d291022d79724641f16add2098cd994ca3da6590831d088250d59b,Will the highest temperature in Houston be between 88-89°F on June 17?,highest-temperature-in-houston-on-june-17-2026-88-89f,highest-temperature-in-houston-on-june-17-2026,Yes,0,0xcb505df1db2b337895e89eb88ffc428da2b8a2ee6f13ddbb51617bcf5d1ff08f,0xbddc2a7690BF600E347d5eb4A9C28f9F24E55d4f-1774968947489,Equal-Sun
1781648426,2026-06-16T22:20:26+00:00,TAKER,SELL,73.57,0.0731099633,5.3786999999809995,113068643158630322937390036061967828816157217968186356680351499226786317014245,0x1e8472bc3409e55d4547ca194afe06aec93ff81528ccd56791a9fba914b7e8e0,Will the highest temperature in Houston be between 82-83°F on June 16?,highest-temperature-in-houston-on-june-16-2026-82-83f,highest-temperature-in-houston-on-june-16-2026,Yes,0,0x2cb191fa2e7fa87293f6a8441963bbf070c6fa02a86d238d47e6d7eaedd1762b,0xbddc2a7690BF600E347d5eb4A9C28f9F24E55d4f-1774968947489,Equal-Sun
1781655374,2026-06-17T00:16:14+00:00,TAKER,BUY,8.781738,0.2277452368,1.9999990003255586,29180223399966045807325346473044871624843741072138176548459774962208553295102,0x96b0a77faa89e808352812580afb48ea29d67152b1fe9d7fd736dc58a3b5c388,Will the highest temperature in Lucknow be 38°C on June 18?,highest-temperature-in-lucknow-on-june-18-2026-38c,highest-temperature-in-lucknow-on-june-18-2026,Yes,0,0xaa6bc205a9e50829278db3bde1d93f928b36e4d6bb7820811736a90c69db24d2,0xbddc2a7690BF600E347d5eb4A9C28f9F24E55d4f-1774968947489,Equal-Sun
1781671672,2026-06-17T04:47:52+00:00,TAKER,BUY,11.11111,0.179999928,1.99999900000008,114493654571034461925940950337625872789097991210383646926457399005757604660550,0x4cf380e24b9165ca7b38c8326f8535fd019f2823efe3a42b2b2861a2d81d6bed,Will the highest temperature in Warsaw be 23°C on June 18?,highest-temperature-in-warsaw-on-june-18-2026-23c,highest-temperature-in-warsaw-on-june-18-2026,Yes,0,0x696f972544b8307f803e3c83660d5d6f616daf508d8feda644b283e5c41c9435,0xbddc2a7690BF600E347d5eb4A9C28f9F24E55d4f-1774968947489,Equal-Sun
1781674390,2026-06-17T05:33:10+00:00,TAKER,BUY,21.739129,0.2299999692,4.999999000434826,15395334459952098822526869025786367558998225874899029237152444910576799432303,0xe89771348b6f5b9490e025a5d3643e6613cae967f0bc1d52d6618edeb8c7d552,Will the highest temperature in Busan be 30°C on June 18?,highest-temperature-in-busan-on-june-18-2026-30c,highest-temperature-in-busan-on-june-18-2026,Yes,0,0x94e6811e3382fa10ff9113c6090c96dd8bbe255d774645b137421d0639d18803,0xbddc2a7690BF600E347d5eb4A9C28f9F24E55d4f-1774968947489,Equal-Sun
1781678000,2026-06-17T06:33:20+00:00,TAKER,BUY,12.19512,0.4099999836,4.999999000000032,70747921432609937752645646375113366164769740695301166442450491435341255014685,0x935207b9f41e0260615dfa13c2fc583d4e3ea06085bce88d442c8bda01b75c6b,Will the highest temperature in Tel Aviv be 29°C on June 18?,highest-temperature-in-tel-aviv-on-june-18-2026-29c,highest-temperature-in-tel-aviv-on-june-18-2026,Yes,0,0x315070950fa130c3bcf304e1b08a9b6cab7d040d305171a5bfb196ddf4ed0a87,0xbddc2a7690BF600E347d5eb4A9C28f9F24E55d4f-1774968947489,Equal-Sun
1781700677,2026-06-17T12:51:17+00:00,TAKER,BUY,11.813952,0.4232283151,4.999998999632275,9475385890960789626798454389548568283773382903151558006648182099294837585362,0x7e8cc6796417e5dd9e22d32222e7ac5c4dbabeb591ecaf24e982416d17885b42,Will the highest temperature in Istanbul be 23°C on June 18?,highest-temperature-in-istanbul-on-june-18-2026-23c,highest-temperature-in-istanbul-on-june-18-2026,Yes,0,0xa8b12dd980bd79d043d9464829fff77ade352093d055fe0a33818e51beb6dc35,0xbddc2a7690BF600E347d5eb4A9C28f9F24E55d4f-1774968947489,Equal-Sun
1781709649,2026-06-17T15:20:49+00:00,TAKER,BUY,15.875,0.3149606299,4.9999999996625,49128580161441347983725531208820142357219356580732147594666453507088262789094,0x0d623c05b8d291022d79724641f16add2098cd994ca3da6590831d088250d59b,Will the highest temperature in Houston be between 88-89°F on June 17?,highest-temperature-in-houston-on-june-17-2026-88-89f,highest-temperature-in-houston-on-june-17-2026,Yes,0,0x9bb4f37264ef622d5ff9ff2b4eac2e45ed156832e3ba2388f1d76aa7793c16c3,0xbddc2a7690BF600E347d5eb4A9C28f9F24E55d4f-1774968947489,Equal-Sun
1781709673,2026-06-17T15:21:13+00:00,TAKER,BUY,12.5,0.4,5.0,9475385890960789626798454389548568283773382903151558006648182099294837585362,0x7e8cc6796417e5dd9e22d32222e7ac5c4dbabeb591ecaf24e982416d17885b42,Will the highest temperature in Istanbul be 23°C on June 18?,highest-temperature-in-istanbul-on-june-18-2026-23c,highest-temperature-in-istanbul-on-june-18-2026,Yes,0,0x632b5e57efa25a609308c34cd59bf17904c543a39633f63d0d593c9be5963a79,0xbddc2a7690BF600E347d5eb4A9C28f9F24E55d4f-1774968947489,Equal-Sun
1781713988,2026-06-17T16:33:08+00:00,TAKER,BUY,72.305951,0.4149035949,29.999999002563246,70747921432609937752645646375113366164769740695301166442450491435341255014685,0x935207b9f41e0260615dfa13c2fc583d4e3ea06085bce88d442c8bda01b75c6b,Will the highest temperature in Tel Aviv be 29°C on June 18?,highest-temperature-in-tel-aviv-on-june-18-2026-29c,highest-temperature-in-tel-aviv-on-june-18-2026,Yes,0,0xbeac7c407dfc0b9082902cc398c481032ceb4d8a5d9e9bac18d8ebccee96d2a5,0xbddc2a7690BF600E347d5eb4A9C28f9F24E55d4f-1774968947489,Equal-Sun
1781717168,2026-06-17T17:26:08+00:00,TAKER,BUY,23.809522,0.4199999899,9.999998999523827,70747921432609937752645646375113366164769740695301166442450491435341255014685,0x935207b9f41e0260615dfa13c2fc583d4e3ea06085bce88d442c8bda01b75c6b,Will the highest temperature in Tel Aviv be 29°C on June 18?,highest-temperature-in-tel-aviv-on-june-18-2026-29c,highest-temperature-in-tel-aviv-on-june-18-2026,Yes,0,0x316ec5ed4654668510400102dab659f149ed4c051e0b330d9079c0bf9ffa6d72,0xbddc2a7690BF600E347d5eb4A9C28f9F24E55d4f-1774968947489,Equal-Sun
1781720798,2026-06-17T18:26:38+00:00,TAKER,BUY,14.705881,0.3399999633,4.999999000294167,111408435643268158324565415913041841186536010762247983577291616164305889043289,0xee9d4b11f9882bfacf9ccae0be80c0b41a8c2317ff74aefb09188c014e51ca7e,Will the highest temperature in Amsterdam be 28°C on June 18?,highest-temperature-in-amsterdam-on-june-18-2026-28c,highest-temperature-in-amsterdam-on-june-18-2026,Yes,0,0xc0ca9e3816f6d81dc610e3e409ec2467eab5d0a77e74c67776c3667095dbb6d1,0xbddc2a7690BF600E347d5eb4A9C28f9F24E55d4f-1774968947489,Equal-Sun
1781740817,2026-06-18T00:00:17+00:00,TAKER,BUY,16.129031,0.3099999622,4.999999000322628,44129548689420578713187220351229062915000965568771918973127442904013086291606,0xb4f0b4b0cb60c2f4a9f537582c25de84f14f3439183577b4bffc0183a53d8a9b,Will the highest temperature in Lucknow be 39°C on June 19?,highest-temperature-in-lucknow-on-june-19-2026-39c,highest-temperature-in-lucknow-on-june-19-2026,Yes,0,0x7444e5aacbbd3cb3764047726cf0859f928cb70e98b2d95676f5c38fcbf0c273,0xbddc2a7690BF600E347d5eb4A9C28f9F24E55d4f-1774968947489,Equal-Sun
1781744464,2026-06-18T01:01:04+00:00,TAKER,BUY,13.513512,0.3699999674,4.9999989994595095,34365822565021822054793532811251043040370058120736649343149667502183956206687,0x2b721c8578a7e1a5ff82dd05a5b01dbc65efb85d50f2ca8c892a635c5ab46aab,Will the highest temperature in Istanbul be 24°C on June 19?,highest-temperature-in-istanbul-on-june-19-2026-24c,highest-temperature-in-istanbul-on-june-19-2026,Yes,0,0x10a00d00037727b9c85ad3cfa3cc7e8d286464f7fc0deaa864ae20c6250b64b1,0xbddc2a7690BF600E347d5eb4A9C28f9F24E55d4f-1774968947489,Equal-Sun
1781757175,2026-06-18T04:32:55+00:00,TAKER,BUY,177.288941,0.2256203843,39.999999000560024,57557160105590859081476345340670303803656172464929736321405767802574811064343,0x58624e5699a8556d0becefba3c3bfed37b56d8b2fda2fcb35a51e9f019e8b0ce,Will the highest temperature in Busan be 29°C on June 19?,highest-temperature-in-busan-on-june-19-2026-29c,highest-temperature-in-busan-on-june-19-2026,Yes,0,0x5438f0b5111bb06a2a3da5040eef0c5bc1d3dd8c5e35c194587b63a4691a8e9c,0xbddc2a7690BF600E347d5eb4A9C28f9F24E55d4f-1774968947489,Equal-Sun
1781764495,2026-06-18T06:34:55+00:00,TAKER,BUY,92.681362,0.4315862233,39.999998995880134,4755837469828238268029605307351303333641909498508942951960220152829223341678,0x182c73d6f2bf9faee5bd6d2a347c9c07723450ebf9a0aad90edd39256d4685ba,Will the highest temperature in Tel Aviv be 29°C on June 19?,highest-temperature-in-tel-aviv-on-june-19-2026-29c,highest-temperature-in-tel-aviv-on-june-19-2026,Yes,0,0x634f1a432af5e33131c05b6d6516e193e3fc505bdca369a7cf823a32df5508f4,0xbddc2a7690BF600E347d5eb4A9C28f9F24E55d4f-1774968947489,Equal-Sun
1781783588,2026-06-18T11:53:08+00:00,TAKER,BUY,44.444443,0.4499999921,19.999998998888902,13820192863295885637916869172737491445261010372808338681235395800083372969278,0x7aa771aa476859eaedcd38221eb2595e74df1b64a9b45523c834724d5bbf52fa,Will the highest temperature in Houston be between 92-93°F on June 19?,highest-temperature-in-houston-on-june-19-2026-92-93f,highest-temperature-in-houston-on-june-19-2026,Yes,0,0xc7d5b0afdda5320402bda382b1860654ea1a40fe68aed9abafabec7d4f02831a,0xbddc2a7690BF600E347d5eb4A9C28f9F24E55d4f-1774968947489,Equal-Sun
1781802622,2026-06-18T17:10:22+00:00,TAKER,BUY,14.285713,0.3499999615,4.99999900000005,59900938573201190079977476143555040154426774725946640772331764889687229177100,0xdd352ff13d819a06139ae398fdffea6cb6c17bbbc2fb0eef09d36d30238a475e,Will the highest temperature in Mexico City be 24°C on June 19?,highest-temperature-in-mexico-city-on-june-19-2026-24c,highest-temperature-in-mexico-city-on-june-19-2026,Yes,0,0x0972d8928dd197695ef70e9df43525312640de3a867c392815c2a03cca84b535,0xbddc2a7690BF600E347d5eb4A9C28f9F24E55d4f-1774968947489,Equal-Sun
1781804480,2026-06-18T17:41:20+00:00,TAKER,BUY,13.327104,0.3751752069,4.999999000577818,16145437306114340810365887500005879984010877535150147863565228573032597789809,0xe08d6d1b49b8fe31e0427588513556109a0cf4f1dfbcf2a1ef1a653e68ee3483,Will the highest temperature in Amsterdam be 33°C on June 19?,highest-temperature-in-amsterdam-on-june-19-2026-33c,highest-temperature-in-amsterdam-on-june-19-2026,Yes,0,0x3f113615095d0ea8328b08ef6cb2694731dbc3e8fd2b73d66ada6afe00d95d60,0xbddc2a7690BF600E347d5eb4A9C28f9F24E55d4f-1774968947489,Equal-Sun
1781809028,2026-06-18T18:57:08+00:00,TAKER,BUY,20.833332,0.2399999674,4.999999000833377,77375874971559898609646587827458574622774821844466863667646137595762245963095,0x485209edcaee56a49c9cfaf439901401f4b47d1a2c1d95ddf750ce2036018db5,Will the highest temperature in Miami be between 90-91°F on June 19?,highest-temperature-in-miami-on-june-19-2026-90-91f,highest-temperature-in-miami-on-june-19-2026,Yes,0,0xabeb1b625fa226b9fc1b52401c970d7ae08bccc6b7e1a567f225b6656aee2345,0xbddc2a7690BF600E347d5eb4A9C28f9F24E55d4f-1774968947489,Equal-Sun
1781819966,2026-06-18T21:59:26+00:00,TAKER,BUY,32.163125,0.1554575309,4.999999998528063,82532161220695338345116436609421017921603513208371383732820053677333562432724,0xcc381cfd9370949f367d4330da11440ac52ca4b22479d5c0f67f4a5d652b13b2,Will the highest temperature in Warsaw be 26°C on June 19?,highest-temperature-in-warsaw-on-june-19-2026-26c,highest-temperature-in-warsaw-on-june-19-2026,Yes,0,0xfc022a5a9cfb40d0f69e9f1c850388df0f64f65afe03e731d371f984c1ac7b18,0xbddc2a7690BF600E347d5eb4A9C28f9F24E55d4f-1774968947489,Equal-Sun
1781840110,2026-06-19T03:35:10+00:00,TAKER,BUY,12.5,0.4,5.0,13820192863295885637916869172737491445261010372808338681235395800083372969278,0x7aa771aa476859eaedcd38221eb2595e74df1b64a9b45523c834724d5bbf52fa,Will the highest temperature in Houston be between 92-93°F on June 19?,highest-temperature-in-houston-on-june-19-2026-92-93f,highest-temperature-in-houston-on-june-19-2026,Yes,0,0xa7a2c448488a1bfa89b164e0bdfd3317023dd339e9d96e378139508987ccb035,0xbddc2a7690BF600E347d5eb4A9C28f9F24E55d4f-1774968947489,Equal-Sun
1781843717,2026-06-19T04:35:17+00:00,TAKER,BUY,129.032257,0.3099999948,39.999998999032265,15011419153263385850807015876620631912725669787762062490175369564056250620241,0xbc715acaa9800399463203f70f6567f7a2863c17795ac6f6bb2a3bba8862b871,Will the highest temperature in Busan be 26°C on June 20?,highest-temperature-in-busan-on-june-20-2026-26c,highest-temperature-in-busan-on-june-20-2026,Yes,0,0x7c48d459742657b95125b9d0df257af7a64174baed62bfc598147206202e16e5,0xbddc2a7690BF600E347d5eb4A9C28f9F24E55d4f-1774968947489,Equal-Sun
1781892011,2026-06-19T18:00:11+00:00,TAKER,BUY,13.338961,0.3748417137,4.999999000217466,66781749148076904268362349599470029918454290828254909598770791652505232531230,0x2032670f0029b4c3c82865928e85bbd198e83497af3cf3e9fa8e0f35c72f8edc,Will the highest temperature in Amsterdam be 27°C on June 20?,highest-temperature-in-amsterdam-on-june-20-2026-27c,highest-temperature-in-amsterdam-on-june-20-2026,Yes,0,0x96b27bf8ca9ecdb8f5e23953e52b9ba83d91694da156047da37c4ef5ed24d2e0,0xbddc2a7690BF600E347d5eb4A9C28f9F24E55d4f-1774968947489,Equal-Sun
1781895619,2026-06-19T19:00:19+00:00,TAKER,BUY,12.820511,0.3899999774,4.999999000256451,86908418455383009017985060231478928826381308547928345292409023041806853909946,0xde7de3d1d1a658f2879f022b19f8cc11ca51c308658ef4c47ce2467a44df3636,Will the highest temperature in Miami be between 90-91°F on June 20?,highest-temperature-in-miami-on-june-20-2026-90-91f,highest-temperature-in-miami-on-june-20-2026,Yes,0,0x60414f11e6a579e77b63f068e56f237cf2d5b7beec56a8257868c790ac843d27,0xbddc2a7690BF600E347d5eb4A9C28f9F24E55d4f-1774968947489,Equal-Sun
1781907155,2026-06-19T22:12:35+00:00,TAKER,BUY,169.491524,0.5899999991,99.99999900745763,99093200305306924687914501719423106653230856829532140779980519845497117663350,0x3bffd715a1ef26d4ffb4d885843a40487ce39f017960a77a72a22d13127fe25c,Will the highest temperature in Tel Aviv be 30°C on June 20?,highest-temperature-in-tel-aviv-on-june-20-2026-30c,highest-temperature-in-tel-aviv-on-june-20-2026,Yes,0,0x7c18de911d306bca7d0fc16d4368326254feec1476a7e97d84f13e7bae882e76,0xbddc2a7690BF600E347d5eb4A9C28f9F24E55d4f-1774968947489,Equal-Sun
1781915650,2026-06-20T00:34:10+00:00,TAKER,BUY,98.69476,0.2026449935,19.99999899868406,25763575807822572368701257297832907162685178519323074355416370200304080095741,0x5b5631418f4e32c1e8d8eed30a3bd06f5c16069098cd5ee08e359dd43cb1128b,Will the highest temperature in Houston be between 90-91°F on June 20?,highest-temperature-in-houston-on-june-20-2026-90-91f,highest-temperature-in-houston-on-june-20-2026,Yes,0,0x29452b1f735c25e8e276450c22f0c7fa422c3dee8aa4583f7a8344a4cf17244e,0xbddc2a7690BF600E347d5eb4A9C28f9F24E55d4f-1774968947489,Equal-Sun
1781915653,2026-06-20T00:34:13+00:00,TAKER,BUY,23.809522,0.209999974,4.999999000952428,95266269860984631935944513239854875542328867695222730590221997190850156004299,0x007012bfbfb958e9c6dc698520f6c02cbcadc0463291590f44a33ecdb42a0e31,Will the highest temperature in Warsaw be 31°C on June 21?,highest-temperature-in-warsaw-on-june-21-2026-31c,highest-temperature-in-warsaw-on-june-21-2026,Yes,0,0xaae43e7ac02eb24d082fd44801232e43104b875177d12358964882f363afa6c7,0xbddc2a7690BF600E347d5eb4A9C28f9F24E55d4f-1774968947489,Equal-Sun
1781929303,2026-06-20T04:21:43+00:00,TAKER,BUY,137.931033,0.2899999959,39.99999900448277,12968852283861372283770818942470512375355438630665710159371919722200571518594,0xb7bc9a357a231e126d099875ff931995b351d5fde42972221d82716fbd688c66,Will the highest temperature in Busan be 28°C on June 21?,highest-temperature-in-busan-on-june-21-2026-28c,highest-temperature-in-busan-on-june-21-2026,Yes,0,0x899771fc3e1a528d3c7c746c146408584e0942f0803c7a89cdb05b459e10fd9b,0xbddc2a7690BF600E347d5eb4A9C28f9F24E55d4f-1774968947489,Equal-Sun
1781933897,2026-06-20T05:38:17+00:00,TAKER,SELL,68.96,0.26,17.9296,12968852283861372283770818942470512375355438630665710159371919722200571518594,0xb7bc9a357a231e126d099875ff931995b351d5fde42972221d82716fbd688c66,Will the highest temperature in Busan be 28°C on June 21?,highest-temperature-in-busan-on-june-21-2026-28c,highest-temperature-in-busan-on-june-21-2026,Yes,0,0x7cdeaf3fa2ed232ac31c6bb73d40a9d3d40ef72b97606138fc8459c50c17ab08,0xbddc2a7690BF600E347d5eb4A9C28f9F24E55d4f-1774968947489,Equal-Sun
1781938438,2026-06-20T06:53:58+00:00,TAKER,BUY,256.929229,0.3892122332,99.99999899344421,22445885815503029738366425648021668467827025525720702672206738818152674163742,0xdb414649b5a51f11bd394ce048625c0d63bb7f49f9b1bea6ba379e7a72a20f96,Will the highest temperature in Tel Aviv be 29°C on June 21?,highest-temperature-in-tel-aviv-on-june-21-2026-29c,highest-temperature-in-tel-aviv-on-june-21-2026,Yes,0,0xe99327fc904ff598630e154d75c7903c354edc6eead56d01e64190a223aaf454,0xbddc2a7690BF600E347d5eb4A9C28f9F24E55d4f-1774968947489,Equal-Sun
1781974907,2026-06-20T17:01:47+00:00,TAKER,BUY,55.11135,0.3629016346,19.99999900001271,91671212370908381237482768083933463539389979898954069509275955938498798451451,0xced7fcd1924a00e019b5c9f25b5f7356ae2b98fdffbfc44861670ffe1f08f400,Will the highest temperature in Mexico City be 25°C on June 21?,highest-temperature-in-mexico-city-on-june-21-2026-25c,highest-temperature-in-mexico-city-on-june-21-2026,Yes,0,0x61a8cd766e35a7c943a249f31877b2cd467e369afe5df4eeb15a814540813ad8,0xbddc2a7690BF600E347d5eb4A9C28f9F24E55d4f-1774968947489,Equal-Sun
1781978509,2026-06-20T18:01:49+00:00,TAKER,BUY,22.727271,0.2199999727,4.999998999545501,45289545445133194887713837621785240865214957462044768286012936713945662796733,0x8d01db19bc0781c26c0a96ef24f4e568c7b18e12f38fb03b567937777853630e,Will the highest temperature in Amsterdam be 29°C on June 21?,highest-temperature-in-amsterdam-on-june-21-2026-29c,highest-temperature-in-amsterdam-on-june-21-2026,Yes,0,0xb2bae327ea5f252300562f6c5a788f0d23aff1baa800791aaddb48f96babb420,0xbddc2a7690BF600E347d5eb4A9C28f9F24E55d4f-1774968947489,Equal-Sun
1781991182,2026-06-20T21:33:02+00:00,TAKER,BUY,13.157893,0.3799999742,4.99999900052636,70220869810920196515374509000266871873975041350489483321209728304248675168161,0x66ed913495a0202781af9fdfc4b109f0cb4df3f5ea5837d09cd9b07071f728ac,Will the highest temperature in Austin be between 90-91°F on June 21?,highest-temperature-in-austin-on-june-21-2026-90-91f,highest-temperature-in-austin-on-june-21-2026,Yes,0,0xded121468a1deac8d6b38f3aba5db24ff18d7cff41730dc78c057f535ebcb426,0xbddc2a7690BF600E347d5eb4A9C28f9F24E55d4f-1774968947489,Equal-Sun
1782003803,2026-06-21T01:03:23+00:00,TAKER,BUY,73.046903,0.4106950161,29.999999003640138,74769965081932629543482581962619566347144028407323048978837433796588975039262,0xdc0930763c3c9ba1c9e80c87113f79f7ccbdc6c439841ed047864a8e6573d7d4,Will the highest temperature in Istanbul be 25°C on June 22?,highest-temperature-in-istanbul-on-june-22-2026-25c,highest-temperature-in-istanbul-on-june-22-2026,Yes,0,0xe6db692e488a0c45a648f086a4bc98e95a0f24842c93b2cd68636f083794f025,0xbddc2a7690BF600E347d5eb4A9C28f9F24E55d4f-1774968947489,Equal-Sun
1782003806,2026-06-21T01:03:26+00:00,TAKER,BUY,125,0.24,30.0,80718912580863095889154948933634310947214982293309609828006370770182926997318,0x90944fe689a637632d6e217f5c5e044e7e02db2f221fa9aab745681141140ff7,Will the highest temperature in Istanbul be 26°C on June 22?,highest-temperature-in-istanbul-on-june-22-2026-26c,highest-temperature-in-istanbul-on-june-22-2026,Yes,0,0xf59bd4606e2dfe6c1dd98ca2e908cd10c0d9fcecc32b68e489292d9ffb170324,0xbddc2a7690BF600E347d5eb4A9C28f9F24E55d4f-1774968947489,Equal-Sun
1782003809,2026-06-21T01:03:29+00:00,TAKER,BUY,11.90476,0.4199999832,4.999999000000032,65913132246991898053260081179093778896646941131604507927930147087378600863996,0xa668e224556c81ec20c8571303d2e946446728307908d7e357cddd0bb709d919,Will the highest temperature in Wellington be 13°C on June 22?,highest-temperature-in-wellington-on-june-22-2026-13c,highest-temperature-in-wellington-on-june-22-2026,Yes,0,0xc6a59d8dccfe0fea94d5cd5c8f3fedc63f3897e47a4525c334cc83b66ab8f389,0xbddc2a7690BF600E347d5eb4A9C28f9F24E55d4f-1774968947489,Equal-Sun
1782003812,2026-06-21T01:03:32+00:00,TAKER,BUY,10.869564,0.4599999595,4.999998999782658,84173582262156755903139734914659430536647222794549181507472830327496469235177,0xeec5654a4ebfab3e4aa3c7db28e5b09344d61a79c0d566abb1ce6ae94d1a9c89,Will the highest temperature in Wellington be 14°C on June 22?,highest-temperature-in-wellington-on-june-22-2026-14c,highest-temperature-in-wellington-on-june-22-2026,Yes,0,0x835eb39b4b95ab3827243286f438de3805328fdfd46ea4a7b6d5e4583f86107a,0xbddc2a7690BF600E347d5eb4A9C28f9F24E55d4f-1774968947489,Equal-Sun
1782009640,2026-06-21T02:40:40+00:00,TAKER,BUY,257.197691,0.3888059749,99.99999899128397,91671212370908381237482768083933463539389979898954069509275955938498798451451,0xced7fcd1924a00e019b5c9f25b5f7356ae2b98fdffbfc44861670ffe1f08f400,Will the highest temperature in Mexico City be 25°C on June 21?,highest-temperature-in-mexico-city-on-june-21-2026-25c,highest-temperature-in-mexico-city-on-june-21-2026,Yes,0,0x86e2c8417bfa1d349471599b8e865a4edfe67f595c50054c769af32abba62ebb,0xbddc2a7690BF600E347d5eb4A9C28f9F24E55d4f-1774968947489,Equal-Sun
1782015524,2026-06-21T04:18:44+00:00,TAKER,BUY,10.20408,0.4899999804,4.999999000000032,75194591133682380131145069746458003516477746083168730036024005778295332590270,0x1e44117ad17e38e7115cb6c3c44bc0ca17f5be0138cba26b5099dba180ab59d6,Will the highest temperature in Karachi be 34°C on June 22?,highest-temperature-in-karachi-on-june-22-2026-34c,highest-temperature-in-karachi-on-june-22-2026,Yes,0,0x08e89fa5cca5186682458c970d237264c25aecefa9fce547ea10d18d64b10aab,0xbddc2a7690BF600E347d5eb4A9C28f9F24E55d4f-1774968947489,Equal-Sun
1782025439,2026-06-21T07:03:59+00:00,TAKER,BUY,180.891963,0.5528161525,99.99999900383237,56215249667647724815317599439658724495219150926980566163972675987494042436992,0x385b09e15625f96b327f4192a5b624bbd35f18281c1c09a0ee0a97eb138f364f,Will the highest temperature in Tel Aviv be 29°C on June 22?,highest-temperature-in-tel-aviv-on-june-22-2026-29c,highest-temperature-in-tel-aviv-on-june-22-2026,Yes,0,0xb55a4e9faf3d19d7133b2359bbb88e53ee68c01b66bdfde94c295f709994efa0,0xbddc2a7690BF600E347d5eb4A9C28f9F24E55d4f-1774968947489,Equal-Sun
1782036242,2026-06-21T10:04:02+00:00,TAKER,BUY,6,0.33,1.98,22445885815503029738366425648021668467827025525720702672206738818152674163742,0xdb414649b5a51f11bd394ce048625c0d63bb7f49f9b1bea6ba379e7a72a20f96,Will the highest temperature in Tel Aviv be 29°C on June 21?,highest-temperature-in-tel-aviv-on-june-21-2026-29c,highest-temperature-in-tel-aviv-on-june-21-2026,Yes,0,0x9c11b9833a0da7ee6e15381c848305206c62b9005337a481cc7154fc04471c92,0xbddc2a7690BF600E347d5eb4A9C28f9F24E55d4f-1774968947489,Equal-Sun
1782036251,2026-06-21T10:04:11+00:00,TAKER,BUY,8.57,0.44,3.7708,22445885815503029738366425648021668467827025525720702672206738818152674163742,0xdb414649b5a51f11bd394ce048625c0d63bb7f49f9b1bea6ba379e7a72a20f96,Will the highest temperature in Tel Aviv be 29°C on June 21?,highest-temperature-in-tel-aviv-on-june-21-2026-29c,highest-temperature-in-tel-aviv-on-june-21-2026,Yes,0,0xb1e0b1d7406a94352cc6c5cab84c09baa55456d13cee116343b03fc45d167ffb,0xbddc2a7690BF600E347d5eb4A9C28f9F24E55d4f-1774968947489,Equal-Sun
1782036344,2026-06-21T10:05:44+00:00,TAKER,BUY,10,0.5,5.0,114581581405666520233835417914507536170564839541912295591499960206777194694231,0x09472f75f80cd91871c0eaa8df5abf4a9047255cd5d38f173ca63ae4bb78244a,Will the highest temperature in Tel Aviv be 30°C on June 21?,highest-temperature-in-tel-aviv-on-june-21-2026-30c,highest-temperature-in-tel-aviv-on-june-21-2026,No,1,0x3963c5f7cfce6212ba5d4798795ac59ebfb0e09cbdd471ae410043971f9d2389,0xbddc2a7690BF600E347d5eb4A9C28f9F24E55d4f-1774968947489,Equal-Sun
1782042233,2026-06-21T11:43:53+00:00,TAKER,BUY,8,0.85,6.8,22445885815503029738366425648021668467827025525720702672206738818152674163742,0xdb414649b5a51f11bd394ce048625c0d63bb7f49f9b1bea6ba379e7a72a20f96,Will the highest temperature in Tel Aviv be 29°C on June 21?,highest-temperature-in-tel-aviv-on-june-21-2026-29c,highest-temperature-in-tel-aviv-on-june-21-2026,Yes,0,0xb54d240509148c07c648a14b86fa3382ec32c0dd8f1816f5d785e9be811da079,0xbddc2a7690BF600E347d5eb4A9C28f9F24E55d4f-1774968947489,Equal-Sun
1782060808,2026-06-21T16:53:28+00:00,TAKER,BUY,2.5,0.4,1.0,31206326333313250073137267722382622221322335018516858561832284234965498926456,0xb6deaf637850a634ebb1b980c4f3773dbcda178b8fa464d284e3c3d48b8faf3e,Will the highest temperature in Seoul be 26°C on June 22?,highest-temperature-in-seoul-on-june-22-2026-26c,highest-temperature-in-seoul-on-june-22-2026,Yes,0,0x96b9b72fec46daeed8c8c96922cfa25c7f24bb5349352e8054385ed75535d108,0xbddc2a7690BF600E347d5eb4A9C28f9F24E55d4f-1774968947489,Equal-Sun
1782060809,2026-06-21T16:53:29+00:00,TAKER,BUY,2.5,0.4,1.0,31206326333313250073137267722382622221322335018516858561832284234965498926456,0xb6deaf637850a634ebb1b980c4f3773dbcda178b8fa464d284e3c3d48b8faf3e,Will the highest temperature in Seoul be 26°C on June 22?,highest-temperature-in-seoul-on-june-22-2026-26c,highest-temperature-in-seoul-on-june-22-2026,Yes,0,0x454521af488c67eb4b8066b4542e978f928934a99b6a816c175e73940b99379e,0xbddc2a7690BF600E347d5eb4A9C28f9F24E55d4f-1774968947489,Equal-Sun
1782089998,2026-06-22T00:59:58+00:00,TAKER,BUY,103.448274,0.2899999956,29.999999004827593,23216230534662064970188660281013599000546802458844997142218804505821772750360,0x2f62501e5720127895a78f796a98a098068d9fd7aee76ae1ced1df7844c22e94,Will the highest temperature in Istanbul be 26°C on June 23?,highest-temperature-in-istanbul-on-june-23-2026-26c,highest-temperature-in-istanbul-on-june-23-2026,Yes,0,0x851e592adbd8e4ad0d0f83a2890489a4feac01a6262b1d4cf027e6b55304cf95,0xbddc2a7690BF600E347d5eb4A9C28f9F24E55d4f-1774968947489,Equal-Sun
1782090928,2026-06-22T01:15:28+00:00,TAKER,BUY,10.638296,0.4699999887,4.999998999787255,114035972523708159445467236221228665875768312881088557734276258122979390594536,0x44298ae3bce9bf38dd890cf747c01558603cdd7e21462502390582d6fdbe663e,Will the highest temperature in Wellington be 14°C on June 23?,highest-temperature-in-wellington-on-june-23-2026-14c,highest-temperature-in-wellington-on-june-23-2026,Yes,0,0xaee7eb1bd8aaabbf57d562ed5cfc2be4797f07248d5014592a1666090f41a41d,0xbddc2a7690BF600E347d5eb4A9C28f9F24E55d4f-1774968947489,Equal-Sun
1782090934,2026-06-22T01:15:34+00:00,TAKER,BUY,13.462367,0.3714056377,4.9999990005864365,21554405023461042644007963036342679984077023748397585222024168536261664726294,0xcffa24a017e234aa7d1453747ce945351826078e4f5f40c2ebca3238dc0acfa9,Will the highest temperature in Wellington be 15°C on June 23?,highest-temperature-in-wellington-on-june-23-2026-15c,highest-temperature-in-wellington-on-june-23-2026,Yes,0,0xe6481f39f41a5c4f9093dfd0e01568ed6001913700e17072f6ac497f1c60f8a3,0xbddc2a7690BF600E347d5eb4A9C28f9F24E55d4f-1774968947489,Equal-Sun
1782098165,2026-06-22T03:16:05+00:00,TAKER,BUY,106.36,0.1766077473,18.784000002828,36489643147565299404493336528470125821316658311816567653005232628412266312795,0x2c40077472b7e83c9c8fd9d732a5506c0140aee3d2677aef2271e259081b66be,Will the highest temperature in Istanbul be 27°C on June 23?,highest-temperature-in-istanbul-on-june-23-2026-27c,highest-temperature-in-istanbul-on-june-23-2026,Yes,0,0x6e057c38a8ed51d4f3e8e6a5521373917044d031ac4da901ab106a3f4efb642c,0xbddc2a7690BF600E347d5eb4A9C28f9F24E55d4f-1774968947489,Equal-Sun
1782101776,2026-06-22T04:16:16+00:00,TAKER,BUY,23.441362,0.2132981437,4.99999900039972,101389801410143386972724870846644600075956560888669148525635086884187882601404,0x243d2fec4e310a4e527ceae94e88e87095d48d58ab6c271d4e2f43ecf1897861,Will the highest temperature in Karachi be 34°C on June 23?,highest-temperature-in-karachi-on-june-23-2026-34c,highest-temperature-in-karachi-on-june-23-2026,Yes,0,0xdc81429ab751fe51fe3e557263a1378345e0872e303316519a3cb2ca88d4f2fe,0xbddc2a7690BF600E347d5eb4A9C28f9F24E55d4f-1774968947489,Equal-Sun
1782101779,2026-06-22T04:16:19+00:00,TAKER,BUY,7.575755,0.6599999604,4.999998000000102,101346379010252403518673979293227790622521660809887394818514762451566289239723,0x758864e5955d45b78b5fb92cc1a9788d800f7359509961627398b52722d2df67,Will the highest temperature in Karachi be 35°C on June 23?,highest-temperature-in-karachi-on-june-23-2026-35c,highest-temperature-in-karachi-on-june-23-2026,Yes,0,0x0f207f20ed88484cf4ac543c3327ca6a4bc759e4888c92682289d76a19ac9951,0xbddc2a7690BF600E347d5eb4A9C28f9F24E55d4f-1774968947489,Equal-Sun
1782110879,2026-06-22T06:47:59+00:00,TAKER,BUY,263.178156,0.3799707412,99.99999900296923,105295287571021052078808744295210069321556367434246792961107593273398192777733,0x70f160095e69ab7ef401619f8985ef64225b72e5cd784da74d750e92a41ac358,Will the highest temperature in Tel Aviv be 29°C on June 23?,highest-temperature-in-tel-aviv-on-june-23-2026-29c,highest-temperature-in-tel-aviv-on-june-23-2026,Yes,0,0xeb8fb30bf4d69a1b818f1fcf5beb7da749ed88e6eea301d59883f728f4864013,0xbddc2a7690BF600E347d5eb4A9C28f9F24E55d4f-1774968947489,Equal-Sun
1782117032,2026-06-22T08:30:32+00:00,TAKER,BUY,125,0.4,50.0,105295287571021052078808744295210069321556367434246792961107593273398192777733,0x70f160095e69ab7ef401619f8985ef64225b72e5cd784da74d750e92a41ac358,Will the highest temperature in Tel Aviv be 29°C on June 23?,highest-temperature-in-tel-aviv-on-june-23-2026-29c,highest-temperature-in-tel-aviv-on-june-23-2026,Yes,0,0x3fae22a666f0e3138975ede74c8f5a79dcc3cc236c5a84034f3cbeb8679612fb,0xbddc2a7690BF600E347d5eb4A9C28f9F24E55d4f-1774968947489,Equal-Sun
1782119161,2026-06-22T09:06:01+00:00,TAKER,BUY,85.28,0.8214411351,70.052500001328,56215249667647724815317599439658724495219150926980566163972675987494042436992,0x385b09e15625f96b327f4192a5b624bbd35f18281c1c09a0ee0a97eb138f364f,Will the highest temperature in Tel Aviv be 29°C on June 22?,highest-temperature-in-tel-aviv-on-june-22-2026-29c,highest-temperature-in-tel-aviv-on-june-22-2026,Yes,0,0xc18256c7d2be77a158d93360754fd970fc314284ba61defcd14e919da00b467d,0xbddc2a7690BF600E347d5eb4A9C28f9F24E55d4f-1774968947489,Equal-Sun
1782119161,2026-06-22T09:06:01+00:00,MAKER,BUY,15,0.83,12.45,56215249667647724815317599439658724495219150926980566163972675987494042436992,0x385b09e15625f96b327f4192a5b624bbd35f18281c1c09a0ee0a97eb138f364f,Will the highest temperature in Tel Aviv be 29°C on June 22?,highest-temperature-in-tel-aviv-on-june-22-2026-29c,highest-temperature-in-tel-aviv-on-june-22-2026,Yes,0,0xf6fac4c22869075b1895c7b7c2193d0805a46769841eee8045d0df6617576702,0xbddc2a7690BF600E347d5eb4A9C28f9F24E55d4f-1774968947489,Equal-Sun
1782119177,2026-06-22T09:06:17+00:00,TAKER,BUY,56,0.8342857143,46.7200000008,56215249667647724815317599439658724495219150926980566163972675987494042436992,0x385b09e15625f96b327f4192a5b624bbd35f18281c1c09a0ee0a97eb138f364f,Will the highest temperature in Tel Aviv be 29°C on June 22?,highest-temperature-in-tel-aviv-on-june-22-2026-29c,highest-temperature-in-tel-aviv-on-june-22-2026,Yes,0,0x9a68c9ea1ea2d1e6cdecf627f87bb1b3d25ee93ef9725c903a9f6a32d5b14ed8,0xbddc2a7690BF600E347d5eb4A9C28f9F24E55d4f-1774968947489,Equal-Sun
1782120041,2026-06-22T09:20:41+00:00,TAKER,BUY,121.99195,0.4098631016,49.99999899723212,105295287571021052078808744295210069321556367434246792961107593273398192777733,0x70f160095e69ab7ef401619f8985ef64225b72e5cd784da74d750e92a41ac358,Will the highest temperature in Tel Aviv be 29°C on June 23?,highest-temperature-in-tel-aviv-on-june-23-2026-29c,highest-temperature-in-tel-aviv-on-june-23-2026,Yes,0,0xf2c0f3297ae2e00734473dec5f21ae7453189ec5decaeaeb1e749625a8ea9cba,0xbddc2a7690BF600E347d5eb4A9C28f9F24E55d4f-1774968947489,Equal-Sun
1782130960,2026-06-22T12:22:40+00:00,TAKER,BUY,78.947367,0.3799999942,29.999999002105273,14692930373794397854500763922440979076956980487311963039457344478310301796760,0x577c4a90802039705dbb65991ccd0124f72b62c0c4c693a7aa2432ebaa8752d0,Will the highest temperature in Tokyo be 25°C on June 23?,highest-temperature-in-tokyo-on-june-23-2026-25c,highest-temperature-in-tokyo-on-june-23-2026,Yes,0,0x90a6b2699edeb8868c303c6f4a730496918a373619b221e4a7e940c35f416b98,0xbddc2a7690BF600E347d5eb4A9C28f9F24E55d4f-1774968947489,Equal-Sun
1782130963,2026-06-22T12:22:43+00:00,TAKER,BUY,111.11111,0.2699999937,29.999999000000006,90346255901555804431286054880626235485186832293360270979177818482029569599933,0x0fb59b237337e7fed204669861a1dd19b0070ca2487e33a0548df2513bfb5a47,Will the highest temperature in Tokyo be 24°C on June 23?,highest-temperature-in-tokyo-on-june-23-2026-24c,highest-temperature-in-tokyo-on-june-23-2026,Yes,0,0x9be0d934625ba552e2bd95f5762a033bf2a66e86e5a0d37795f77d0d60e61024,0xbddc2a7690BF600E347d5eb4A9C28f9F24E55d4f-1774968947489,Equal-Sun
1782148231,2026-06-22T17:10:31+00:00,TAKER,BUY,61.785453,0.3237007747,19.99999900129044,15229296273563940817987407395955550240419473192939963628818970854962946984982,0x9128b9633d6ec8cc75c4e62a16d68161a95ac65a12d8347386a458be806a6f60,Will the highest temperature in Mexico City be 26°C on June 23?,highest-temperature-in-mexico-city-on-june-23-2026-26c,highest-temperature-in-mexico-city-on-june-23-2026,Yes,0,0xaad1fce9bbd6db14b95e78e56e0d23942e9aa19d118adaefdbeb233d25f2de1e,0xbddc2a7690BF600E347d5eb4A9C28f9F24E55d4f-1774968947489,Equal-Sun
1782149134,2026-06-22T17:25:34+00:00,TAKER,BUY,76.923075,0.3899999967,29.999998996153852,97365217684006313347104167894642314205436788459882469319014739819282971868455,0x025ec5faa06f4da792d591a7f13663eed392cab114a5b13cec49025866e2dc6e,Will the highest temperature in Seoul be 28°C on June 24?,highest-temperature-in-seoul-on-june-24-2026-28c,highest-temperature-in-seoul-on-june-24-2026,Yes,0,0x393d831d60c3574e227151d4d284423fed04df21224d8050d97c197d8e77f9b9,0xbddc2a7690BF600E347d5eb4A9C28f9F24E55d4f-1774968947489,Equal-Sun
1782150049,2026-06-22T17:40:49+00:00,TAKER,BUY,15.333332,0.3260869197,4.99999900061744,28399940734958781625847391107113675392293601433100823661366231256223995201458,0xaf26896cea3b023514d422d535498c78d0ba6c58e80ec9b907738e958ec96879,Will the highest temperature in Amsterdam be 30°C on June 23?,highest-temperature-in-amsterdam-on-june-23-2026-30c,highest-temperature-in-amsterdam-on-june-23-2026,Yes,0,0x2c9c8facf31f8d06c6695eb56f44497d0a9021fc4d3e47be411ae7f751d1ae5d,0xbddc2a7690BF600E347d5eb4A9C28f9F24E55d4f-1774968947489,Equal-Sun
1782168391,2026-06-22T22:46:31+00:00,TAKER,BUY,313.704686,0.3187711356,99.99999899926141,15229296273563940817987407395955550240419473192939963628818970854962946984982,0x9128b9633d6ec8cc75c4e62a16d68161a95ac65a12d8347386a458be806a6f60,Will the highest temperature in Mexico City be 26°C on June 23?,highest-temperature-in-mexico-city-on-june-23-2026-26c,highest-temperature-in-mexico-city-on-june-23-2026,Yes,0,0x7a37e33c176a63b716e3f0a9593703adb12bbd947fb55cab693c2fa467a71fa8,0xbddc2a7690BF600E347d5eb4A9C28f9F24E55d4f-1774968947489,Equal-Sun
1782176378,2026-06-23T00:59:38+00:00,TAKER,BUY,65.21739,0.4599999939,29.99999900217392,51757924116193431912793455523897165740675054700349575768282379502674676849234,0x9102bf06bd79abfebd28d13edd9614de2dbd040d9955689cdfd5e4a6a14143de,Will the highest temperature in Istanbul be 26°C on June 24?,highest-temperature-in-istanbul-on-june-24-2026-26c,highest-temperature-in-istanbul-on-june-24-2026,Yes,0,0x98c5fe3c81ad1668d774ef26404ddd80c593e7beefb0207da14fbb946839d89d,0xbddc2a7690BF600E347d5eb4A9C28f9F24E55d4f-1774968947489,Equal-Sun
1782176381,2026-06-23T00:59:41+00:00,TAKER,BUY,124.29,0.2413709872,29.999999999088,72678706134631847055090799384484817325695731808659714031312404357115392560503,0x45951f8a36079582fe2b75fd2e2b3c78fdc2b7d57a9ae4a4564eb2c8a6d21ced,Will the highest temperature in Istanbul be 27°C on June 24?,highest-temperature-in-istanbul-on-june-24-2026-27c,highest-temperature-in-istanbul-on-june-24-2026,Yes,0,0xe87514607d9aaea14a8afeca00cf448994d46093afa6a3ae1106aa29ea78d185,0xbddc2a7690BF600E347d5eb4A9C28f9F24E55d4f-1774968947489,Equal-Sun
1782177287,2026-06-23T01:14:47+00:00,TAKER,BUY,12.820511,0.3899999774,4.999999000256451,90682572054335774486117541784961088499439820145348897944976974464071408132968,0x77d2fe1f31ff5081bb0c2c15ebaae536c6a1b410f93143a619b73758ee299a1a,Will the highest temperature in Wellington be 16°C on June 24?,highest-temperature-in-wellington-on-june-24-2026-16c,highest-temperature-in-wellington-on-june-24-2026,Yes,0,0x0666e3f9c02ebc4dcf6ba11b72a87fc16acf61482a19a0393a1bd00d24e8ca8a,0xbddc2a7690BF600E347d5eb4A9C28f9F24E55d4f-1774968947489,Equal-Sun
1782180001,2026-06-23T02:00:01+00:00,TAKER,BUY,42.25352,0.7099999953,29.999999001408458,74986926745256755022526892907997266308776701073530625926895088222055934056864,0x32b491a443369b52a76e3e5d29022db24e5f8c41f4e0194266ccb1686de11076,Will the highest temperature in Milan be 34°C or higher on June 24?,highest-temperature-in-milan-on-june-24-2026-34corhigher,highest-temperature-in-milan-on-june-24-2026,Yes,0,0x3d71a9243c8fbcf5d17c3476f47fd34db0f978c4d43f0d3cd17a4ad4560870ac,0xbddc2a7690BF600E347d5eb4A9C28f9F24E55d4f-1774968947489,Equal-Sun
1782180002,2026-06-23T02:00:02+00:00,TAKER,BUY,115.384614,0.2599999945,29.999999005384623,111094307223023213360336322980036572871368719009037629089231953635413623035195,0x1ebc872a07bbb15bceb59cf2acefc60461b3630a5c4bb236a2cc059772386bcb,Will the highest temperature in Milan be 33°C on June 24?,highest-temperature-in-milan-on-june-24-2026-33c,highest-temperature-in-milan-on-june-24-2026,Yes,0,0x74cbc313267e275f124d482888b7cafe9a2e9d1562737e2a99a0776eb59d1f2a,0xbddc2a7690BF600E347d5eb4A9C28f9F24E55d4f-1774968947489,Equal-Sun
1782188170,2026-06-23T04:16:10+00:00,TAKER,BUY,12.19512,0.4099999836,4.999999000000032,72780240072623198254257486306207073809549628520500313399254342598030934840697,0x0e9fa486b1e4b90be58f61d6d46ff70db8398fb8c63879461c44e680e1028480,Will the highest temperature in Karachi be 34°C on June 24?,highest-temperature-in-karachi-on-june-24-2026-34c,highest-temperature-in-karachi-on-june-24-2026,Yes,0,0x64a16529cac2fce2614e87ab7a818a4d2d7660ac19a4843b4e1ad57b6f0de044,0xbddc2a7690BF600E347d5eb4A9C28f9F24E55d4f-1774968947489,Equal-Sun
1782188173,2026-06-23T04:16:13+00:00,TAKER,BUY,10.317345,0.4846207043,4.999999000406083,67662978850331993194082508721285547630109366568740610706165489180942187291234,0x064ca27027b811cab35f02036e5b0ade5ac3a70d528628582db2beab1ff50c04,Will the highest temperature in Karachi be 35°C on June 24?,highest-temperature-in-karachi-on-june-24-2026-35c,highest-temperature-in-karachi-on-june-24-2026,Yes,0,0x216de8c4228f1f6846f24918f06db1b55296b8cb26bed4133a0bddaf084df247,0xbddc2a7690BF600E347d5eb4A9C28f9F24E55d4f-1774968947489,Equal-Sun
1782193709,2026-06-23T05:48:29+00:00,TAKER,BUY,30,0.35,10.5,105295287571021052078808744295210069321556367434246792961107593273398192777733,0x70f160095e69ab7ef401619f8985ef64225b72e5cd784da74d750e92a41ac358,Will the highest temperature in Tel Aviv be 29°C on June 23?,highest-temperature-in-tel-aviv-on-june-23-2026-29c,highest-temperature-in-tel-aviv-on-june-23-2026,Yes,0,0x9c7c1d11857348d2ecd48b1cbc06db0547e290ecb3bbf78a5e10d5be1fcc3430,0xbddc2a7690BF600E347d5eb4A9C28f9F24E55d4f-1774968947489,Equal-Sun
1782193718,2026-06-23T05:48:38+00:00,TAKER,BUY,30,0.37,11.1,105295287571021052078808744295210069321556367434246792961107593273398192777733,0x70f160095e69ab7ef401619f8985ef64225b72e5cd784da74d750e92a41ac358,Will the highest temperature in Tel Aviv be 29°C on June 23?,highest-temperature-in-tel-aviv-on-june-23-2026-29c,highest-temperature-in-tel-aviv-on-june-23-2026,Yes,0,0x3cc17600b6098d287509559d5e67a57fd786bebedbe87b977cc5d970bb36932c,0xbddc2a7690BF600E347d5eb4A9C28f9F24E55d4f-1774968947489,Equal-Sun
1782198169,2026-06-23T07:02:49+00:00,TAKER,BUY,251.125,0.3982080637,99.9999999966625,85163940709441739316147093288949655016610354377495354746293092062065877394991,0x232e69b862ccb52f34674900b9457ee570573bd83661ef2698f64daf2321ce3e,Will the highest temperature in Tel Aviv be 30°C on June 24?,highest-temperature-in-tel-aviv-on-june-24-2026-30c,highest-temperature-in-tel-aviv-on-june-24-2026,Yes,0,0x0f6c919684a4054057bebe2066816f8bd63fd0b2b635fc13b0de4f462e570c7e,0xbddc2a7690BF600E347d5eb4A9C28f9F24E55d4f-1774968947489,Equal-Sun
1782199187,2026-06-23T07:19:47+00:00,TAKER,SELL,375.49,0.3026565288,113.644499999112,15229296273563940817987407395955550240419473192939963628818970854962946984982,0x9128b9633d6ec8cc75c4e62a16d68161a95ac65a12d8347386a458be806a6f60,Will the highest temperature in Mexico City be 26°C on June 23?,highest-temperature-in-mexico-city-on-june-23-2026-26c,highest-temperature-in-mexico-city-on-june-23-2026,Yes,0,0x30de4e0d0f840c7ec0bf2d373fca6a2a67457fa6b99d47cb65fe0f532fd4e6cc,0xbddc2a7690BF600E347d5eb4A9C28f9F24E55d4f-1774968947489,Equal-Sun
1782199825,2026-06-23T07:30:25+00:00,TAKER,SELL,23.44,0.3,7.032,101389801410143386972724870846644600075956560888669148525635086884187882601404,0x243d2fec4e310a4e527ceae94e88e87095d48d58ab6c271d4e2f43ecf1897861,Will the highest temperature in Karachi be 34°C on June 23?,highest-temperature-in-karachi-on-june-23-2026-34c,highest-temperature-in-karachi-on-june-23-2026,Yes,0,0x470d06577d6d9ccf3f39bdee2d6e0de4dfcfe1ba500dcb66b6e9064d72bfd3ce,0xbddc2a7690BF600E347d5eb4A9C28f9F24E55d4f-1774968947489,Equal-Sun
1782200470,2026-06-23T07:41:10+00:00,TAKER,BUY,19.86,0.42,8.341199999999999,105295287571021052078808744295210069321556367434246792961107593273398192777733,0x70f160095e69ab7ef401619f8985ef64225b72e5cd784da74d750e92a41ac358,Will the highest temperature in Tel Aviv be 29°C on June 23?,highest-temperature-in-tel-aviv-on-june-23-2026-29c,highest-temperature-in-tel-aviv-on-june-23-2026,Yes,0,0x9e01777cb8c483d826a24aef71f3a2877ee71059aef95205723be9add284a80c,0xbddc2a7690BF600E347d5eb4A9C28f9F24E55d4f-1774968947489,Equal-Sun
1782201932,2026-06-23T08:05:32+00:00,TAKER,BUY,164.096773,0.3046982466,49.999999005818225,15229296273563940817987407395955550240419473192939963628818970854962946984982,0x9128b9633d6ec8cc75c4e62a16d68161a95ac65a12d8347386a458be806a6f60,Will the highest temperature in Mexico City be 26°C on June 23?,highest-temperature-in-mexico-city-on-june-23-2026-26c,highest-temperature-in-mexico-city-on-june-23-2026,Yes,0,0x2a57173634610e91f397e99ea8248dbfe6f1d0ac1ecca736f7673f33f10c4556,0xbddc2a7690BF600E347d5eb4A9C28f9F24E55d4f-1774968947489,Equal-Sun
1782203734,2026-06-23T08:35:34+00:00,TAKER,SELL,106.36,0.0631647236,6.718200002096,36489643147565299404493336528470125821316658311816567653005232628412266312795,0x2c40077472b7e83c9c8fd9d732a5506c0140aee3d2677aef2271e259081b66be,Will the highest temperature in Istanbul be 27°C on June 23?,highest-temperature-in-istanbul-on-june-23-2026-27c,highest-temperature-in-istanbul-on-june-23-2026,Yes,0,0x0d309b21c2f24d429b365974bd762223b1b5540d2f76483527a139a85a204070,0xbddc2a7690BF600E347d5eb4A9C28f9F24E55d4f-1774968947489,Equal-Sun
1782203863,2026-06-23T08:37:43+00:00,TAKER,BUY,237.318138,0.4213752891,99.9999990084237,85163940709441739316147093288949655016610354377495354746293092062065877394991,0x232e69b862ccb52f34674900b9457ee570573bd83661ef2698f64daf2321ce3e,Will the highest temperature in Tel Aviv be 30°C on June 24?,highest-temperature-in-tel-aviv-on-june-24-2026-30c,highest-temperature-in-tel-aviv-on-june-24-2026,Yes,0,0xc746c455936912b14752ee755a3f5680cb1ec5ce06b95554d62f39e7e15f78e9,0xbddc2a7690BF600E347d5eb4A9C28f9F24E55d4f-1774968947489,Equal-Sun
1782204227,2026-06-23T08:43:47+00:00,TAKER,BUY,49.72,0.6,29.831999999999997,105295287571021052078808744295210069321556367434246792961107593273398192777733,0x70f160095e69ab7ef401619f8985ef64225b72e5cd784da74d750e92a41ac358,Will the highest temperature in Tel Aviv be 29°C on June 23?,highest-temperature-in-tel-aviv-on-june-23-2026-29c,highest-temperature-in-tel-aviv-on-june-23-2026,Yes,0,0x322068b2cc322d3f92551d002b44086ce633c5f1eeba2765e8b13ad28fdbb4de,0xbddc2a7690BF600E347d5eb4A9C28f9F24E55d4f-1774968947489,Equal-Sun
1782204281,2026-06-23T08:44:41+00:00,TAKER,SELL,115.38,0.25,28.845,111094307223023213360336322980036572871368719009037629089231953635413623035195,0x1ebc872a07bbb15bceb59cf2acefc60461b3630a5c4bb236a2cc059772386bcb,Will the highest temperature in Milan be 33°C on June 24?,highest-temperature-in-milan-on-june-24-2026-33c,highest-temperature-in-milan-on-june-24-2026,Yes,0,0xe52438c96edd8d511e07d09751252980f084d0eb885329bb8b20b68189f68ad1,0xbddc2a7690BF600E347d5eb4A9C28f9F24E55d4f-1774968947489,Equal-Sun
1782204284,2026-06-23T08:44:44+00:00,TAKER,SELL,42.25,0.67,28.3075,74986926745256755022526892907997266308776701073530625926895088222055934056864,0x32b491a443369b52a76e3e5d29022db24e5f8c41f4e0194266ccb1686de11076,Will the highest temperature in Milan be 34°C or higher on June 24?,highest-temperature-in-milan-on-june-24-2026-34corhigher,highest-temperature-in-milan-on-june-24-2026,Yes,0,0x04454779c0b67e055d7b10c45f4cc241f1e7aee529b7a369dd2ed8d7b13b1dfa,0xbddc2a7690BF600E347d5eb4A9C28f9F24E55d4f-1774968947489,Equal-Sun
1782205987,2026-06-23T09:13:07+00:00,TAKER,SELL,164.09,0.241828265,39.68160000385,15229296273563940817987407395955550240419473192939963628818970854962946984982,0x9128b9633d6ec8cc75c4e62a16d68161a95ac65a12d8347386a458be806a6f60,Will the highest temperature in Mexico City be 26°C on June 23?,highest-temperature-in-mexico-city-on-june-23-2026-26c,highest-temperature-in-mexico-city-on-june-23-2026,Yes,0,0xd40f0994306ccb41d019ca301a7c8e160327d3f53c4e33362976bfadc587cb41,0xbddc2a7690BF600E347d5eb4A9C28f9F24E55d4f-1774968947489,Equal-Sun
1782206299,2026-06-23T09:18:19+00:00,TAKER,BUY,74.194877,0.4043405719,29.999998998230158,31796543749422750649529129371393123573400315174641991074204343179019546168706,0xa8d2963e3b847bfbf9edb16dc2608f29e376f47a8f0c90a221774e2e444b0020,Will the highest temperature in Tokyo be 25°C on June 24?,highest-temperature-in-tokyo-on-june-24-2026-25c,highest-temperature-in-tokyo-on-june-24-2026,Yes,0,0xfa161f16643098710066e0ff8c5f0d4ab397696e625e4e6a24e9c0bbf258e9af,0xbddc2a7690BF600E347d5eb4A9C28f9F24E55d4f-1774968947489,Equal-Sun
1782235429,2026-06-23T17:23:49+00:00,TAKER,BUY,97.885482,0.306480577,29.99999900328311,3547828874078836694451637219677404402992573874364463558221491391830660607605,0x834bfaa8aaa8563ab9d423aa2c186edae4a79a7f9e4519357409659a16aaec57,Will the highest temperature in Seoul be 26°C on June 25?,highest-temperature-in-seoul-on-june-25-2026-26c,highest-temperature-in-seoul-on-june-25-2026,Yes,0,0xe133f29b75366afdb7eeed22e048cab9b71f19d4ecf5416f4d639d91e7c30fae,0xbddc2a7690BF600E347d5eb4A9C28f9F24E55d4f-1774968947489,Equal-Sun
1782262688,2026-06-24T00:58:08+00:00,TAKER,BUY,209.705881,0.3338008389,69.99999900006357,93058768707542180825064318154044835832444670250740468336647363214874923953706,0x61c44d37df28d4b3bd8c255df01a4714b64a43e2756d3d6152f89040ade95492,Will the highest temperature in Istanbul be 26°C on June 25?,highest-temperature-in-istanbul-on-june-25-2026-26c,highest-temperature-in-istanbul-on-june-25-2026,Yes,0,0x671120bcb700bf73a475d5e66e0e3b7042323893bbc794586c3b0480536a9b7a,0xbddc2a7690BF600E347d5eb4A9C28f9F24E55d4f-1774968947489,Equal-Sun
1782262693,2026-06-24T00:58:13+00:00,TAKER,BUY,143.158162,0.4889696684,69.99999900189349,8999560213514972612335069562735965619271032921090320092891931398647155454671,0xc563431170ebf00c96f6eeaab1808d2101767346e7303b93c26df416ab96abbe,Will the highest temperature in Istanbul be 27°C on June 25?,highest-temperature-in-istanbul-on-june-25-2026-27c,highest-temperature-in-istanbul-on-june-25-2026,Yes,0,0x7aa20891569d84570a10a0b2c701dad51472dbe8410b5e08080e20467a086c15,0xbddc2a7690BF600E347d5eb4A9C28f9F24E55d4f-1774968947489,Equal-Sun
1782266293,2026-06-24T01:58:13+00:00,TAKER,BUY,61.224488,0.489999998,29.999998997551025,69332199563009923971043217538220161955354973345537660913151356303797951116687,0x270cd8796dd9e98a87a77d3c06cc73858747d9320e463a99398b0d972eaa36ea,Will the highest temperature in Milan be 34°C on June 25?,highest-temperature-in-milan-on-june-25-2026-34c,highest-temperature-in-milan-on-june-25-2026,Yes,0,0x70aecaf3a7a926c7cdc25c0a1e8ad45b1b5adaa897e4481c35b4d2d2ee335a15,0xbddc2a7690BF600E347d5eb4A9C28f9F24E55d4f-1774968947489,Equal-Sun
1782268129,2026-06-24T02:28:49+00:00,TAKER,BUY,193.784116,0.1548114449,29.999998996629213,112479257845988053068615450119305106678163399282962220155205612595157568086704,0x71ee81f490bb93ed330b55da782a4fd5336a106717c3aaa35937a36202273033,Will the highest temperature in Milan be 33°C on June 25?,highest-temperature-in-milan-on-june-25-2026-33c,highest-temperature-in-milan-on-june-25-2026,Yes,0,0xb83e0e6410a0d45427d92446ca3b3c4c1c4e7a39f252bda7bda0c4956e1712a3,0xbddc2a7690BF600E347d5eb4A9C28f9F24E55d4f-1774968947489,Equal-Sun
1782280778,2026-06-24T05:59:38+00:00,TAKER,BUY,5,0.53,2.6500000000000004,85163940709441739316147093288949655016610354377495354746293092062065877394991,0x232e69b862ccb52f34674900b9457ee570573bd83661ef2698f64daf2321ce3e,Will the highest temperature in Tel Aviv be 30°C on June 24?,highest-temperature-in-tel-aviv-on-june-24-2026-30c,highest-temperature-in-tel-aviv-on-june-24-2026,Yes,0,0xff1baf32ba8e743aa8f049881f9aff58bfb3a0774f43c30d60cea913cdcce087,0xbddc2a7690BF600E347d5eb4A9C28f9F24E55d4f-1774968947489,Equal-Sun
1782280822,2026-06-24T06:00:22+00:00,TAKER,BUY,79.272726,0.5424311888,42.99999900359667,85163940709441739316147093288949655016610354377495354746293092062065877394991,0x232e69b862ccb52f34674900b9457ee570573bd83661ef2698f64daf2321ce3e,Will the highest temperature in Tel Aviv be 30°C on June 24?,highest-temperature-in-tel-aviv-on-june-24-2026-30c,highest-temperature-in-tel-aviv-on-june-24-2026,Yes,0,0xa742b7a6f21ef53a7a0e87951fd958c7b46800e82b1463d874107c144bb9f2f1,0xbddc2a7690BF600E347d5eb4A9C28f9F24E55d4f-1774968947489,Equal-Sun
1782289763,2026-06-24T08:29:23+00:00,TAKER,BUY,20,0.15,3.0,73447079669655374134638525931577927016025850459380795588643608835754444978914,0x175ab3862300a60a4fa78aa64960e1fed54dcc78f2d684c035b2030756c74b8f,Will the highest temperature in Tel Aviv be 29°C on June 25?,highest-temperature-in-tel-aviv-on-june-25-2026-29c,highest-temperature-in-tel-aviv-on-june-25-2026,Yes,0,0x80733a78890cefe7f2dd386092672bd74d6650f8715a876b889c72e460e43c23,0xbddc2a7690BF600E347d5eb4A9C28f9F24E55d4f-1774968947489,Equal-Sun
1782290156,2026-06-24T08:35:56+00:00,TAKER,SELL,20,0.13,2.6,73447079669655374134638525931577927016025850459380795588643608835754444978914,0x175ab3862300a60a4fa78aa64960e1fed54dcc78f2d684c035b2030756c74b8f,Will the highest temperature in Tel Aviv be 29°C on June 25?,highest-temperature-in-tel-aviv-on-june-25-2026-29c,highest-temperature-in-tel-aviv-on-june-25-2026,Yes,0,0x48c8c49c2e584c0906ca1ce554bb650999ae08845a79b2c5f895c1b222f3ca34,0xbddc2a7690BF600E347d5eb4A9C28f9F24E55d4f-1774968947489,Equal-Sun
1782292501,2026-06-24T09:15:01+00:00,TAKER,BUY,2.8169,0.71,1.9999989999999999,85163940709441739316147093288949655016610354377495354746293092062065877394991,0x232e69b862ccb52f34674900b9457ee570573bd83661ef2698f64daf2321ce3e,Will the highest temperature in Tel Aviv be 30°C on June 24?,highest-temperature-in-tel-aviv-on-june-24-2026-30c,highest-temperature-in-tel-aviv-on-june-24-2026,Yes,0,0xf563191066b6ed11d16f5ab5824cce6e9d4f2bdb1a28b06bc0acf6c11c46ab66,0xbddc2a7690BF600E347d5eb4A9C28f9F24E55d4f-1774968947489,Equal-Sun
1782307670,2026-06-24T13:27:50+00:00,TAKER,SELL,124.29,0.0614079974,7.632399996846,72678706134631847055090799384484817325695731808659714031312404357115392560503,0x45951f8a36079582fe2b75fd2e2b3c78fdc2b7d57a9ae4a4564eb2c8a6d21ced,Will the highest temperature in Istanbul be 27°C on June 24?,highest-temperature-in-istanbul-on-june-24-2026-27c,highest-temperature-in-istanbul-on-june-24-2026,Yes,0,0x32811a79da70d2eb8eb717e5ec9341b8d9fc4960859aa15b3115e30488af9c63,0xbddc2a7690BF600E347d5eb4A9C28f9F24E55d4f-1774968947489,Equal-Sun
1782349370,2026-06-25T01:02:50+00:00,TAKER,BUY,177.27625,0.3948639482,69.99999999709024,43578886397043474435970381768763912006948263477095307778459556212526193242119,0xdde7a26adc4f1c04d72b3212dd52e81daf562579107e0cf3cd936b75455d2fa7,Will the highest temperature in Istanbul be 28°C on June 26?,highest-temperature-in-istanbul-on-june-26-2026-28c,highest-temperature-in-istanbul-on-june-26-2026,Yes,0,0x8013b93bb8ee3d1e9af46383c307d0ebfa046ae1a3f6635bda1e89f00db8353c,0xbddc2a7690BF600E347d5eb4A9C28f9F24E55d4f-1774968947489,Equal-Sun
1782349907,2026-06-25T01:11:47+00:00,TAKER,SELL,193.78,0.114191351,22.127999996779998,112479257845988053068615450119305106678163399282962220155205612595157568086704,0x71ee81f490bb93ed330b55da782a4fd5336a106717c3aaa35937a36202273033,Will the highest temperature in Milan be 33°C on June 25?,highest-temperature-in-milan-on-june-25-2026-33c,highest-temperature-in-milan-on-june-25-2026,Yes,0,0xcf30826455e3efd4804cbae0b02545c5d63651d3efce93b4c3ff72f695a24974,0xbddc2a7690BF600E347d5eb4A9C28f9F24E55d4f-1774968947489,Equal-Sun
1782349922,2026-06-25T01:12:02+00:00,TAKER,BUY,65.21739,0.4599999939,29.99999900217392,69332199563009923971043217538220161955354973345537660913151356303797951116687,0x270cd8796dd9e98a87a77d3c06cc73858747d9320e463a99398b0d972eaa36ea,Will the highest temperature in Milan be 34°C on June 25?,highest-temperature-in-milan-on-june-25-2026-34c,highest-temperature-in-milan-on-june-25-2026,Yes,0,0xd15ca66b5762c6b8b249ed20ba3dd3ef1c25d3449f78d039c76637eaa483f706,0xbddc2a7690BF600E347d5eb4A9C28f9F24E55d4f-1774968947489,Equal-Sun
1782352972,2026-06-25T02:02:52+00:00,TAKER,BUY,71.42857,0.4199999944,29.999999000000006,4344651096973561638023685255133921402046072739119747702662868320657301500203,0xe98592bf9b303e667023c387536a7633c72879aa22a68ea20c0edc860a32802a,Will the highest temperature in Milan be 35°C on June 26?,highest-temperature-in-milan-on-june-26-2026-35c,highest-temperature-in-milan-on-june-26-2026,Yes,0,0x44b1ab547cabb029eef476b4b1465adfc14578ed6cfa0d2c670d8c56efd4bbfd,0xbddc2a7690BF600E347d5eb4A9C28f9F24E55d4f-1774968947489,Equal-Sun
1782352975,2026-06-25T02:02:55+00:00,TAKER,BUY,99.166773,0.3025206739,29.999998996448326,110210491276569057230884214914791177941060568550649207026675234438449221847763,0xa548a6ceed536991f783f224763cbba9ecfffe82a18d541213733012407758d3,Will the highest temperature in Milan be 34°C on June 26?,highest-temperature-in-milan-on-june-26-2026-34c,highest-temperature-in-milan-on-june-26-2026,Yes,0,0x7b63e16d97d3853aebecbde55f098897c3449f411845cd5f00dac748137e8602,0xbddc2a7690BF600E347d5eb4A9C28f9F24E55d4f-1774968947489,Equal-Sun
1782361223,2026-06-25T04:20:23+00:00,TAKER,BUY,13.888887,0.359999977,4.9999990005556,66730103057930787391283887045126717356238212558790991147416315375876012046801,0xdc764e2dd2d6086ba5a95d6c2590bb357f8490aafc1c60f270141036eed87e7d,Will the highest temperature in Karachi be 34°C on June 26?,highest-temperature-in-karachi-on-june-26-2026-34c,highest-temperature-in-karachi-on-june-26-2026,Yes,0,0x5e9b0c02bbed818ca8506c1dba2fe55237ce8c1cc766d3b4dc93aa245919afc3,0xbddc2a7690BF600E347d5eb4A9C28f9F24E55d4f-1774968947489,Equal-Sun
1782365488,2026-06-25T05:31:28+00:00,TAKER,SELL,209.7,0.0429170243,8.99969999571,93058768707542180825064318154044835832444670250740468336647363214874923953706,0x61c44d37df28d4b3bd8c255df01a4714b64a43e2756d3d6152f89040ade95492,Will the highest temperature in Istanbul be 26°C on June 25?,highest-temperature-in-istanbul-on-june-25-2026-26c,highest-temperature-in-istanbul-on-june-25-2026,Yes,0,0x0bb6ae5d7c371da9b69dd78fe4f1b722949d9853fa0cf44257e0c65d097ae8eb,0xbddc2a7690BF600E347d5eb4A9C28f9F24E55d4f-1774968947489,Equal-Sun
1782365507,2026-06-25T05:31:47+00:00,TAKER,SELL,13.88,0.34,4.719200000000001,66730103057930787391283887045126717356238212558790991147416315375876012046801,0xdc764e2dd2d6086ba5a95d6c2590bb357f8490aafc1c60f270141036eed87e7d,Will the highest temperature in Karachi be 34°C on June 26?,highest-temperature-in-karachi-on-june-26-2026-34c,highest-temperature-in-karachi-on-june-26-2026,Yes,0,0x3c0d2971994587fffe2007c2f963a209c7468d4163c878b7ed6479b7e23bb2e5,0xbddc2a7690BF600E347d5eb4A9C28f9F24E55d4f-1774968947489,Equal-Sun
1782365815,2026-06-25T05:36:55+00:00,TAKER,BUY,72.324522,0.4147970587,29.99999899748344,84866465410406163535599703049486745277216269267917634263392702215089373970739,0xfcd1420429d9ff4b72c8025f741413195c31013584cd46e3589201d68431258b,Will the highest temperature in Chicago be between 78-79°F on June 25?,highest-temperature-in-chicago-on-june-25-2026-78-79f,highest-temperature-in-chicago-on-june-25-2026,Yes,0,0xcacad1ffbfb1adcfefafe49b71d530a26c98957c6b91dd4ff8dad68a83703cf0,0xbddc2a7690BF600E347d5eb4A9C28f9F24E55d4f-1774968947489,Equal-Sun
1782377636,2026-06-25T08:53:56+00:00,TAKER,SELL,97.88,0.998,97.68423999999999,3547828874078836694451637219677404402992573874364463558221491391830660607605,0x834bfaa8aaa8563ab9d423aa2c186edae4a79a7f9e4519357409659a16aaec57,Will the highest temperature in Seoul be 26°C on June 25?,highest-temperature-in-seoul-on-june-25-2026-26c,highest-temperature-in-seoul-on-june-25-2026,Yes,0,0x92ed83f254b7bafe891bbb8812d89f8cc5a51f3b63647401ac89fbd2c0f62c1b,0xbddc2a7690BF600E347d5eb4A9C28f9F24E55d4f-1774968947489,Equal-Sun
1782377749,2026-06-25T08:55:49+00:00,TAKER,BUY,76.923074,0.6499999987,49.999998000000005,70016593003336765296465701815440233932864872946729729488359662766938044758186,0xfad39b0e88064678b490f6849447d68062aec0daee50f3e48f8e249f524eb430,Will the highest temperature in Tel Aviv be 30°C on June 26?,highest-temperature-in-tel-aviv-on-june-26-2026-30c,highest-temperature-in-tel-aviv-on-june-26-2026,Yes,0,0x45f3c9c4ae45cdfb1f94921a99ba0668c4d523ca059e2f5dddc1dca9eac9bbfe,0xbddc2a7690BF600E347d5eb4A9C28f9F24E55d4f-1774968947489,Equal-Sun
1782377752,2026-06-25T08:55:52+00:00,TAKER,BUY,121.038883,0.2478542288,29.99999900077843,18054146047667319514190158181235253133244109900583207278998197597037690842033,0xe88505b6ef485060feaa28be08a04a50d5a902b4ea942bf31ac11c56f2283b20,Will the highest temperature in Tokyo be 28°C on June 26?,highest-temperature-in-tokyo-on-june-26-2026-28c,highest-temperature-in-tokyo-on-june-26-2026,Yes,0,0x38e72f62af0b5a371d2264b48adbd1dae751d9699b9eb45150da486c234ed913,0xbddc2a7690BF600E347d5eb4A9C28f9F24E55d4f-1774968947489,Equal-Sun
1782426028,2026-06-25T22:20:28+00:00,TAKER,BUY,49.821706,0.4014314363,19.999998998496327,114661711150893696715493554394240162111470707964115905588099667397065656555079,0x38135796924167bfdb9b03a268903583e063c796a9c89502e5f25f2c708f768a,Will the highest temperature in Helsinki be 23°C on June 26?,highest-temperature-in-helsinki-on-june-26-2026-23c,highest-temperature-in-helsinki-on-june-26-2026,Yes,0,0x81588483d58e09f28863acdc7766c3afeda058b83f5f76193c3021405e923f65,0xbddc2a7690BF600E347d5eb4A9C28f9F24E55d4f-1774968947489,Equal-Sun
1782426044,2026-06-25T22:20:44+00:00,TAKER,BUY,46.511626,0.4299999961,19.99999899860466,62330188326943016058436022749706616230205265572155288722619281880989966261579,0xb9fc8a362bd4cfd05ef9a0a117779655b6a2cecf1d11b28c1f21563ba52366cb,Will the highest temperature in Helsinki be 24°C on June 26?,highest-temperature-in-helsinki-on-june-26-2026-24c,highest-temperature-in-helsinki-on-june-26-2026,Yes,0,0xed7aa994b0f7df541d1710fb982506acc742d9a422dd2c41faee8f21e52f8043,0xbddc2a7690BF600E347d5eb4A9C28f9F24E55d4f-1774968947489,Equal-Sun
1782426050,2026-06-25T22:20:50+00:00,TAKER,BUY,115.555554,0.1730769168,19.999999005435907,103166050123607088886449425019520290994120764046372872187240888051101540474629,0x5c7ad838be07817b1344058386a3c83178d371d18edf0849d6f8256b7680b157,Will the highest temperature in Munich be 36°C on June 26?,highest-temperature-in-munich-on-june-26-2026-36c,highest-temperature-in-munich-on-june-26-2026,Yes,0,0x67b20ae8c3eb2d5ece7b5c587dc29d5665c3adf2cf7a4dd4dd04889b6ecd8f1f,0xbddc2a7690BF600E347d5eb4A9C28f9F24E55d4f-1774968947489,Equal-Sun
1782433270,2026-06-26T00:21:10+00:00,TAKER,BUY,37.735848,0.5299999883,19.999998998490575,36361865338789317349971665307187948389190684411145496479766383865786459235927,0x3e87b96020ab0b8bbf399c6e454f32b2ace7a463bce2306070e8c21c19f8c1f8,Will the highest temperature in Houston be between 92-93°F on June 26?,highest-temperature-in-houston-on-june-26-2026-92-93f,highest-temperature-in-houston-on-june-26-2026,Yes,0,0xc309026882458133b884e8dec5653320a272898471986bfd10e124f8eb6c941a,0xbddc2a7690BF600E347d5eb4A9C28f9F24E55d4f-1774968947489,Equal-Sun
1782435070,2026-06-26T00:51:10+00:00,TAKER,BUY,148.936169,0.4699999971,69.99999899808512,91190221262700744243986603417459391396137850401522937471605233443504719560265,0x1890505dc0d4d4b2a63c390b4119af60b3e84d859db6df922363db9de935f407,Will the highest temperature in Istanbul be 28°C on June 27?,highest-temperature-in-istanbul-on-june-27-2026-28c,highest-temperature-in-istanbul-on-june-27-2026,Yes,0,0xe404274c26043fac11372d2a069cf986489356f54de8a2be109a7615d1073213,0xbddc2a7690BF600E347d5eb4A9C28f9F24E55d4f-1774968947489,Equal-Sun
1782447742,2026-06-26T04:22:22+00:00,TAKER,BUY,18.518517,0.2699999681,4.999998999259307,6441151873409700111752496444013244823830619366001997560607802391393512598369,0x6c42c83c14be2f0ce4fc0e30c1baf93167939f6ea584428672c36ebd1535ce19,Will the highest temperature in Karachi be 34°C on June 27?,highest-temperature-in-karachi-on-june-27-2026-34c,highest-temperature-in-karachi-on-june-27-2026,Yes,0,0xd7a4488d35417ca79298e00d1b905a8ed3fcdf22e26a3d8da373b1d94261bf6a,0xbddc2a7690BF600E347d5eb4A9C28f9F24E55d4f-1774968947489,Equal-Sun
1782448333,2026-06-26T04:32:13+00:00,TAKER,SELL,18.51,0.2481037277,4.592399999727,6441151873409700111752496444013244823830619366001997560607802391393512598369,0x6c42c83c14be2f0ce4fc0e30c1baf93167939f6ea584428672c36ebd1535ce19,Will the highest temperature in Karachi be 34°C on June 27?,highest-temperature-in-karachi-on-june-27-2026-34c,highest-temperature-in-karachi-on-june-27-2026,Yes,0,0xe35196fb0be120b9b826f37e22256c9bc8b8c95cedd78d67ea8bff816bd125ff,0xbddc2a7690BF600E347d5eb4A9C28f9F24E55d4f-1774968947489,Equal-Sun
1782456826,2026-06-26T06:53:46+00:00,TAKER,BUY,82.274192,0.607723975,49.999999002153196,93753538072051849252630138207293067894542331597793806506661797900411501640638,0x608392fb1234ddc6c263650f4ba8985686981116e4937f4fd4abad8fbcad309e,Will the highest temperature in Tel Aviv be 30°C on June 27?,highest-temperature-in-tel-aviv-on-june-27-2026-30c,highest-temperature-in-tel-aviv-on-june-27-2026,Yes,0,0x58b7b6f25c91bc93a020a7e8b6a571efa66fc95ba5fd35b55db24e755f65f985,0xbddc2a7690BF600E347d5eb4A9C28f9F24E55d4f-1774968947489,Equal-Sun
1782466790,2026-06-26T09:39:50+00:00,TAKER,BUY,62.5,0.32,20.0,59956987343149445046286542265694035238275689252885633706857370210618169843949,0x64a3086a466d6bab4d667546a1b7c44110c02207413634cf0764d7dfa1f3760a,Will the highest temperature in Hong Kong be 29°C on June 27?,highest-temperature-in-hong-kong-on-june-27-2026-29c,highest-temperature-in-hong-kong-on-june-27-2026,Yes,0,0x5a08effe8e1f0f99520296403ccc6a1e55624fe469b172652250573fa2a96523,0xbddc2a7690BF600E347d5eb4A9C28f9F24E55d4f-1774968947489,Equal-Sun
1782468022,2026-06-26T10:00:22+00:00,TAKER,SELL,115.55,0.2227615751,25.740100002805,103166050123607088886449425019520290994120764046372872187240888051101540474629,0x5c7ad838be07817b1344058386a3c83178d371d18edf0849d6f8256b7680b157,Will the highest temperature in Munich be 36°C on June 26?,highest-temperature-in-munich-on-june-26-2026-36c,highest-temperature-in-munich-on-june-26-2026,Yes,0,0xb1fe2e49bfbe7256a79d6d2df8ee970b3f1073c899a4d9877e730e8d630ffe05,0xbddc2a7690BF600E347d5eb4A9C28f9F24E55d4f-1774968947489,Equal-Sun
1782468608,2026-06-26T10:10:08+00:00,TAKER,BUY,60.606059,0.3299999922,19.99999899727274,109425077841944980475650178704727485028681658785939671186098629427213116319246,0x6147e93fa67a12b27f30e66b68d2b100e3bce28a5dc540e1794dc4a18cd538d1,Will the highest temperature in Hong Kong be 30°C on June 27?,highest-temperature-in-hong-kong-on-june-27-2026-30c,highest-temperature-in-hong-kong-on-june-27-2026,Yes,0,0x8eb5d0b862b2ff5ff040e03327c8ee5f4e33f9d15caea8f1acf6ea13a7bfc10d,0xbddc2a7690BF600E347d5eb4A9C28f9F24E55d4f-1774968947489,Equal-Sun
1782474463,2026-06-26T11:47:43+00:00,TAKER,SELL,73.11,0.1995281083,14.587499997813,70016593003336765296465701815440233932864872946729729488359662766938044758186,0xfad39b0e88064678b490f6849447d68062aec0daee50f3e48f8e249f524eb430,Will the highest temperature in Tel Aviv be 30°C on June 26?,highest-temperature-in-tel-aviv-on-june-26-2026-30c,highest-temperature-in-tel-aviv-on-june-26-2026,Yes,0,0x506b81e4280bc82d07305d3dbf436925cbdc39e6b1e075d6f5a0266a4cdbc0ec,0xbddc2a7690BF600E347d5eb4A9C28f9F24E55d4f-1774968947489,Equal-Sun
1782476534,2026-06-26T12:22:14+00:00,TAKER,SELL,121.03,0.999,120.90897,18054146047667319514190158181235253133244109900583207278998197597037690842033,0xe88505b6ef485060feaa28be08a04a50d5a902b4ea942bf31ac11c56f2283b20,Will the highest temperature in Tokyo be 28°C on June 26?,highest-temperature-in-tokyo-on-june-26-2026-28c,highest-temperature-in-tokyo-on-june-26-2026,Yes,0,0xd96f83585c79c185f3cca42cb83fcfb81b3403a065185c881cc42fb39e13ec17,0xbddc2a7690BF600E347d5eb4A9C28f9F24E55d4f-1774968947489,Equal-Sun
1782476816,2026-06-26T12:26:56+00:00,TAKER,BUY,96.774192,0.3099999946,29.99999899741936,103305797448967913712722965575082561778200894217592776295526681911514405414292,0x31d7499e548825086b66ba77d968b8eb663d3e5fb3bdfd13b4e7f5fdfe41724c,Will the highest temperature in Tokyo be 25°C on June 27?,highest-temperature-in-tokyo-on-june-27-2026-25c,highest-temperature-in-tokyo-on-june-27-2026,Yes,0,0xf42e04e219b206858006ea71d970c09934fbcaafeeef4e0ac81b213515777ecc,0xbddc2a7690BF600E347d5eb4A9C28f9F24E55d4f-1774968947489,Equal-Sun
1782476821,2026-06-26T12:27:01+00:00,TAKER,BUY,79.395262,0.3778562882,29.99999899998651,28738982958290817215686761967681939479741504439044552780806880505569022715404,0xdf907169c4a84c7104b37b3a5003426426c84c6136080f969bee53ca85b3775e,Will the highest temperature in Tokyo be 24°C on June 27?,highest-temperature-in-tokyo-on-june-27-2026-24c,highest-temperature-in-tokyo-on-june-27-2026,Yes,0,0xc5be47ecc6981a222572215a6bd6398eac06fa4e79458ecd0467e18ca1914625,0xbddc2a7690BF600E347d5eb4A9C28f9F24E55d4f-1774968947489,Equal-Sun
1782507829,2026-06-26T21:03:49+00:00,TAKER,BUY,68.965516,0.2899999907,19.999998998620697,25790773417339544137654511453481861569489001933242315343844664426871147793863,0x2122eafa12264df4a64af8d3d66ffb51bda923e73570e8ecf8f8873fb0194b67,Will the highest temperature in Helsinki be 26°C on June 27?,highest-temperature-in-helsinki-on-june-27-2026-26c,highest-temperature-in-helsinki-on-june-27-2026,Yes,0,0x1e8e20a8b7f961d077fb10103228c163620529c50c1af46ea7a57bd8edcfa1dc,0xbddc2a7690BF600E347d5eb4A9C28f9F24E55d4f-1774968947489,Equal-Sun
1782512350,2026-06-26T22:19:10+00:00,TAKER,BUY,45.192,0.4425562046,19.9999999982832,32257953471781527367460052563340567234317494660788268270548947657755610736355,0x744f94dc6805c8d5d2d8d5e2cf111efcd5c7c8661f37af24aa99166a06b113c1,Will the highest temperature in Munich be 37°C on June 27?,highest-temperature-in-munich-on-june-27-2026-37c,highest-temperature-in-munich-on-june-27-2026,Yes,0,0xef8ec73d0d0ff4668283dfb8af972e82f604b400a0e2be3d26dc4a4222eee9d3,0xbddc2a7690BF600E347d5eb4A9C28f9F24E55d4f-1774968947489,Equal-Sun
1782518771,2026-06-27T00:06:11+00:00,TAKER,BUY,38.113206,0.5247524703,19.999998999552783,64529423236401042664600650672390159129284584481751615766084716701777715574209,0x6b8793443d469b5778129e5926b803bd57f24e73774ddf9d31031618e58f29df,Will the highest temperature in Houston be between 92-93°F on June 27?,highest-temperature-in-houston-on-june-27-2026-92-93f,highest-temperature-in-houston-on-june-27-2026,Yes,0,0xb1e3be8a314fa8efa26eb87a9f7e4bec7e16cd0085b90313a0ae10f7437b1cf5,0xbddc2a7690BF600E347d5eb4A9C28f9F24E55d4f-1774968947489,Equal-Sun
1782521542,2026-06-27T00:52:22+00:00,TAKER,BUY,207.679116,0.3370584407,69.99999900491443,15831591597173521622308867721883226306395968278690582254732144532263300872767,0x73352212fc088ff9fe95c631c9eede05e284fcfc3b3a57264423ce6b3350d66d,Will the highest temperature in Istanbul be 27°C on June 28?,highest-temperature-in-istanbul-on-june-28-2026-27c,highest-temperature-in-istanbul-on-june-28-2026,Yes,0,0xbc244cf3e986d2ce1c3437e3f5d7e5949aec51a8172cf8fdcbb76cf75f94ed9b,0xbddc2a7690BF600E347d5eb4A9C28f9F24E55d4f-1774968947489,Equal-Sun
1782525157,2026-06-27T01:52:37+00:00,TAKER,BUY,129.633332,0.231421954,29.999998994970728,29127780729827025165037194774530392463991987298708836178792277762019787621877,0xa7c5b960bced522bd863e445419818de543ff4ca43f771757d9792e6e727a433,Will the highest temperature in Milan be 37°C on June 28?,highest-temperature-in-milan-on-june-28-2026-37c,highest-temperature-in-milan-on-june-28-2026,Yes,0,0x11e2ebbd3bee2af20530e47ef48e1456f48decc8d5c8739e7edc8f3295b552af,0xbddc2a7690BF600E347d5eb4A9C28f9F24E55d4f-1774968947489,Equal-Sun
1782525160,2026-06-27T01:52:40+00:00,TAKER,BUY,90.551175,0.3313043591,29.999998999126944,35989154011224341427734002536422887541571183098716611796048953778141099031660,0xbdf2c077a1d190b2fe38f63077fe042df5c0944b74a47383cfde7bdd987691a1,Will the highest temperature in Milan be 36°C on June 28?,highest-temperature-in-milan-on-june-28-2026-36c,highest-temperature-in-milan-on-june-28-2026,Yes,0,0x1636656ab80b87889c03007d651ead8ec12c4649e7d39955ce71db49c702aa03,0xbddc2a7690BF600E347d5eb4A9C28f9F24E55d4f-1774968947489,Equal-Sun
1782526973,2026-06-27T02:22:53+00:00,TAKER,BUY,93.75,0.32,30.0,16243775322101981882511594703802561209418676158813343803962599305521595095091,0xb5a5ecfd8da30242338d71571d49d5a3d9d6064d53d2c67bc1b1fedc38fff01c,Will the highest temperature in Chicago be between 74-75°F on June 27?,highest-temperature-in-chicago-on-june-27-2026-74-75f,highest-temperature-in-chicago-on-june-27-2026,Yes,0,0xfa13e1bdc9c350369441c05bd31035042a49a89795b0b49a1605a1bb9606d031,0xbddc2a7690BF600E347d5eb4A9C28f9F24E55d4f-1774968947489,Equal-Sun
1782526975,2026-06-27T02:22:55+00:00,TAKER,BUY,73.17073,0.4099999959,29.99999900000001,106958400804197153002715061502892202405861127779390797553471802333137269151032,0xb1889d94908a0ac72d455fdd4f187cf0b8061e1440d84d017963c47a7f6f69fc,Will the highest temperature in Chicago be between 76-77°F on June 27?,highest-temperature-in-chicago-on-june-27-2026-76-77f,highest-temperature-in-chicago-on-june-27-2026,Yes,0,0x9d78766c7791238e896b5197ce808c33130c272745d2bde67ce27e6a6c233c5f,0xbddc2a7690BF600E347d5eb4A9C28f9F24E55d4f-1774968947489,Equal-Sun
1782542359,2026-06-27T06:39:19+00:00,TAKER,BUY,86.53448,0.5778043388,49.99999799980183,68040841001348790937372456507717503228791896267885053884328706305010628276344,0x835925678853decd158bb0783ccd82c83cfcfd424c4219fbd093343c8db796bb,Will the highest temperature in Tel Aviv be 31°C on June 28?,highest-temperature-in-tel-aviv-on-june-28-2026-31c,highest-temperature-in-tel-aviv-on-june-28-2026,Yes,0,0xe045152653be43e91597c9144c19376ebe2d53668ecace6f33c63a34993b6917,0xbddc2a7690BF600E347d5eb4A9C28f9F24E55d4f-1774968947489,Equal-Sun
1782546925,2026-06-27T07:55:25+00:00,TAKER,BUY,46.511626,0.4299999961,19.99999899860466,79760420893252324276270786718817013640140919309382314099321750468777355234662,0x697f101a793768cbb7d0087642fb4147e8206a214ec4e7c73fc660b0b5b68cf3,Will the highest temperature in Houston be between 94-95°F on June 28?,highest-temperature-in-houston-on-june-28-2026-94-95f,highest-temperature-in-houston-on-june-28-2026,Yes,0,0xe1a036296e7c790e866e72591f07cf8e2c7d3ad3c75bad12ff2cfe1901eff290,0xbddc2a7690BF600E347d5eb4A9C28f9F24E55d4f-1774968947489,Equal-Sun
1782550567,2026-06-27T08:56:07+00:00,TAKER,BUY,103.448274,0.2899999956,29.999999004827593,30177701760789935360908993172303729794844544736317809180647232853760331228972,0x2518defe5ee8263ffb07040ac40421a310ddd6b2f8f91546806cc8997a19c16a,Will the highest temperature in Tokyo be 25°C on June 28?,highest-temperature-in-tokyo-on-june-28-2026-25c,highest-temperature-in-tokyo-on-june-28-2026,Yes,0,0x12cdb76f720309fe0ff448f364e6d165e229518708bca3ea608629e60a1f23c0,0xbddc2a7690BF600E347d5eb4A9C28f9F24E55d4f-1774968947489,Equal-Sun
1782592483,2026-06-27T20:34:43+00:00,TAKER,BUY,90,0.3888888889,35.000000001000004,110359798834546593245583906063140899623588471503930598935342149646513972867727,0xe020bab2df47d581c521bde9f2d65fafc31e1177f2befb6612e0bf0df4c4a42a,Will the highest temperature in Helsinki be 24°C on June 28?,highest-temperature-in-helsinki-on-june-28-2026-24c,highest-temperature-in-helsinki-on-june-28-2026,Yes,0,0x20ad50bfa07016965742da5c0b39d4150c48949de5389d76a46ec8c52d6fbf4e,0xbddc2a7690BF600E347d5eb4A9C28f9F24E55d4f-1774968947489,Equal-Sun
1782592487,2026-06-27T20:34:47+00:00,TAKER,BUY,135.478075,0.2583443779,34.999999004964536,101881331798459801844148588258178956999631586165479137213359893973197773051273,0x2203b5ea2c883099184b0cb652f2ec2de688b13d1a747f159b049f0db6756068,Will the highest temperature in Helsinki be 25°C on June 28?,highest-temperature-in-helsinki-on-june-28-2026-25c,highest-temperature-in-helsinki-on-june-28-2026,Yes,0,0x43f480caa838e414f777187a5e263fc048ba44e90a88bef7eea20d91c9573ca0,0xbddc2a7690BF600E347d5eb4A9C28f9F24E55d4f-1774968947489,Equal-Sun
1782608074,2026-06-28T00:54:34+00:00,TAKER,BUY,153.846152,0.5199999997,79.99999899384615,77891759091347804973513890993162143601239448710012336895919611447349358111340,0x93fa8c3398be5ba611dc2bce23f75b90b2d1c1c63ace20ccc52cbe504a63c04c,Will the highest temperature in Istanbul be 29°C on June 29?,highest-temperature-in-istanbul-on-june-29-2026-29c,highest-temperature-in-istanbul-on-june-29-2026,Yes,0,0x8cb9053f9acbf6e52e0b64411c4da999bbf5c3d9e860b628d3c55a96f7057dfa,0xbddc2a7690BF600E347d5eb4A9C28f9F24E55d4f-1774968947489,Equal-Sun
1782610811,2026-06-28T01:40:11+00:00,TAKER,BUY,118.4,0.1689189189,19.99999999776,26302861802092875559044017419631198643876374949116586732784210442861872496833,0xd6a3016280787837735c15170707d688580a8822c72070f8392b0de59f6a88dd,Will the highest temperature in Munich be 38°C on June 28?,highest-temperature-in-munich-on-june-28-2026-38c,highest-temperature-in-munich-on-june-28-2026,Yes,0,0x0d1a3005d1e7e1eb994e323307edc94c2b6e7a3ba03080d27747778fd4862165,0xbddc2a7690BF600E347d5eb4A9C28f9F24E55d4f-1774968947489,Equal-Sun
1782611749,2026-06-28T01:55:49+00:00,TAKER,BUY,103.793102,0.2890365392,29.9999989949126,8251713132343185341871278829709578983982963847668906080067473701228866623510,0xbedd3d737af71873171cbbf48f6dbec32502b879579247dc65a92e502354f990,Will the highest temperature in Milan be 36°C on June 29?,highest-temperature-in-milan-on-june-29-2026-36c,highest-temperature-in-milan-on-june-29-2026,Yes,0,0xb5c8c4a15306dcb1fbcf234ecc7ca5a361212ebac8b594baba7fcb7671766945,0xbddc2a7690BF600E347d5eb4A9C28f9F24E55d4f-1774968947489,Equal-Sun
1782611752,2026-06-28T01:55:52+00:00,TAKER,BUY,50,0.6,30.0,61831788736142342939679371937177776781867333968807301676831731638729881963897,0xdc41725445e5e0008916588d50c631d61094b82a79b5e1c87a63f2e8ea4ceabc,Will the highest temperature in Milan be 35°C or below on June 29?,highest-temperature-in-milan-on-june-29-2026-35corbelow,highest-temperature-in-milan-on-june-29-2026,Yes,0,0xde84b76d6845e9019fbfa876725d083495a38e5f9d08f1a32dd730c132ead378,0xbddc2a7690BF600E347d5eb4A9C28f9F24E55d4f-1774968947489,Equal-Sun
1782613568,2026-06-28T02:26:08+00:00,TAKER,BUY,129.290321,0.3093812336,39.99999900351999,113212574227809002760745899269377287404474197034938333206417485989373896854616,0x94a1de955a3d190a35b7e35f480b9fd5c3ce7c444b76a6a1a83890f5b1b12455,Will the highest temperature in Chicago be between 82-83°F on June 28?,highest-temperature-in-chicago-on-june-28-2026-82-83f,highest-temperature-in-chicago-on-june-28-2026,Yes,0,0x5e6c087838fa2c45dc5a549f0b114ec1b7952c1bb7f47d4038f5e2c144007ef5,0xbddc2a7690BF600E347d5eb4A9C28f9F24E55d4f-1774968947489,Equal-Sun
1782613571,2026-06-28T02:26:11+00:00,TAKER,BUY,105.263156,0.3799999973,39.999998995789475,96354283006398434187220384117939125287201022516086114239845423192141804889930,0x852549081d8e43dbc9c6636361eb81f4286dfad6e697478aff018370a57304f8,Will the highest temperature in Chicago be between 84-85°F on June 28?,highest-temperature-in-chicago-on-june-28-2026-84-85f,highest-temperature-in-chicago-on-june-28-2026,Yes,0,0xa4792a4c4778b7fe894027827eaf991feaa645439314dc33bc7474e644a54ed8,0xbddc2a7690BF600E347d5eb4A9C28f9F24E55d4f-1774968947489,Equal-Sun
1782629054,2026-06-28T06:44:14+00:00,TAKER,BUY,99.073332,0.5046766672,49.999999002159115,77297441642658678024461834305271105714173740108440721949870731663999142393640,0x92c12765f98792c2fc35eecf9f08af2c4ccdae854440d83475ca125af6aacf40,Will the highest temperature in Tel Aviv be 32°C on June 29?,highest-temperature-in-tel-aviv-on-june-29-2026-32c,highest-temperature-in-tel-aviv-on-june-29-2026,Yes,0,0x4fd529a32dc11fbf08cf0ebece97fd8fd975bcd7931e5db9268a52976ef23c07,0xbddc2a7690BF600E347d5eb4A9C28f9F24E55d4f-1774968947489,Equal-Sun
1782646808,2026-06-28T11:40:08+00:00,TAKER,BUY,14.33,0.46,6.5918,77891759091347804973513890993162143601239448710012336895919611447349358111340,0x93fa8c3398be5ba611dc2bce23f75b90b2d1c1c63ace20ccc52cbe504a63c04c,Will the highest temperature in Istanbul be 29°C on June 29?,highest-temperature-in-istanbul-on-june-29-2026-29c,highest-temperature-in-istanbul-on-june-29-2026,Yes,0,0xd5022efeb40dc41eb36b33e23f5dc170f77b60b11d4aae1bd28e96ee62c3fe6d,0xbddc2a7690BF600E347d5eb4A9C28f9F24E55d4f-1774968947489,Equal-Sun
1782646864,2026-06-28T11:41:04+00:00,TAKER,SELL,135.47,0.0458706725,6.214100003575,101881331798459801844148588258178956999631586165479137213359893973197773051273,0x2203b5ea2c883099184b0cb652f2ec2de688b13d1a747f159b049f0db6756068,Will the highest temperature in Helsinki be 25°C on June 28?,highest-temperature-in-helsinki-on-june-28-2026-25c,highest-temperature-in-helsinki-on-june-28-2026,Yes,0,0x581cdd4f432295d445d257afe06ff374f8851e1c05cd86622874b8f60fdfb570,0xbddc2a7690BF600E347d5eb4A9C28f9F24E55d4f-1774968947489,Equal-Sun
1782650765,2026-06-28T12:46:05+00:00,TAKER,SELL,35,0.2,7.0,29127780729827025165037194774530392463991987298708836178792277762019787621877,0xa7c5b960bced522bd863e445419818de543ff4ca43f771757d9792e6e727a433,Will the highest temperature in Milan be 37°C on June 28?,highest-temperature-in-milan-on-june-28-2026-37c,highest-temperature-in-milan-on-june-28-2026,Yes,0,0x3725aad2a6ee39ef29b947934ca7db26052345b4a04cc68750ffb466859f0068,0xbddc2a7690BF600E347d5eb4A9C28f9F24E55d4f-1774968947489,Equal-Sun
1782651557,2026-06-28T12:59:17+00:00,TAKER,SELL,94.63,0.1793289654,16.969899995802,29127780729827025165037194774530392463991987298708836178792277762019787621877,0xa7c5b960bced522bd863e445419818de543ff4ca43f771757d9792e6e727a433,Will the highest temperature in Milan be 37°C on June 28?,highest-temperature-in-milan-on-june-28-2026-37c,highest-temperature-in-milan-on-june-28-2026,Yes,0,0xf5c61c015aceebd59ed5bdc2e296464c1c0cef718591373f470b21e67174c2a7,0xbddc2a7690BF600E347d5eb4A9C28f9F24E55d4f-1774968947489,Equal-Sun
1782651848,2026-06-28T13:04:08+00:00,TAKER,BUY,84.70229,0.4722422381,39.99999900179525,102371364693764765855735849646093351376243537042733095259290599604875813645761,0xa79df80c11924ca14976a9660babe9c23f57422a6fee383071f1b12ee1988225,Will the highest temperature in Hong Kong be 31°C on June 29?,highest-temperature-in-hong-kong-on-june-29-2026-31c,highest-temperature-in-hong-kong-on-june-29-2026,Yes,0,0x3708ac868b46806e6ac771f96f0188ef2e9d21367cc63c2755f946ada5ea7c4a,0xbddc2a7690BF600E347d5eb4A9C28f9F24E55d4f-1774968947489,Equal-Sun
1782662749,2026-06-28T16:05:49+00:00,TAKER,SELL,103.79,0.22,22.8338,8251713132343185341871278829709578983982963847668906080067473701228866623510,0xbedd3d737af71873171cbbf48f6dbec32502b879579247dc65a92e502354f990,Will the highest temperature in Milan be 36°C on June 29?,highest-temperature-in-milan-on-june-29-2026-36c,highest-temperature-in-milan-on-june-29-2026,Yes,0,0x35f3a9cd01364f98eb0348982f941dd0f2ef7149bb2234fe8d18061e294aaf20,0xbddc2a7690BF600E347d5eb4A9C28f9F24E55d4f-1774968947489,Equal-Sun
1782683620,2026-06-28T21:53:40+00:00,TAKER,BUY,63.829786,0.4699999934,29.99999899872341,100119908818954330283706846097940980837797022935794414124820722627126451719267,0xb506b19e71cd07a94fc88426c2f3d58e123b0ba9d9e28fd3a1bac14a5eab500c,Will the highest temperature in Houston be between 94-95°F on June 29?,highest-temperature-in-houston-on-june-29-2026-94-95f,highest-temperature-in-houston-on-june-29-2026,Yes,0,0x0c7b0471b0210dbd279fc54443b5d1025f4725296eae9ecfb83c127d518a3856,0xbddc2a7690BF600E347d5eb4A9C28f9F24E55d4f-1774968947489,Equal-Sun
1782686350,2026-06-28T22:39:10+00:00,TAKER,BUY,120.971745,0.1653278623,19.999999999550713,14454330601833344068704466953186435794255678698003340437943451116233538284789,0xb8d4bdfebc64e51d893b1cca6acab39f44324871be42c8cec04f70f708c6855f,Will the highest temperature in Munich be 31°C on June 29?,highest-temperature-in-munich-on-june-29-2026-31c,highest-temperature-in-munich-on-june-29-2026,Yes,0,0x13bc9ca130a4aad50bbf704f24c3b1bce4a24c3cb9b44827341233b281857041,0xbddc2a7690BF600E347d5eb4A9C28f9F24E55d4f-1774968947489,Equal-Sun
1782694502,2026-06-29T00:55:02+00:00,TAKER,BUY,210.526314,0.3799999985,79.99999900421054,90276062023464917670023709782988570126316658814095229576918670349156163896508,0x733607ca6af38c6f9eda406d6fad295806991b3c4ce3a5406d3602a31a9065aa,Will the highest temperature in Istanbul be 27°C on June 30?,highest-temperature-in-istanbul-on-june-30-2026-27c,highest-temperature-in-istanbul-on-june-30-2026,Yes,0,0x4300d1c3b6187dfad76a21e1e2a0473134ea8e3c842b3fd6f91e18a749df3ed5,0xbddc2a7690BF600E347d5eb4A9C28f9F24E55d4f-1774968947489,Equal-Sun
1782697214,2026-06-29T01:40:14+00:00,TAKER,BUY,58.441713,0.3422213,19.9999989970869,40242533754085243132965694713986997746148963089749087432089737737058606972621,0x4719c3022257abfac5a30c8074cf36c4e84925f35fd03f16c9b0c61227006d47,Will the highest temperature in Qingdao be 28°C on June 30?,highest-temperature-in-qingdao-on-june-30-2026-28c,highest-temperature-in-qingdao-on-june-30-2026,Yes,0,0xf58239edf2feb9276826f378ee5eb5979ad4b7c1924c2f64ddf91b204759a619,0xbddc2a7690BF600E347d5eb4A9C28f9F24E55d4f-1774968947489,Equal-Sun
1782697225,2026-06-29T01:40:25+00:00,TAKER,BUY,80.9692,0.2470075041,20.00000000097372,109341382814015441067327668137641725111233506833527944011615636263614288779864,0x5c2ba2b137baa0fd6b99cf2c9570eda6d22d7c9fcecca2ce88616036211ffa59,Will the highest temperature in Qingdao be 27°C on June 30?,highest-temperature-in-qingdao-on-june-30-2026-27c,highest-temperature-in-qingdao-on-june-30-2026,Yes,0,0x79187531b61ee6a887e4463e9e0cb49b175e15ee0b5e37880afa36fa0ae5d0d5,0xbddc2a7690BF600E347d5eb4A9C28f9F24E55d4f-1774968947489,Equal-Sun
1782698111,2026-06-29T01:55:11+00:00,TAKER,BUY,102.116,0.2937835403,30.0000000012748,47809137889791405662099861602793364077088639904534506506807768466233401292978,0x5b9d5d900cdcedc9a594a38a9f536dbc55fa67367e5cb26743d888bbdb4632fc,Will the highest temperature in Milan be 35°C on June 30?,highest-temperature-in-milan-on-june-30-2026-35c,highest-temperature-in-milan-on-june-30-2026,Yes,0,0xb8499e6f5331322f90a4d2245d3485085a838f67c8903eb9d1120be52c4f67b6,0xbddc2a7690BF600E347d5eb4A9C28f9F24E55d4f-1774968947489,Equal-Sun
1782699914,2026-06-29T02:25:14+00:00,TAKER,BUY,135.521738,0.2213666932,29.999998997776782,46273477570902014938410803074107046389226459046279491477620165925670429936051,0xd0f3a210ce130cf7f8ff62cce34b447195a0914c067e53996b9eb2041c9c136e,Will the highest temperature in Buenos Aires be 14°C on June 29?,highest-temperature-in-buenos-aires-on-june-29-2026-14c,highest-temperature-in-buenos-aires-on-june-29-2026,Yes,0,0x21e2a24e02a73c65c6f9239128e6908c9e9feba97d53485f85846fb4f8860a9f,0xbddc2a7690BF600E347d5eb4A9C28f9F24E55d4f-1774968947489,Equal-Sun
1782699920,2026-06-29T02:25:20+00:00,TAKER,BUY,69.76744,0.4299999971,29.99999899767442,8687977129532477345128220499008801564042426747950047762637276309000406230406,0x03969b5f8701e4ef43a48a79251ea81c90e257e8f4f10dcd8b83255506313ecf,Will the highest temperature in Buenos Aires be 15°C on June 29?,highest-temperature-in-buenos-aires-on-june-29-2026-15c,highest-temperature-in-buenos-aires-on-june-29-2026,Yes,0,0xecc4b025f955dc70c6a0b5890a9169d955b124db71e3fe9810b4cbd220cceada,0xbddc2a7690BF600E347d5eb4A9C28f9F24E55d4f-1774968947489,Equal-Sun
1782699925,2026-06-29T02:25:25+00:00,TAKER,BUY,108.108107,0.3699999945,39.99999899540541,2996175528052775252961440670542452065190237051658159974858558370945900268872,0x198c5cdb9f601d9c30b170e793615daaf8e0b22e3521f1b43568ee80ff174118,Will the highest temperature in Chicago be between 94-95°F on June 29?,highest-temperature-in-chicago-on-june-29-2026-94-95f,highest-temperature-in-chicago-on-june-29-2026,Yes,0,0x65fe4a3ac631e1825c9d71cb955184314d014895733a261e549d69afc638c33b,0xbddc2a7690BF600E347d5eb4A9C28f9F24E55d4f-1774968947489,Equal-Sun
1782699932,2026-06-29T02:25:32+00:00,TAKER,BUY,235.963332,0.1695178597,39.99999900832052,63600876162893386335794519019528930703577940260991586773625866857259106248347,0xf3b11a84d29868800fb47033a724c5c53f293c502f8480322cb2d1e1046273d9,Will the highest temperature in Chicago be between 96-97°F on June 29?,highest-temperature-in-chicago-on-june-29-2026-96-97f,highest-temperature-in-chicago-on-june-29-2026,Yes,0,0xa9b598eb5c146630552b88bb182d19d8fcab204baf8809bc276c5934419e0e80,0xbddc2a7690BF600E347d5eb4A9C28f9F24E55d4f-1774968947489,Equal-Sun
1782706291,2026-06-29T04:11:31+00:00,TAKER,BUY,121.21212,0.329999995,39.9999989939394,82367694073372699648189778519640625287739652982819555400953307508097761456271,0x93638a28eae586917b3297876482171a0d4b50dfc85f770c5fb13b3766181e66,Will the highest temperature in Ankara be 31°C on June 30?,highest-temperature-in-ankara-on-june-30-2026-31c,highest-temperature-in-ankara-on-june-30-2026,Yes,0,0x3336b894595e133898e0bf3e2730afc2d48dda4caf3023fc4669fbad078b5c49,0xbddc2a7690BF600E347d5eb4A9C28f9F24E55d4f-1774968947489,Equal-Sun
1782716408,2026-06-29T07:00:08+00:00,TAKER,BUY,147.058822,0.3399999967,49.999998994705884,79897326899965943228215696208219537712764008887384371570013142841600239786167,0xd205ba31c1d95f8088c38c600c7855ef5929803524893302c0bf52bd59d20fe5,Will the highest temperature in Tel Aviv be 31°C on June 30?,highest-temperature-in-tel-aviv-on-june-30-2026-31c,highest-temperature-in-tel-aviv-on-june-30-2026,Yes,0,0x561d57c62854043c67107c7d5586a791374a564de9317795be8adbb62db26236,0xbddc2a7690BF600E347d5eb4A9C28f9F24E55d4f-1774968947489,Equal-Sun
1782718601,2026-06-29T07:36:41+00:00,TAKER,SELL,235.96,0.0512557213,12.094299997948001,63600876162893386335794519019528930703577940260991586773625866857259106248347,0xf3b11a84d29868800fb47033a724c5c53f293c502f8480322cb2d1e1046273d9,Will the highest temperature in Chicago be between 96-97°F on June 29?,highest-temperature-in-chicago-on-june-29-2026-96-97f,highest-temperature-in-chicago-on-june-29-2026,Yes,0,0xc163ef0657a79a157e5138951bd54281f1d0a6bcf368c7c6ba988957498c4528,0xbddc2a7690BF600E347d5eb4A9C28f9F24E55d4f-1774968947489,Equal-Sun
1782718604,2026-06-29T07:36:44+00:00,TAKER,SELL,100,0.3,30.0,2996175528052775252961440670542452065190237051658159974858558370945900268872,0x198c5cdb9f601d9c30b170e793615daaf8e0b22e3521f1b43568ee80ff174118,Will the highest temperature in Chicago be between 94-95°F on June 29?,highest-temperature-in-chicago-on-june-29-2026-94-95f,highest-temperature-in-chicago-on-june-29-2026,Yes,0,0xbd90f98131fe74221d31685ce4f293433a218638ab1cda630fb48624f7e22d8d,0xbddc2a7690BF600E347d5eb4A9C28f9F24E55d4f-1774968947489,Equal-Sun
1782718666,2026-06-29T07:37:46+00:00,TAKER,SELL,8.1,0.28,2.2680000000000002,2996175528052775252961440670542452065190237051658159974858558370945900268872,0x198c5cdb9f601d9c30b170e793615daaf8e0b22e3521f1b43568ee80ff174118,Will the highest temperature in Chicago be between 94-95°F on June 29?,highest-temperature-in-chicago-on-june-29-2026-94-95f,highest-temperature-in-chicago-on-june-29-2026,Yes,0,0xa4150c9253dd8cea9c9df6c767085abc1c55282931357551fc2b12de09cf746f,0xbddc2a7690BF600E347d5eb4A9C28f9F24E55d4f-1774968947489,Equal-Sun
1782720031,2026-06-29T08:00:31+00:00,TAKER,BUY,187.370369,0.266851153,49.99999900568546,85452227613488954076417840259112115389665420989459796737122194614772816542895,0xe3c9b586a8df438ffca141a847459750515c0ed1c2774226002c4ea86fc594b3,Will the highest temperature in Austin be between 94-95°F on June 29?,highest-temperature-in-austin-on-june-29-2026-94-95f,highest-temperature-in-austin-on-june-29-2026,Yes,0,0x8565f8123122f06aa821a1e21eb923ad868b98c657b0d5da9ff980e8c4bd43c4,0xbddc2a7690BF600E347d5eb4A9C28f9F24E55d4f-1774968947489,Equal-Sun
1782720935,2026-06-29T08:15:35+00:00,TAKER,BUY,228.12318,0.4383596573,99.9999990069862,90276062023464917670023709782988570126316658814095229576918670349156163896508,0x733607ca6af38c6f9eda406d6fad295806991b3c4ce3a5406d3602a31a9065aa,Will the highest temperature in Istanbul be 27°C on June 30?,highest-temperature-in-istanbul-on-june-30-2026-27c,highest-temperature-in-istanbul-on-june-30-2026,Yes,0,0xe8d3f2b92ac037c8e6f81fd27d2b61d3cffa11357676cb86fff91100cc0337b3,0xbddc2a7690BF600E347d5eb4A9C28f9F24E55d4f-1774968947489,Equal-Sun
1782721352,2026-06-29T08:22:32+00:00,TAKER,BUY,56,0.4464285714,24.9999999984,90276062023464917670023709782988570126316658814095229576918670349156163896508,0x733607ca6af38c6f9eda406d6fad295806991b3c4ce3a5406d3602a31a9065aa,Will the highest temperature in Istanbul be 27°C on June 30?,highest-temperature-in-istanbul-on-june-30-2026-27c,highest-temperature-in-istanbul-on-june-30-2026,Yes,0,0x4c638f064134f1dd2f9ac608aa74b005bda7f5e25d56f6893984cf2e557db60c,0xbddc2a7690BF600E347d5eb4A9C28f9F24E55d4f-1774968947489,Equal-Sun
1782721372,2026-06-29T08:22:52+00:00,TAKER,BUY,59.268291,0.4099999948,24.299999001804885,95491697651061388130835583224952394822037123072398639770939101646818722276964,0x92009ed6dbe3e24dc15b09b48dd941c01f05c38f5f438d8242822179f2d3711c,Will the highest temperature in Istanbul be 28°C on June 30?,highest-temperature-in-istanbul-on-june-30-2026-28c,highest-temperature-in-istanbul-on-june-30-2026,Yes,0,0x72e91a3074256bb27fa43738c0cb63c7f331036b141d14b80964616481da8b0a,0xbddc2a7690BF600E347d5eb4A9C28f9F24E55d4f-1774968947489,Equal-Sun
1782747653,2026-06-29T15:40:53+00:00,TAKER,SELL,120.97,0.011,1.33067,14454330601833344068704466953186435794255678698003340437943451116233538284789,0xb8d4bdfebc64e51d893b1cca6acab39f44324871be42c8cec04f70f708c6855f,Will the highest temperature in Munich be 31°C on June 29?,highest-temperature-in-munich-on-june-29-2026-31c,highest-temperature-in-munich-on-june-29-2026,Yes,0,0xca4d8d8b052afe8aca177ee50fd3aad1dfe062bfa1ffd3c580702a67c2785550,0xbddc2a7690BF600E347d5eb4A9C28f9F24E55d4f-1774968947489,Equal-Sun
1782747677,2026-06-29T15:41:17+00:00,TAKER,SELL,135.52,0.032630608,4.42209999616,46273477570902014938410803074107046389226459046279491477620165925670429936051,0xd0f3a210ce130cf7f8ff62cce34b447195a0914c067e53996b9eb2041c9c136e,Will the highest temperature in Buenos Aires be 14°C on June 29?,highest-temperature-in-buenos-aires-on-june-29-2026-14c,highest-temperature-in-buenos-aires-on-june-29-2026,Yes,0,0xcc3ffcfa927937e9eba5a7707f1a41db2fd1eef87586e2601a4277e70be903ac,0xbddc2a7690BF600E347d5eb4A9C28f9F24E55d4f-1774968947489,Equal-Sun
1782770188,2026-06-29T21:56:28+00:00,TAKER,BUY,94.339621,0.5299999986,49.99999899792453,24361816036273450596864596053238008555005355265261146207046941393841152530699,0x1faadc48bc3435fd41da5593486735a92ced3bec5b3f0ac77abaaf165f4015a9,Will the highest temperature in Austin be between 94-95°F on June 30?,highest-temperature-in-austin-on-june-30-2026-94-95f,highest-temperature-in-austin-on-june-30-2026,Yes,0,0x7405e45a41d701110cf079cbfbc2bced1d608b52332cbc04a6be3e519eb6c8ff,0xbddc2a7690BF600E347d5eb4A9C28f9F24E55d4f-1774968947489,Equal-Sun
1782782098,2026-06-30T01:14:58+00:00,TAKER,BUY,230.769229,0.5199999997,119.99999901076923,87993386480282116216860632688320466390467610227498358287031920920348251427753,0x440e3ec3772936010fdbdf4d01cba2b7f7ab410577342a4bfb247bd0ce9fd834,Will the highest temperature in Istanbul be 28°C on July 1?,highest-temperature-in-istanbul-on-july-1-2026-28c,highest-temperature-in-istanbul-on-july-1-2026,Yes,0,0x9da22f89e423c8c7aff08ae3b70e190e8e4c14241588c5a50f5d85ec4a4706c8,0xbddc2a7690BF600E347d5eb4A9C28f9F24E55d4f-1774968947489,Equal-Sun
1782784810,2026-06-30T02:00:10+00:00,TAKER,BUY,150.5,0.1993355482,30.0000000041,108665799707824184933285030978303916982936207939297957878206982540009552607145,0xfb13b25767d267f36fc0a6a86db44cd75f492e9af8d5ae97a8ea89dc6428c22e,Will the highest temperature in Milan be 32°C on July 1?,highest-temperature-in-milan-on-july-1-2026-32c,highest-temperature-in-milan-on-july-1-2026,Yes,0,0xe8da48bd2a7eea3fb8fcc645d3722750586892d137fb7eaab81fbbb842ba90d0,0xbddc2a7690BF600E347d5eb4A9C28f9F24E55d4f-1774968947489,Equal-Sun
1782786625,2026-06-30T02:30:25+00:00,TAKER,BUY,85.714284,0.3499999953,29.999998997142864,26955654360012805055657579645700261229169095001893501589172150575203271670643,0x8014ea82b52366a684d1b8fb8f35836203965c6117843d848ab828bb132db830,Will the highest temperature in Buenos Aires be 14°C on June 30?,highest-temperature-in-buenos-aires-on-june-30-2026-14c,highest-temperature-in-buenos-aires-on-june-30-2026,Yes,0,0xf5ddbc9234bd759b5811d9b089fecc87dcfa0b13d74ee28c75ff573810df7739,0xbddc2a7690BF600E347d5eb4A9C28f9F24E55d4f-1774968947489,Equal-Sun
1782786629,2026-06-30T02:30:29+00:00,TAKER,BUY,75,0.4,30.0,46822582357454570277888120091978504997071506751256021121761667576382365027944,0x7a67e586a6f14fb2a685aeeadf83efba90107401ec1eb34f7559d87648cd0bc4,Will the highest temperature in Buenos Aires be 15°C on June 30?,highest-temperature-in-buenos-aires-on-june-30-2026-15c,highest-temperature-in-buenos-aires-on-june-30-2026,Yes,0,0xa5795d1d80fbfd9130cdfd199712c05df70bc3a56d5dccd20dc6010f0c4c38c4,0xbddc2a7690BF600E347d5eb4A9C28f9F24E55d4f-1774968947489,Equal-Sun
1782789370,2026-06-30T03:16:10+00:00,TAKER,BUY,111.840832,0.3576511216,39.99999900547717,56901814338050377530168388140836881768186025496643850459003000383442455874748,0x05c4d3449781e7946ce0a669e7d087fadd2772a738620d790b2f9e90a7692e1e,Will the highest temperature in London be 25°C on July 1?,highest-temperature-in-london-on-july-1-2026-25c,highest-temperature-in-london-on-july-1-2026,Yes,0,0x887aca7e86cf23ee0cf0ca4b25742b77758120e331eee97cc5dbc2a205a60e54,0xbddc2a7690BF600E347d5eb4A9C28f9F24E55d4f-1774968947489,Equal-Sun
1782795020,2026-06-30T04:50:20+00:00,TAKER,SELL,58.44,0.0342778919,2.003200002636,40242533754085243132965694713986997746148963089749087432089737737058606972621,0x4719c3022257abfac5a30c8074cf36c4e84925f35fd03f16c9b0c61227006d47,Will the highest temperature in Qingdao be 28°C on June 30?,highest-temperature-in-qingdao-on-june-30-2026-28c,highest-temperature-in-qingdao-on-june-30-2026,Yes,0,0xaa7d6593dcb08689902c5c55bf4fa93efbb041b0807f3b6cc006d018fd6c71dd,0xbddc2a7690BF600E347d5eb4A9C28f9F24E55d4f-1774968947489,Equal-Sun
1782795035,2026-06-30T04:50:35+00:00,TAKER,SELL,80.96,0.1263315217,10.227799996832,109341382814015441067327668137641725111233506833527944011615636263614288779864,0x5c2ba2b137baa0fd6b99cf2c9570eda6d22d7c9fcecca2ce88616036211ffa59,Will the highest temperature in Qingdao be 27°C on June 30?,highest-temperature-in-qingdao-on-june-30-2026-27c,highest-temperature-in-qingdao-on-june-30-2026,Yes,0,0xc2ad7737807cebfc901197422911bba70411a470d3f417e744b3fcf6ffe9f570,0xbddc2a7690BF600E347d5eb4A9C28f9F24E55d4f-1774968947489,Equal-Sun
1782802090,2026-06-30T06:48:10+00:00,TAKER,BUY,92.592591,0.5399999985,49.999999001111114,59024403984997175620590613630217846499028739023633449954719583620513619829483,0x887ba9669c13136412f5df62a2c43723a567f0e486216f0ce23b734b0d91bd15,Will the highest temperature in Tel Aviv be 31°C on July 1?,highest-temperature-in-tel-aviv-on-july-1-2026-31c,highest-temperature-in-tel-aviv-on-july-1-2026,Yes,0,0xff0ea0ee9187907110391cbb03b2ba952aaa07ad0a8c0526224a7ab8cc6a1508,0xbddc2a7690BF600E347d5eb4A9C28f9F24E55d4f-1774968947489,Equal-Sun
1782812120,2026-06-30T09:35:20+00:00,TAKER,BUY,105.263156,0.3799999973,39.999998995789475,52321341496132680020531520547539234384581597283342390591533717014099994884407,0x68c612c866728657e2b96e7f50d102d9a4f69fb1b924b00dab76b6295dee9ad7,Will the highest temperature in Hong Kong be 32°C on July 1?,highest-temperature-in-hong-kong-on-july-1-2026-32c,highest-temperature-in-hong-kong-on-july-1-2026,Yes,0,0xa7dec05285e8972ce3d477fb92ed43c37fa24f05b7c0354c7da8a9518db9f1c0,0xbddc2a7690BF600E347d5eb4A9C28f9F24E55d4f-1774968947489,Equal-Sun
1782812122,2026-06-30T09:35:22+00:00,TAKER,BUY,99.133169,0.4034976326,39.99999900363571,87381688852530176226959814808217908172464003588273570142673057290552157623140,0x67d074e753f18b1f66fd94e7850eba075700ab64e5ec14e8f0184907746ac780,Will the highest temperature in Hong Kong be 33°C on July 1?,highest-temperature-in-hong-kong-on-july-1-2026-33c,highest-temperature-in-hong-kong-on-july-1-2026,Yes,0,0x9760631dc6843ad649f51785f4fe174df16559c4f774cee219df3d2d789008ba,0xbddc2a7690BF600E347d5eb4A9C28f9F24E55d4f-1774968947489,Equal-Sun
1782815915,2026-06-30T10:38:35+00:00,TAKER,SELL,10,0.31,3.1,95491697651061388130835583224952394822037123072398639770939101646818722276964,0x92009ed6dbe3e24dc15b09b48dd941c01f05c38f5f438d8242822179f2d3711c,Will the highest temperature in Istanbul be 28°C on June 30?,highest-temperature-in-istanbul-on-june-30-2026-28c,highest-temperature-in-istanbul-on-june-30-2026,Yes,0,0x6d5ca0dfc61aefb81c82e1a723794a1975d8dc4ab090cc73bd569092fe28cccb,0xbddc2a7690BF600E347d5eb4A9C28f9F24E55d4f-1774968947489,Equal-Sun
1782816611,2026-06-30T10:50:11+00:00,TAKER,SELL,49.26,0.1790824198,8.821599999347999,95491697651061388130835583224952394822037123072398639770939101646818722276964,0x92009ed6dbe3e24dc15b09b48dd941c01f05c38f5f438d8242822179f2d3711c,Will the highest temperature in Istanbul be 28°C on June 30?,highest-temperature-in-istanbul-on-june-30-2026-28c,highest-temperature-in-istanbul-on-june-30-2026,Yes,0,0xedc15bd532131f4e49045c4bd8fb83144a1459ae813a7608f652994f16a9e4a5,0xbddc2a7690BF600E347d5eb4A9C28f9F24E55d4f-1774968947489,Equal-Sun
1782818635,2026-06-30T11:23:55+00:00,TAKER,BUY,7,0.78,5.46,90276062023464917670023709782988570126316658814095229576918670349156163896508,0x733607ca6af38c6f9eda406d6fad295806991b3c4ce3a5406d3602a31a9065aa,Will the highest temperature in Istanbul be 27°C on June 30?,highest-temperature-in-istanbul-on-june-30-2026-27c,highest-temperature-in-istanbul-on-june-30-2026,Yes,0,0x71df905e173a85a3e8fd92b4039a1aaf42c6832f256f0a9e417b93687555653f,0xbddc2a7690BF600E347d5eb4A9C28f9F24E55d4f-1774968947489,Equal-Sun
1782818651,2026-06-30T11:24:11+00:00,TAKER,BUY,10,0.78,7.800000000000001,90276062023464917670023709782988570126316658814095229576918670349156163896508,0x733607ca6af38c6f9eda406d6fad295806991b3c4ce3a5406d3602a31a9065aa,Will the highest temperature in Istanbul be 27°C on June 30?,highest-temperature-in-istanbul-on-june-30-2026-27c,highest-temperature-in-istanbul-on-june-30-2026,Yes,0,0xa1bd2b00d910eb4f6c41a729c11979e68277fce43c18106903911f7e6870de59,0xbddc2a7690BF600E347d5eb4A9C28f9F24E55d4f-1774968947489,Equal-Sun
1782818677,2026-06-30T11:24:37+00:00,TAKER,BUY,48.31,0.77,37.1987,90276062023464917670023709782988570126316658814095229576918670349156163896508,0x733607ca6af38c6f9eda406d6fad295806991b3c4ce3a5406d3602a31a9065aa,Will the highest temperature in Istanbul be 27°C on June 30?,highest-temperature-in-istanbul-on-june-30-2026-27c,highest-temperature-in-istanbul-on-june-30-2026,Yes,0,0xc2d5a0fb53f6c97a6b30e2c9b96204f149d2a17dd594ced3b41b419793ef7fbe,0xbddc2a7690BF600E347d5eb4A9C28f9F24E55d4f-1774968947489,Equal-Sun
1782823627,2026-06-30T12:47:07+00:00,TAKER,BUY,20.5,0.6196292683,12.70240000015,82367694073372699648189778519640625287739652982819555400953307508097761456271,0x93638a28eae586917b3297876482171a0d4b50dfc85f770c5fb13b3766181e66,Will the highest temperature in Ankara be 31°C on June 30?,highest-temperature-in-ankara-on-june-30-2026-31c,highest-temperature-in-ankara-on-june-30-2026,Yes,0,0xac88c123156381bb8128f9bad979c09be21a2d529f18311d76386e889839b28c,0xbddc2a7690BF600E347d5eb4A9C28f9F24E55d4f-1774968947489,Equal-Sun
1782823633,2026-06-30T12:47:13+00:00,TAKER,BUY,82.5,0.6366666667,52.525000002750005,82367694073372699648189778519640625287739652982819555400953307508097761456271,0x93638a28eae586917b3297876482171a0d4b50dfc85f770c5fb13b3766181e66,Will the highest temperature in Ankara be 31°C on June 30?,highest-temperature-in-ankara-on-june-30-2026-31c,highest-temperature-in-ankara-on-june-30-2026,Yes,0,0x18478bf5e8d71b5086fdd78673ccf9363e4052373094b035916dbe3cc048f17d,0xbddc2a7690BF600E347d5eb4A9C28f9F24E55d4f-1774968947489,Equal-Sun
1782828340,2026-06-30T14:05:40+00:00,TAKER,BUY,7.407406,0.5399999676,3.9999990000000456,87993386480282116216860632688320466390467610227498358287031920920348251427753,0x440e3ec3772936010fdbdf4d01cba2b7f7ab410577342a4bfb247bd0ce9fd834,Will the highest temperature in Istanbul be 28°C on July 1?,highest-temperature-in-istanbul-on-july-1-2026-28c,highest-temperature-in-istanbul-on-july-1-2026,Yes,0,0xa7879dc25535e9651aed1bb3e674a6b5999196c4ace7721cc46ba523298940d6,0xbddc2a7690BF600E347d5eb4A9C28f9F24E55d4f-1774968947489,Equal-Sun
1782828373,2026-06-30T14:06:13+00:00,TAKER,SELL,224.21,0.002,0.44842000000000004,82367694073372699648189778519640625287739652982819555400953307508097761456271,0x93638a28eae586917b3297876482171a0d4b50dfc85f770c5fb13b3766181e66,Will the highest temperature in Ankara be 31°C on June 30?,highest-temperature-in-ankara-on-june-30-2026-31c,highest-temperature-in-ankara-on-june-30-2026,Yes,0,0xe237fb12ccffdc28b0edac3dd3e138b1710d6dfbc3f43ecd00d255ebbca7d7e9,0xbddc2a7690BF600E347d5eb4A9C28f9F24E55d4f-1774968947489,Equal-Sun
1782867739,2026-07-01T01:02:19+00:00,TAKER,BUY,466.83,0.428053467,199.82819999961,81153310576878819281708409736787036447116602151096067557623703122073513761389,0x6430b704c82e7811db229cdadd71c5de4b3a3229a137930f8725423ce28563e8,Will the highest temperature in Istanbul be 28°C on July 2?,highest-temperature-in-istanbul-on-july-2-2026-28c,highest-temperature-in-istanbul-on-july-2-2026,Yes,0,0x2eda72bc9606b9ea528feeae83a7b335afc4d4df048f3b7ce8fcb218bdb25dcd,0xbddc2a7690BF600E347d5eb4A9C28f9F24E55d4f-1774968947489,Equal-Sun
1782868684,2026-07-01T01:18:04+00:00,TAKER,BUY,34.15,0.46,15.709,81153310576878819281708409736787036447116602151096067557623703122073513761389,0x6430b704c82e7811db229cdadd71c5de4b3a3229a137930f8725423ce28563e8,Will the highest temperature in Istanbul be 28°C on July 2?,highest-temperature-in-istanbul-on-july-2-2026-28c,highest-temperature-in-istanbul-on-july-2-2026,Yes,0,0x912a60c43b3ff247d494df754148f53a495cf50e2d4f1e564e32668196fbdc82,0xbddc2a7690BF600E347d5eb4A9C28f9F24E55d4f-1774968947489,Equal-Sun
1782872348,2026-07-01T02:19:08+00:00,TAKER,BUY,131.458694,0.228208558,29.999998994303255,37217195010900998116182674199652138757696634539964355815075172750100935113892,0x7a51068a1c5afac5f8fd7f16e2a543e195795a5e71d980dac8ce89b157eb6fda,Will the highest temperature in Milan be 33°C on July 2?,highest-temperature-in-milan-on-july-2-2026-33c,highest-temperature-in-milan-on-july-2-2026,Yes,0,0x592f15dfec4bc47d053adf563605ab44ce20f9d959e4efd5df5fed70bfe444eb,0xbddc2a7690BF600E347d5eb4A9C28f9F24E55d4f-1774968947489,Equal-Sun
1782873092,2026-07-01T02:31:32+00:00,TAKER,BUY,119.643332,0.4179087807,49.99999899500529,69113171653270916154617486979182021248065128274248818025459908044292579422791,0x6e5ee9a74b42d855a37f8e49adbf0ac3ef8926e106830b12c39716f7896438f6,Will the highest temperature in Dallas be between 96-97°F on July 1?,highest-temperature-in-dallas-on-july-1-2026-96-97f,highest-temperature-in-dallas-on-july-1-2026,Yes,0,0xb9548c84c4d91812030243bfe86bcb91bde29fb5bf1c48f404c7cddeb4818c14,0xbddc2a7690BF600E347d5eb4A9C28f9F24E55d4f-1774968947489,Equal-Sun
1782873095,2026-07-01T02:31:35+00:00,TAKER,BUY,155.668483,0.3211953893,49.99999899892544,100267359840069205820643997827909187139043136261227100864386302137763879475353,0xb358ca46d9301706b64e165ccc8aff79d8c521663af4c48e5b91f1759285f109,Will the highest temperature in Dallas be between 94-95°F on July 1?,highest-temperature-in-dallas-on-july-1-2026-94-95f,highest-temperature-in-dallas-on-july-1-2026,Yes,0,0x44f91f872a6b7c8e355ae32be8fdf76911eac38e73666a00e5c5398fdca1fb04,0xbddc2a7690BF600E347d5eb4A9C28f9F24E55d4f-1774968947489,Equal-Sun
1782873250,2026-07-01T02:34:10+00:00,TAKER,BUY,63.829786,0.4699999934,29.99999899872341,50590636066413760819024546324339306724824640243303319145326270286663706603017,0xb027be285769edcf3bfc0a1f246185189cd93fd05ac9faa19c9a8e58ec3ee315,Will the highest temperature in Buenos Aires be 13°C on July 1?,highest-temperature-in-buenos-aires-on-july-1-2026-13c,highest-temperature-in-buenos-aires-on-july-1-2026,Yes,0,0xd949df557cfcabb7c01e2ffcccf8b6e0ffc129ac5056f41f8f9cf3a4c2e064ac,0xbddc2a7690BF600E347d5eb4A9C28f9F24E55d4f-1774968947489,Equal-Sun
1782873251,2026-07-01T02:34:11+00:00,TAKER,BUY,100,0.3,30.0,74452790306523976398202427453382543564423314467810129616663933096066903983941,0x79461a00dbcc63b0e1ea8e6955b70c2a80da39ac5033f7c9548e10e77b751d71,Will the highest temperature in Buenos Aires be 14°C on July 1?,highest-temperature-in-buenos-aires-on-july-1-2026-14c,highest-temperature-in-buenos-aires-on-july-1-2026,Yes,0,0xb4c429ac248a6ae00b6212df7a405761ab64cf544c1c00bde2f586388909ab30,0xbddc2a7690BF600E347d5eb4A9C28f9F24E55d4f-1774968947489,Equal-Sun
1782887792,2026-07-01T06:36:32+00:00,TAKER,BUY,80.64516,0.6199999975,49.999998998387106,78719333057529511109693554055294944543590041878752470481862840006447070479154,0xaa5c965ec3376852daec6aa3e396096a5e60cea2687b1329335965895916ea2b,Will the highest temperature in Tel Aviv be 31°C on July 2?,highest-temperature-in-tel-aviv-on-july-2-2026-31c,highest-temperature-in-tel-aviv-on-july-2-2026,Yes,0,0xab83209e75d0c5131ebd942d341a3f84ac851fd10fb3b055a1dcfd8a09989cc1,0xbddc2a7690BF600E347d5eb4A9C28f9F24E55d4f-1774968947489,Equal-Sun
1782889624,2026-07-01T07:07:04+00:00,TAKER,BUY,111.11111,0.3599999946,39.999999,61478586112063632978492915848468191334582975552551975269675975799112089347867,0x90d329f3251f918be141e1f2afadf7419456bc11b61d344182456b5f77e87e3d,Will the highest temperature in London be 26°C on July 2?,highest-temperature-in-london-on-july-2-2026-26c,highest-temperature-in-london-on-july-2-2026,Yes,0,0xb374881ac62c6a34c1f4524f734dc48d2addae02d7eef0ba624c9c16640baaf2,0xbddc2a7690BF600E347d5eb4A9C28f9F24E55d4f-1774968947489,Equal-Sun
1782892358,2026-07-01T07:52:38+00:00,TAKER,BUY,127.25,0.2357563851,30.000000003975,110098914123634490885635289352245360199484311797259742152859614134054912036824,0xcfde3ff30f4c44b61c418086fea3555e5b0e728616f5324ab5fdc2f202f00098,Will the highest temperature in Houston be between 92-93°F on July 1?,highest-temperature-in-houston-on-july-1-2026-92-93f,highest-temperature-in-houston-on-july-1-2026,Yes,0,0x6c465f0265daa78242bba4fa4d97fe9dc4f2aa9ca0c58f65511162398b8ad945,0xbddc2a7690BF600E347d5eb4A9C28f9F24E55d4f-1774968947489,Equal-Sun
1782898700,2026-07-01T09:38:20+00:00,TAKER,BUY,100,0.4,40.0,74150737135240570458240506320783934924163866635774455006147147391927896934878,0x675c1a0e31e4487de9afed4129977eac5cb97141518d9312c8e0db2470a29293,Will the highest temperature in Hong Kong be 32°C on July 2?,highest-temperature-in-hong-kong-on-july-2-2026-32c,highest-temperature-in-hong-kong-on-july-2-2026,Yes,0,0x5d91a60611f86bfc3d9eb8c314c6357d2e9160c41240b2a3754fcaebbb73b860,0xbddc2a7690BF600E347d5eb4A9C28f9F24E55d4f-1774968947489,Equal-Sun
1782898705,2026-07-01T09:38:25+00:00,TAKER,BUY,111,0.36,39.96,106328945933691188665926813142680828718613040824254812730615240346065823813770,0xa4ae51921db0d0b3f18db0d92282d1bf7b528fd2bf922e37d0a454206ffc566a,Will the highest temperature in Hong Kong be 33°C on July 2?,highest-temperature-in-hong-kong-on-july-2-2026-33c,highest-temperature-in-hong-kong-on-july-2-2026,Yes,0,0x98501e069e983e723ffac46ba3e5950ce1804554d2624e4f217a439d921264ac,0xbddc2a7690BF600E347d5eb4A9C28f9F24E55d4f-1774968947489,Equal-Sun
1782899606,2026-07-01T09:53:26+00:00,TAKER,BUY,200,0.5,100.0,47409027353186732028923088276422435569406088258868433833345075716486953409857,0x7fc6dd6442285bcad26fbabf19da0a9b2f5483599e33f4ee72d6b7abec98ef32,Will the highest temperature in Madrid be 35°C on July 2?,highest-temperature-in-madrid-on-july-2-2026-35c,highest-temperature-in-madrid-on-july-2-2026,Yes,0,0xd125a00cc4b3668f4826d0eccd6126ce23db992534dfbd0344c919bac6057087,0xbddc2a7690BF600E347d5eb4A9C28f9F24E55d4f-1774968947489,Equal-Sun
1782954149,2026-07-02T01:02:29+00:00,TAKER,BUY,357.142856,0.559999999,199.99999900285712,1846941913896669028968365225560028871722728413790768231582017334527464154093,0x04a9e3da352b6adf79989a97d84fbd40f487194860a033ebaf01527628b47b00,Will the highest temperature in Istanbul be 28°C on July 3?,highest-temperature-in-istanbul-on-july-3-2026-28c,highest-temperature-in-istanbul-on-july-3-2026,Yes,0,0x8477aacdea122319d92af5f3eebaf96f8132fdc6fa165dcca1daf61bf5ac2c44,0xbddc2a7690BF600E347d5eb4A9C28f9F24E55d4f-1774968947489,Equal-Sun
1782957758,2026-07-02T02:02:38+00:00,TAKER,BUY,100.418,0.2987512199,29.9999999999182,41508635218871543013791296401211266301968842270138866507432695168735588799290,0xa0290311b990e1b5c1539277ae6ea0e80a543c7697d8221db14379e4c06ccb2e,Will the highest temperature in Milan be 32°C on July 3?,highest-temperature-in-milan-on-july-3-2026-32c,highest-temperature-in-milan-on-july-3-2026,Yes,0,0xae9d5a6d78c5092d7e2b1536261dadbb4d06ff92c8cd7c2cd2fa9c45ac3856a7,0xbddc2a7690BF600E347d5eb4A9C28f9F24E55d4f-1774968947489,Equal-Sun
1782957761,2026-07-02T02:02:41+00:00,TAKER,BUY,176.09611,0.1703615088,29.99999899341077,39916637406375579251557193379374000378461938488315162695237110390966064697103,0xf8f20647d1ae4ff13a97035f109df82827745bc257c80b2b75ee303706b2ac01,Will the highest temperature in Milan be 31°C on July 3?,highest-temperature-in-milan-on-july-3-2026-31c,highest-temperature-in-milan-on-july-3-2026,Yes,0,0xe1fd0a422451277c04a9d38cf2c787627a208ede109a8e6e98f4926d0e5e2e66,0xbddc2a7690BF600E347d5eb4A9C28f9F24E55d4f-1774968947489,Equal-Sun
1782959582,2026-07-02T02:33:02+00:00,TAKER,BUY,119.778075,0.250463192,29.9999989961154,114644652314847874760949463310785156468300483506535368351135698290421354218312,0xa23bc626208825e6b387274cf60fdf415d9da0434d84b3fa7687a9ce54f0d58c,Will the highest temperature in Buenos Aires be 8°C on July 2?,highest-temperature-in-buenos-aires-on-july-2-2026-8c,highest-temperature-in-buenos-aires-on-july-2-2026,Yes,0,0x35fb3f42d162654400c41695a21f4cae5e448f1c2559b27603e031fc725a54d3,0xbddc2a7690BF600E347d5eb4A9C28f9F24E55d4f-1774968947489,Equal-Sun
1782959585,2026-07-02T02:33:05+00:00,TAKER,BUY,66.666665,0.4499999962,29.99999899666667,39882016810994949031847955047125678350704812977202368620389877471246181431325,0x4c68f6c2cb522f9b35efc36410c3659dad88683ff5a91ba52ac4e6ac8d93601f,Will the highest temperature in Buenos Aires be 9°C on July 2?,highest-temperature-in-buenos-aires-on-july-2-2026-9c,highest-temperature-in-buenos-aires-on-july-2-2026,Yes,0,0xda33acc09a2c000eb17803b80bad76a19aa4e001c5e3e69132887ae252732529,0xbddc2a7690BF600E347d5eb4A9C28f9F24E55d4f-1774968947489,Equal-Sun
1782963253,2026-07-02T03:34:13+00:00,TAKER,BUY,357.142856,0.2799999981,99.99999900142856,114823744341278535242327103081407574902895636102834383868776547800462390239051,0xa801274cd4ddafa40888f97221e5220f4b10534e5580e56ba76207fa7abc1d1b,Will the highest temperature in Madrid be 36°C on July 3?,highest-temperature-in-madrid-on-july-3-2026-36c,highest-temperature-in-madrid-on-july-3-2026,Yes,0,0xe525d664ed65c02a14de7c30468b13cf203dfca5a3f130ed1381e8178c24dda7,0xbddc2a7690BF600E347d5eb4A9C28f9F24E55d4f-1774968947489,Equal-Sun
1782974219,2026-07-02T06:36:59+00:00,TAKER,BUY,100,0.5,50.0,62653305942940767004485732606960979228372420391313220246950846073045039532454,0xf209d44a70f36ec4663486efe6544406e5c66daa47e2c6ad4a5f9c4390325aab,Will the highest temperature in Tel Aviv be 31°C on July 3?,highest-temperature-in-tel-aviv-on-july-3-2026-31c,highest-temperature-in-tel-aviv-on-july-3-2026,Yes,0,0xb22ffec49bd5a2bdc113f073c854c4487b65ee3f29c3e679cf9bdd7d658a61af,0xbddc2a7690BF600E347d5eb4A9C28f9F24E55d4f-1774968947489,Equal-Sun
1782974222,2026-07-02T06:37:02+00:00,TAKER,BUY,97.560974,0.4099999965,39.99999899853659,62162107383283987628304034900105258372736782621579898373149248758115936574165,0xfe8ecddc88a9919995e71e6866e7d1d5dfdcd79514fc91252049e0f79c406555,Will the highest temperature in Ankara be 32°C on July 3?,highest-temperature-in-ankara-on-july-3-2026-32c,highest-temperature-in-ankara-on-july-3-2026,Yes,0,0x4a38afb995be58c8416b89d580642bb1c6a07605fcf09b607231046ee7801d86,0xbddc2a7690BF600E347d5eb4A9C28f9F24E55d4f-1774968947489,Equal-Sun
1782975664,2026-07-02T07:01:04+00:00,TAKER,BUY,121.951218,0.4099999969,49.999999001951224,62162107383283987628304034900105258372736782621579898373149248758115936574165,0xfe8ecddc88a9919995e71e6866e7d1d5dfdcd79514fc91252049e0f79c406555,Will the highest temperature in Ankara be 32°C on July 3?,highest-temperature-in-ankara-on-july-3-2026-32c,highest-temperature-in-ankara-on-july-3-2026,Yes,0,0xa709c6ed5ea5c4cdf8f545330cc0625f479ba4d559272c1bc34215ce83232f64,0xbddc2a7690BF600E347d5eb4A9C28f9F24E55d4f-1774968947489,Equal-Sun
1782977120,2026-07-02T07:25:20+00:00,TAKER,SELL,111,0.022,2.4419999999999997,106328945933691188665926813142680828718613040824254812730615240346065823813770,0xa4ae51921db0d0b3f18db0d92282d1bf7b528fd2bf922e37d0a454206ffc566a,Will the highest temperature in Hong Kong be 33°C on July 2?,highest-temperature-in-hong-kong-on-july-2-2026-33c,highest-temperature-in-hong-kong-on-july-2-2026,Yes,0,0x16ece17a05203b94e6b29f8ce6c880894e9372be564e6ceec13f97f988bb4de2,0xbddc2a7690BF600E347d5eb4A9C28f9F24E55d4f-1774968947489,Equal-Sun
1783010780,2026-07-02T16:46:20+00:00,TAKER,SELL,500.98,0.999,500.47902,81153310576878819281708409736787036447116602151096067557623703122073513761389,0x6430b704c82e7811db229cdadd71c5de4b3a3229a137930f8725423ce28563e8,Will the highest temperature in Istanbul be 28°C on July 2?,highest-temperature-in-istanbul-on-july-2-2026-28c,highest-temperature-in-istanbul-on-july-2-2026,Yes,0,0xd871954242692ca0b07aeb3954441b1c436d841afa45c37f6f0fadabb55cd7e1,0xbddc2a7690BF600E347d5eb4A9C28f9F24E55d4f-1774968947489,Equal-Sun
1783011452,2026-07-02T16:57:32+00:00,TAKER,BUY,85.714284,0.3499999953,29.999998997142864,60812096856741160998104351784703687726909223828807529188370573137203456609073,0x82f0dad3a91ea4d8922ba53802a9ad94f06340fe9500c4621e5ac67273b8b479,Will the highest temperature in Houston be between 92-93°F on July 3?,highest-temperature-in-houston-on-july-3-2026-92-93f,highest-temperature-in-houston-on-july-3-2026,Yes,0,0xfd1d75abea24cec07710448e2e93eb86d4ced11347f4b5354024e4bd1c7aaffa,0xbddc2a7690BF600E347d5eb4A9C28f9F24E55d4f-1774968947489,Equal-Sun
1783019599,2026-07-02T19:13:19+00:00,TAKER,BUY,104.002819,0.38460495,39.99999900135405,55999130300201133335876685587034826047539603481005581570405683937634801971546,0xa8f8f98e75213f98720b7ef41b50ddcacc21affc779049f418b5802098e4edc3,Will the highest temperature in London be 27°C on July 3?,highest-temperature-in-london-on-july-3-2026-27c,highest-temperature-in-london-on-july-3-2026,Yes,0,0xb40a30809ff8eecc72cbaf34b73ea9de27587cc354fa6fd63f0dbd58f3e596d8,0xbddc2a7690BF600E347d5eb4A9C28f9F24E55d4f-1774968947489,Equal-Sun
1783043975,2026-07-03T01:59:35+00:00,TAKER,BUY,107.935,0.2779450595,29.999999997132498,76115725847852867478239039218904952879837368289960144267496581462112316765706,0x95d758b4540a05a2715f09a00e5f36749cecceb61f769c6c7867adb1f0a55092,Will the highest temperature in Milan be 32°C on July 4?,highest-temperature-in-milan-on-july-4-2026-32c,highest-temperature-in-milan-on-july-4-2026,Yes,0,0x91cdf569442d60f89aa3a7db7aec1c59982f37a833a8f9af6ea1cdcd0bc2ec75,0xbddc2a7690BF600E347d5eb4A9C28f9F24E55d4f-1774968947489,Equal-Sun
1783044877,2026-07-03T02:14:37+00:00,TAKER,BUY,54.642856,0.549019601,29.99999899862046,64188806620699052026320303859460981080110163886425461629286756782525343441818,0x72fd17e4449a42e00ba4e5cd60b08291ecf972f4f64e163f9bbb974c62ebbe20,Will the highest temperature in Milan be 33°C on July 4?,highest-temperature-in-milan-on-july-4-2026-33c,highest-temperature-in-milan-on-july-4-2026,Yes,0,0x2f413e0bccdde9a187dc1e6d6d6b51d8663081595c107c3b28d99787910c5f82,0xbddc2a7690BF600E347d5eb4A9C28f9F24E55d4f-1774968947489,Equal-Sun
1783045780,2026-07-03T02:29:40+00:00,TAKER,BUY,75.20075,0.3989321915,29.999999999943622,47321040787617815331520050174907797470817245354568666128097492849384746640190,0x3c0f5bdf36ed8496a682d1216ad9c2c88a5b024c1e3a97611b274332a1d5026d,Will the highest temperature in Buenos Aires be 9°C on July 3?,highest-temperature-in-buenos-aires-on-july-3-2026-9c,highest-temperature-in-buenos-aires-on-july-3-2026,Yes,0,0xc0089d3d50256acdda038d20a13afa45a24b9913973e5bdedca241eb7e967307,0xbddc2a7690BF600E347d5eb4A9C28f9F24E55d4f-1774968947489,Equal-Sun
1783047593,2026-07-03T02:59:53+00:00,TAKER,BUY,132.908946,0.3761973931,49.99999900486867,96205941686381853979235807608693803039590240005308145725055159613741624846822,0x2882c1e3244c8a0c6159835e3f3153f0d024258da179b320336a3cc3b627c10e,Will the highest temperature in Miami be between 90-91°F on July 3?,highest-temperature-in-miami-on-july-3-2026-90-91f,highest-temperature-in-miami-on-july-3-2026,Yes,0,0xd722378e08dd573c8f85e9524ab4d825dd8b25d923167cfbf067b5def87d46c1,0xbddc2a7690BF600E347d5eb4A9C28f9F24E55d4f-1774968947489,Equal-Sun
1783055903,2026-07-03T05:18:23+00:00,TAKER,SELL,100.41,0.0836968429,8.403999995589,41508635218871543013791296401211266301968842270138866507432695168735588799290,0xa0290311b990e1b5c1539277ae6ea0e80a543c7697d8221db14379e4c06ccb2e,Will the highest temperature in Milan be 32°C on July 3?,highest-temperature-in-milan-on-july-3-2026-32c,highest-temperature-in-milan-on-july-3-2026,Yes,0,0x7b8cf07b9db9147206f01e55228f9adc5bce53a550ec8ef9c85ec8f19879f142,0xbddc2a7690BF600E347d5eb4A9C28f9F24E55d4f-1774968947489,Equal-Sun
1783058341,2026-07-03T05:59:01+00:00,TAKER,SELL,176.09,0.003,0.52827,39916637406375579251557193379374000378461938488315162695237110390966064697103,0xf8f20647d1ae4ff13a97035f109df82827745bc257c80b2b75ee303706b2ac01,Will the highest temperature in Milan be 31°C on July 3?,highest-temperature-in-milan-on-july-3-2026-31c,highest-temperature-in-milan-on-july-3-2026,Yes,0,0xf8e6f7b0b07d8f6db93161288443dc12df366395c7e28a8a15df1368804b9293,0xbddc2a7690BF600E347d5eb4A9C28f9F24E55d4f-1774968947489,Equal-Sun
1783062352,2026-07-03T07:05:52+00:00,TAKER,SELL,107.93,0.25,26.9825,76115725847852867478239039218904952879837368289960144267496581462112316765706,0x95d758b4540a05a2715f09a00e5f36749cecceb61f769c6c7867adb1f0a55092,Will the highest temperature in Milan be 32°C on July 4?,highest-temperature-in-milan-on-july-4-2026-32c,highest-temperature-in-milan-on-july-4-2026,Yes,0,0x12eb4c1314c800898d667ce1335bb0f07611804644fff8540c18e88ae555c4dd,0xbddc2a7690BF600E347d5eb4A9C28f9F24E55d4f-1774968947489,Equal-Sun
1783062358,2026-07-03T07:05:58+00:00,TAKER,SELL,54.64,0.4778477306,26.109599999984002,64188806620699052026320303859460981080110163886425461629286756782525343441818,0x72fd17e4449a42e00ba4e5cd60b08291ecf972f4f64e163f9bbb974c62ebbe20,Will the highest temperature in Milan be 33°C on July 4?,highest-temperature-in-milan-on-july-4-2026-33c,highest-temperature-in-milan-on-july-4-2026,Yes,0,0x9c19098c9151498eec4c8a507679af4e94f4d266a2c12808e5908b7f13b6f7e4,0xbddc2a7690BF600E347d5eb4A9C28f9F24E55d4f-1774968947489,Equal-Sun
1783065637,2026-07-03T08:00:37+00:00,TAKER,BUY,53.571427,0.5599999978,29.99999900214286,110404138701482949572603755810884712561433056794968971087117748221515598770808,0xdfb4051fa081daba0fb639583d83f4968dcf942d1c8e13b41c0f0055516a26eb,Will the highest temperature in Houston be between 94-95°F on July 4?,highest-temperature-in-houston-on-july-4-2026-94-95f,highest-temperature-in-houston-on-july-4-2026,Yes,0,0x4812631cbf9cae4366114c503ffc1e7d8b33fa105e86982595ed6ac60ce949b9,0xbddc2a7690BF600E347d5eb4A9C28f9F24E55d4f-1774968947489,Equal-Sun
1783071970,2026-07-03T09:46:10+00:00,TAKER,BUY,156.407811,0.6393542519,99.9999989932216,31922472510155488521432112990449877544184725521421666513590681305245063088779,0xa3af9cb21f95ebb97646691cbbca548bb5b971e2056351b4121c1b5d1738f806,Will the highest temperature in Tel Aviv be 31°C on July 4?,highest-temperature-in-tel-aviv-on-july-4-2026-31c,highest-temperature-in-tel-aviv-on-july-4-2026,Yes,0,0x1212013530164169f0450e70e564787e1066c2329c6767a3ede64be64793fbf7,0xbddc2a7690BF600E347d5eb4A9C28f9F24E55d4f-1774968947489,Equal-Sun
1783071974,2026-07-03T09:46:14+00:00,TAKER,BUY,126.699375,0.3157079504,39.999999998211,24955578843130984075297032464160056660845641830792486616181005387985703132900,0x8eb5b45f97a6a948a867ed2ab6cb95bd0e974471347bba5db5cfb34bb42f553b,Will the highest temperature in Hong Kong be 29°C on July 4?,highest-temperature-in-hong-kong-on-july-4-2026-29c,highest-temperature-in-hong-kong-on-july-4-2026,Yes,0,0xc28f72dd9d80d5413ab0612293da20b3d04dc1d42ee5c546bef95a5abac27608,0xbddc2a7690BF600E347d5eb4A9C28f9F24E55d4f-1774968947489,Equal-Sun
1783071980,2026-07-03T09:46:20+00:00,TAKER,BUY,80.277,0.4982747238,40.0000000024926,24193897546973506337272742792525840585333075294166397597413866886688751362811,0x5d7b3517120d3b3fb9c54dc701a77bba045d5e723e4ddce3cbbdc7d56a9c7333,Will the highest temperature in Hong Kong be 30°C on July 4?,highest-temperature-in-hong-kong-on-july-4-2026-30c,highest-temperature-in-hong-kong-on-july-4-2026,Yes,0,0x06e171066aa32ea37d7ef7cd34c8c75400e423b3e3711bc176eadde378e20971,0xbddc2a7690BF600E347d5eb4A9C28f9F24E55d4f-1774968947489,Equal-Sun
1783081141,2026-07-03T12:19:01+00:00,TAKER,BUY,80,0.5,40.0,63607568391097811170735742698040156934721929666798320544011896382060838987633,0x00a8a7b2575770a35e85a86a786b2a5281804438fd419723e8b8f62229d0ea2e,Will the highest temperature in Ankara be 30°C on July 4?,highest-temperature-in-ankara-on-july-4-2026-30c,highest-temperature-in-ankara-on-july-4-2026,Yes,0,0x20cc9ca12a33ccac56850c82a4942ed1837576ae86c142c18c05dbca2e0c33eb,0xbddc2a7690BF600E347d5eb4A9C28f9F24E55d4f-1774968947489,Equal-Sun
1783082050,2026-07-03T12:34:10+00:00,TAKER,BUY,66.051508,0.5298894766,34.99999900276071,88594131143151140664235810149348138384160429064449951027506473979736880459381,0x2a4763b6d3c959398565adb4ed9df07945629466206b227ac86938fa351a4db7,Will the highest temperature in Helsinki be 20°C on July 4?,highest-temperature-in-helsinki-on-july-4-2026-20c,highest-temperature-in-helsinki-on-july-4-2026,Yes,0,0x2859030e139dc37cc4c0b0bd1fca5583de11bbfe5fda4073535c66c2071cfdea,0xbddc2a7690BF600E347d5eb4A9C28f9F24E55d4f-1774968947489,Equal-Sun
1783093073,2026-07-03T15:37:53+00:00,TAKER,BUY,181.81818,0.55,99.99999900000002,43730081312922860463806464963742580385707025287554607050372872652489251921381,0x798081141594f9d4cc37aa7bd12278c9484ca2ad0180ce93ebc7e7bcfde63485,Will the highest temperature in Madrid be 38°C on July 4?,highest-temperature-in-madrid-on-july-4-2026-38c,highest-temperature-in-madrid-on-july-4-2026,Yes,0,0x788cac5dd7b5d27742e6b397c9a88ac3323cfad3eb3f764eb84d346ccfb0ce93,0xbddc2a7690BF600E347d5eb4A9C28f9F24E55d4f-1774968947489,Equal-Sun
1783136404,2026-07-04T03:40:04+00:00,TAKER,BUY,313.18125,0.3193039175,100.00000001254686,78858145680171707367195150802572226684539077096850053256849918125327208924761,0xbd253965e06046dad9588b220230c0e2119e7ea36062ef2a5c48dd7d2051ac13,Will the highest temperature in Madrid be 38°C on July 5?,highest-temperature-in-madrid-on-july-5-2026-38c,highest-temperature-in-madrid-on-july-5-2026,Yes,0,0xb92d9dcdb5be933e65f905e57e7a8b42a086c17308d64cb3e095b2ea9780216e,0xbddc2a7690BF600E347d5eb4A9C28f9F24E55d4f-1774968947489,Equal-Sun
1783149160,2026-07-04T07:12:40+00:00,TAKER,BUY,100,0.4,40.0,85031544320035656878543547426652202991959302398627055876128625634390860421429,0x10de37938e579177725c5df1dcf4f1d935f1deba76dd10118d66ce4ac5652d46,Will the highest temperature in London be 29°C on July 5?,highest-temperature-in-london-on-july-5-2026-29c,highest-temperature-in-london-on-july-5-2026,Yes,0,0x524e2a721585ba5450f998ac324df613540d0f93ce448d11580ba33cf220db64,0xbddc2a7690BF600E347d5eb4A9C28f9F24E55d4f-1774968947489,Equal-Sun
1783158296,2026-07-04T09:44:56+00:00,TAKER,BUY,183.527271,0.2179512548,39.99999900446965,90604393632504605077891102794194212305643774899615656856127081759042387630925,0x7898fe4cd41eebfad34befff1fa30b26d5ca9232bc07bcd1a8b2900b0490e2de,Will the highest temperature in Hong Kong be 32°C on July 5?,highest-temperature-in-hong-kong-on-july-5-2026-32c,highest-temperature-in-hong-kong-on-july-5-2026,Yes,0,0x81ec9d6a7c28393126973f373b78e388d69d22d169c1b8f2230039e8dbf13f15,0xbddc2a7690BF600E347d5eb4A9C28f9F24E55d4f-1774968947489,Equal-Sun
1783159190,2026-07-04T09:59:50+00:00,TAKER,BUY,97.64634,0.4096415595,39.99999899706722,5462469899563951453485224185266795682973762047084302601273219606978978724857,0xeecf94c283a3df66a6b0590e10fe8ea31502bf76b8c1205a36dbee9fe3957135,Will the highest temperature in Hong Kong be 31°C on July 5?,highest-temperature-in-hong-kong-on-july-5-2026-31c,highest-temperature-in-hong-kong-on-july-5-2026,Yes,0,0x75da13d2055dbd3c72507e93df67f671d6c4d076c1ec320a173503b47fb2fe22,0xbddc2a7690BF600E347d5eb4A9C28f9F24E55d4f-1774968947489,Equal-Sun
1783161905,2026-07-04T10:45:05+00:00,TAKER,BUY,153.218482,0.6526627643,99.9999980039698,50052980137938560678809337841856619092825894881165545888115283401715382092771,0x90f33189de341fda14bb4e44bee4274919f8cb60732c3684ce029e1799729c2b,Will the highest temperature in Tel Aviv be 31°C on July 5?,highest-temperature-in-tel-aviv-on-july-5-2026-31c,highest-temperature-in-tel-aviv-on-july-5-2026,Yes,0,0x654243550fe2ed1a081b4c66e7e0da6ab42cdccfd4f470015dfd63d7381d64e9,0xbddc2a7690BF600E347d5eb4A9C28f9F24E55d4f-1774968947489,Equal-Sun
1783169119,2026-07-04T12:45:19+00:00,TAKER,BUY,107.375756,0.3259581148,34.999999000984786,47624868930435642727867749213809926950344618303988754656151726073752295100592,0xc16e92a7e5d3ad8f54dca82821fb6e622538547a870c612fa3d36319721470ab,Will the highest temperature in Helsinki be 18°C on July 5?,highest-temperature-in-helsinki-on-july-5-2026-18c,highest-temperature-in-helsinki-on-july-5-2026,Yes,0,0xd966d57b0c83b6449bda47d0b6e7f770558534478d71b8f14b3635e341e986f7,0xbddc2a7690BF600E347d5eb4A9C28f9F24E55d4f-1774968947489,Equal-Sun
1783209968,2026-07-05T00:06:08+00:00,TAKER,BUY,68.181817,0.439999993,29.99999900272728,79267921372705030365672298286351761285880401526801006836445154212387141294080,0x3eb3c52dc105f46b53c5b4dd4bbd30c5d1cdb3a95d64c0166a1574d5f99fe143,Will the highest temperature in Houston be between 96-97°F on July 5?,highest-temperature-in-houston-on-july-5-2026-96-97f,highest-temperature-in-houston-on-july-5-2026,Yes,0,0xba7bedc5e06f1f57dd1c22068a6f5264433e8b8ed99554bceb6c771bea3bf68b,0xbddc2a7690BF600E347d5eb4A9C28f9F24E55d4f-1774968947489,Equal-Sun
1783212718,2026-07-05T00:51:58+00:00,TAKER,BUY,679.11111,0.441753926,299.9999990327179,30364557735150982795754393192548768022466388649587385402392177213104741834917,0xd4ec69983c7c621540d0860b3e49f3f46dd7916868ea891f32af341fede89a69,Will the highest temperature in Istanbul be 27°C on July 6?,highest-temperature-in-istanbul-on-july-6-2026-27c,highest-temperature-in-istanbul-on-july-6-2026,Yes,0,0x49a8e558298d35081c52ca10d2fb9137554efe400697ed9eaa45a92e9468c2cd,0xbddc2a7690BF600E347d5eb4A9C28f9F24E55d4f-1774968947489,Equal-Sun
1783216381,2026-07-05T01:53:01+00:00,TAKER,BUY,68.759317,0.4363044938,29.999998997718734,30180218793270391578315975346928040504821897170465053270337815669626947307808,0x285b1990ff9f93801ce305421a8086fc7aff77692bdb492c06fbaba8b9e8e0b5,Will the highest temperature in Milan be 34°C on July 6?,highest-temperature-in-milan-on-july-6-2026-34c,highest-temperature-in-milan-on-july-6-2026,Yes,0,0xa7134100919f005be8795fbdfea433a5e716f804f3db7794b48675418df45351,0xbddc2a7690BF600E347d5eb4A9C28f9F24E55d4f-1774968947489,Equal-Sun
1783216385,2026-07-05T01:53:05+00:00,TAKER,BUY,118.329229,0.2535299119,29.999999003564927,51783800493655206833485024012072135866370422992105453671271575957898323375530,0x2baa14e1f599ce8c36715c79c0091b0270be42b6010b630784de5550146cd67f,Will the highest temperature in Milan be 33°C on July 6?,highest-temperature-in-milan-on-july-6-2026-33c,highest-temperature-in-milan-on-july-6-2026,Yes,0,0x150da26d51bb0b22e6cbc728ef7e54a7281af91d1425451ac1601ed0189bc9c0,0xbddc2a7690BF600E347d5eb4A9C28f9F24E55d4f-1774968947489,Equal-Sun
1783218190,2026-07-05T02:23:10+00:00,TAKER,BUY,97.419353,0.3079470154,29.99999899854904,112137119201238038034664354282525638620411710089583172993940695252151526790992,0x20623154e45e42c4642496a8b522d4f6be0245f06f3cc653bb599584a918dbd8,Will the highest temperature in Buenos Aires be 8°C on July 5?,highest-temperature-in-buenos-aires-on-july-5-2026-8c,highest-temperature-in-buenos-aires-on-july-5-2026,Yes,0,0xf226596af63417cc67ecdc9c868b5b411bebcc2b921d450ffc0a4938dd355ccd,0xbddc2a7690BF600E347d5eb4A9C28f9F24E55d4f-1774968947489,Equal-Sun
1783219099,2026-07-05T02:38:19+00:00,TAKER,BUY,63.829786,0.4699999934,29.99999899872341,28387250183267559391323838270011893910953827059746318364019859351612312788641,0x2981e00823f561aa2223a066b5b5cb067689b7a0c5de5dd0b6463974a45ff082,Will the highest temperature in Buenos Aires be 9°C on July 5?,highest-temperature-in-buenos-aires-on-july-5-2026-9c,highest-temperature-in-buenos-aires-on-july-5-2026,Yes,0,0xc742d423008425521c9ccd84aa62d7664e5c4d5d20d09b1d875243afd570eca0,0xbddc2a7690BF600E347d5eb4A9C28f9F24E55d4f-1774968947489,Equal-Sun
1783268747,2026-07-05T16:25:47+00:00,TAKER,SELL,100,0.2021,20.21,85031544320035656878543547426652202991959302398627055876128625634390860421429,0x10de37938e579177725c5df1dcf4f1d935f1deba76dd10118d66ce4ac5652d46,Will the highest temperature in London be 29°C on July 5?,highest-temperature-in-london-on-july-5-2026-29c,highest-temperature-in-london-on-july-5-2026,Yes,0,0x083872f413648def56ac9d33d2b89f2391b8de3a70add7770c4eeb6ec88ebb07,0xbddc2a7690BF600E347d5eb4A9C28f9F24E55d4f-1774968947489,Equal-Sun
1783269139,2026-07-05T16:32:19+00:00,TAKER,BUY,100.582665,0.298262121,29.999998998732465,67859151750002628881434076431026642462414234699127425482201990381493008915030,0x8005c22594ee659727aa3487395b81f851a980649a4d2ec0e67b467a8c234079,Will the highest temperature in Houston be between 94-95°F on July 6?,highest-temperature-in-houston-on-july-6-2026-94-95f,highest-temperature-in-houston-on-july-6-2026,Yes,0,0x8d66c029dd252436017d477ee316997c4b85671114e7a48dcf58cf6f6546f0f2,0xbddc2a7690BF600E347d5eb4A9C28f9F24E55d4f-1774968947489,Equal-Sun
1783297238,2026-07-06T00:20:38+00:00,TAKER,BUY,456.58,0.5694524508,260.000599986264,91271298651358045114037905250053638094722772131876911352699399648950855197139,0x66d9e75d69ba96945bad40b138022be1d1c464c75fb936ab2e996063750e4631,Will the highest temperature in Tel Aviv be 32°C on July 6?,highest-temperature-in-tel-aviv-on-july-6-2026-32c,highest-temperature-in-tel-aviv-on-july-6-2026,Yes,0,0xc7b560d57c572f19a9bb7e185cb3e75da35b1265e4d3dcb8bf107ce42fc1aebe,0xbddc2a7690BF600E347d5eb4A9C28f9F24E55d4f-1774968947489,Equal-Sun
1783297262,2026-07-06T00:21:02+00:00,TAKER,BUY,95.07,0.58,55.14059999999999,91271298651358045114037905250053638094722772131876911352699399648950855197139,0x66d9e75d69ba96945bad40b138022be1d1c464c75fb936ab2e996063750e4631,Will the highest temperature in Tel Aviv be 32°C on July 6?,highest-temperature-in-tel-aviv-on-july-6-2026-32c,highest-temperature-in-tel-aviv-on-july-6-2026,Yes,0,0x7cdeea02e78ec411b3b57c530c732c35708ba7e1ec70865e44b2712f2b48a8ab,0xbddc2a7690BF600E347d5eb4A9C28f9F24E55d4f-1774968947489,Equal-Sun
1783306309,2026-07-06T02:51:49+00:00,TAKER,BUY,138.018377,0.362270591,49.999999004650796,35322815902813570289531671556755275641288815109971853666439591980719464087976,0x11ba559bc7986914c3af0125c9727bb1d51b1e940d9060031cc5e393a6f6b97a,Will the highest temperature in Miami be between 90-91°F on July 6?,highest-temperature-in-miami-on-july-6-2026-90-91f,highest-temperature-in-miami-on-july-6-2026,Yes,0,0xd0ad46f0c55ff5248a99f045676954ef2566c271871153fd8c13d712a9bdc183,0xbddc2a7690BF600E347d5eb4A9C28f9F24E55d4f-1774968947489,Equal-Sun
1783328209,2026-07-06T08:56:49+00:00,TAKER,BUY,120.435,0.3944036202,47.499999998787004,36954122544624990310998717962383012346070003049587488924684404145789211218387,0x1b4e7a2a4bfeeffd98b1d8d439aafec0480a73cce27ba1244309764f934d2068,Will the highest temperature in Denver be between 94-95°F on July 6?,highest-temperature-in-denver-on-july-6-2026-94-95f,highest-temperature-in-denver-on-july-6-2026,Yes,0,0x5efb6ad27bd1b24271507d6f65e3c1fe22c497d2d27a1a1fc296979a4793e0a1,0xbddc2a7690BF600E347d5eb4A9C28f9F24E55d4f-1774968947489,Equal-Sun
1783328212,2026-07-06T08:56:52+00:00,TAKER,BUY,125,0.47,58.75,3367860453575086124912070383028624587913303444706998791665977004278094487647,0x0f569fd019445746cfa803edea1fd0362d7206b9b6a47e658f9bff32d0ea9ccb,Will the highest temperature in Denver be between 96-97°F on July 6?,highest-temperature-in-denver-on-july-6-2026-96-97f,highest-temperature-in-denver-on-july-6-2026,Yes,0,0x5455b3d5d470dea61fc4fe7edefed893d98407347b993834df6a08ff85177494,0xbddc2a7690BF600E347d5eb4A9C28f9F24E55d4f-1774968947489,Equal-Sun
1783330019,2026-07-06T09:26:59+00:00,TAKER,BUY,121.933528,0.338299069,41.249999002285435,44846532537832484746989989621908992460141684932616902645421693672089920828448,0xaa3eb44c3f9ac724b64fa643d6231b3847e515354eb63e2daa528fe4367d0039,Will the highest temperature in Los Angeles be between 74-75°F on July 7?,highest-temperature-in-los-angeles-on-july-7-2026-74-75f,highest-temperature-in-los-angeles-on-july-7-2026,Yes,0,0x2130c89b4820ae577e65a3386895ed7474bafcf268bb289e38a84dca8545cf4d,0xbddc2a7690BF600E347d5eb4A9C28f9F24E55d4f-1774968947489,Equal-Sun
1783331468,2026-07-06T09:51:08+00:00,TAKER,BUY,14.5,0.4355172414,6.3150000002999995,30364557735150982795754393192548768022466388649587385402392177213104741834917,0xd4ec69983c7c621540d0860b3e49f3f46dd7916868ea891f32af341fede89a69,Will the highest temperature in Istanbul be 27°C on July 6?,highest-temperature-in-istanbul-on-july-6-2026-27c,highest-temperature-in-istanbul-on-july-6-2026,Yes,0,0x94137e94707988b3d7076e20873dce77ee1a94bfa66771c76c41909b86b0e738,0xbddc2a7690BF600E347d5eb4A9C28f9F24E55d4f-1774968947489,Equal-Sun
1783331618,2026-07-06T09:53:38+00:00,TAKER,SELL,68.75,0.0652,4.4825,30180218793270391578315975346928040504821897170465053270337815669626947307808,0x285b1990ff9f93801ce305421a8086fc7aff77692bdb492c06fbaba8b9e8e0b5,Will the highest temperature in Milan be 34°C on July 6?,highest-temperature-in-milan-on-july-6-2026-34c,highest-temperature-in-milan-on-july-6-2026,Yes,0,0xaa1aeccf3baee098aead5ac7477c591315025093b3febdeeac14d36f87a7c4e5,0xbddc2a7690BF600E347d5eb4A9C28f9F24E55d4f-1774968947489,Equal-Sun
1783331876,2026-07-06T09:57:56+00:00,TAKER,BUY,19.51,0.41,7.9991,30364557735150982795754393192548768022466388649587385402392177213104741834917,0xd4ec69983c7c621540d0860b3e49f3f46dd7916868ea891f32af341fede89a69,Will the highest temperature in Istanbul be 27°C on July 6?,highest-temperature-in-istanbul-on-july-6-2026-27c,highest-temperature-in-istanbul-on-july-6-2026,Yes,0,0xc982a4342a07b64ff4942ec2fff5327ae39c88209522db22150b7afce24b69f6,0xbddc2a7690BF600E347d5eb4A9C28f9F24E55d4f-1774968947489,Equal-Sun
1783373843,2026-07-06T21:37:23+00:00,TAKER,SELL,713.12,0.999,712.40688,30364557735150982795754393192548768022466388649587385402392177213104741834917,0xd4ec69983c7c621540d0860b3e49f3f46dd7916868ea891f32af341fede89a69,Will the highest temperature in Istanbul be 27°C on July 6?,highest-temperature-in-istanbul-on-july-6-2026-27c,highest-temperature-in-istanbul-on-july-6-2026,Yes,0,0x13320d036aeaa315b9a694dc2ec65860fe34a6a68a8ff594ec1242e32ec2de3b,0xbddc2a7690BF600E347d5eb4A9C28f9F24E55d4f-1774968947489,Equal-Sun
1783374212,2026-07-06T21:43:32+00:00,TAKER,BUY,508.474575,0.5899999995,299.9999989957627,26000398494118525200206910414079896150907025101736675453936804524573320420476,0x518dee2300b7ab3e77322f9c4def5bc44279b78016a2e327a90bc0eb25bac80b,Will the highest temperature in Istanbul be 27°C on July 7?,highest-temperature-in-istanbul-on-july-7-2026-27c,highest-temperature-in-istanbul-on-july-7-2026,Yes,0,0x166cd4d7a9fc5bce5bd4243a442d1d652112a3e6d9a1231a2111921be9629714,0xbddc2a7690BF600E347d5eb4A9C28f9F24E55d4f-1774968947489,Equal-Sun
1783374215,2026-07-06T21:43:35+00:00,TAKER,BUY,92.105262,0.3799999939,34.9999989981579,21838851007107972663038845928764795621127102157487267248767178963417210763194,0x23c79c791baf59e62d3b0716645dd0d66e5073547c42eacd7a62623b89901674,Will the highest temperature in Helsinki be 17°C on July 7?,highest-temperature-in-helsinki-on-july-7-2026-17c,highest-temperature-in-helsinki-on-july-7-2026,Yes,0,0xb253dd26dc08cea91041aed9367b129a32e9df3879f96a6abfe8f82c6b2dfc70,0xbddc2a7690BF600E347d5eb4A9C28f9F24E55d4f-1774968947489,Equal-Sun
1783386187,2026-07-07T01:03:07+00:00,TAKER,BUY,1154.81,0.2597829946,299.999999994026,31040936575247096437611728275243702645022559018573376879141871516890321820464,0x9f58e7527f461cbb15376d2f3ddf494564836bc6c80937eae836defb968d14b3,Will the highest temperature in Istanbul be 30°C on July 8?,highest-temperature-in-istanbul-on-july-8-2026-30c,highest-temperature-in-istanbul-on-july-8-2026,Yes,0,0xa425bc595a07cc1c1b011453103d6d57458e5b488580fd65369e421822d77ac7,0xbddc2a7690BF600E347d5eb4A9C28f9F24E55d4f-1774968947489,Equal-Sun
1783392608,2026-07-07T02:50:08+00:00,TAKER,BUY,113.636362,0.4399999975,49.9999989959091,111494581524155826768877704999437564762164236994206085506544291157306454591772,0x1fd10eb00a154109a848c9930a8ac377bf70539f50e93e9408b7772203b07927,Will the highest temperature in Miami be between 90-91°F on July 7?,highest-temperature-in-miami-on-july-7-2026-90-91f,highest-temperature-in-miami-on-july-7-2026,Yes,0,0x59e8a8ab848836f9ac25be1141b93d10c76d073616b5ee2c885c71876071176e,0xbddc2a7690BF600E347d5eb4A9C28f9F24E55d4f-1774968947489,Equal-Sun
1783414349,2026-07-07T08:52:29+00:00,TAKER,BUY,122.71739,0.4583702359,56.2499990033323,62299152287442209925397062312143388787213384776837015503609247752657196820200,0xd296e56d9862d9247b9ce5af88743cf084050f8dd1819aeff70b306a948f609d,Will the highest temperature in Denver be between 94-95°F on July 7?,highest-temperature-in-denver-on-july-7-2026-94-95f,highest-temperature-in-denver-on-july-7-2026,Yes,0,0x4b3268f4f990b64239740b7a45d188f3a9e677f868599bd4a791aa78f27c752b,0xbddc2a7690BF600E347d5eb4A9C28f9F24E55d4f-1774968947489,Equal-Sun
1783417058,2026-07-07T09:37:38+00:00,TAKER,BUY,122.597186,0.3160757621,38.74999899626545,13533315997966598126295167284365919620408928657816374030359371161408202917288,0x31017bb77bd510dc0517753ef9f28e63fd81da58f28da377e76f6f831a85102d,Will the highest temperature in Los Angeles be between 74-75°F on July 8?,highest-temperature-in-los-angeles-on-july-8-2026-74-75f,highest-temperature-in-los-angeles-on-july-8-2026,Yes,0,0x0338968f8be5dca32135ea17b51c01fa8e5a1b0234c8b1fe97e51def360ebc49,0xbddc2a7690BF600E347d5eb4A9C28f9F24E55d4f-1774968947489,Equal-Sun
1783420699,2026-07-07T10:38:19+00:00,TAKER,BUY,378.202263,0.5288175629,199.99999900292485,16244162371285590207452897896013726380028945963319610355480026460662254792419,0xa953f24169f04c86e756900927ce5e09f0f7fc73d740b8ccdfbe6ec925841d51,Will the highest temperature in Tel Aviv be 30°C on July 8?,highest-temperature-in-tel-aviv-on-july-8-2026-30c,highest-temperature-in-tel-aviv-on-july-8-2026,Yes,0,0xa4ddca2cc4c8208eddbdea3002c3cbbfde128517fa98734279dfb822a38df88f,0xbddc2a7690BF600E347d5eb4A9C28f9F24E55d4f-1774968947489,Equal-Sun
1783479494,2026-07-08T02:58:14+00:00,TAKER,BUY,80.64516,0.6199999975,49.999998998387106,30242332133516529162913863934644323463966574117849517270494466300083124664911,0x20ed7405c72327cdbbcf1ea52f7e53f604c5512ab4fbc16faf2652970e2601e1,Will the highest temperature in Miami be between 92-93°F on July 8?,highest-temperature-in-miami-on-july-8-2026-92-93f,highest-temperature-in-miami-on-july-8-2026,Yes,0,0x8a6e4e99845d3144aebc81ecae04319a1e292d7bb8bb7d2e7d23d56bdb74e4f1,0xbddc2a7690BF600E347d5eb4A9C28f9F24E55d4f-1774968947489,Equal-Sun
1783498817,2026-07-08T08:20:17+00:00,TAKER,SELL,1154.81,0.1510907422,174.48109999998198,31040936575247096437611728275243702645022559018573376879141871516890321820464,0x9f58e7527f461cbb15376d2f3ddf494564836bc6c80937eae836defb968d14b3,Will the highest temperature in Istanbul be 30°C on July 8?,highest-temperature-in-istanbul-on-july-8-2026-30c,highest-temperature-in-istanbul-on-july-8-2026,Yes,0,0x2f3474fe99cbbbe43feafae5fd671c3f4a7aebfd177cc91c20b251fdf9ff0c1b,0xbddc2a7690BF600E347d5eb4A9C28f9F24E55d4f-1774968947489,Equal-Sun
1783500377,2026-07-08T08:46:17+00:00,TAKER,BUY,120.94375,0.1550307478,18.75000000423625,71004534020268022229663490496410636147907179631336509068221281481424755144313,0x10e4ac5a133c6f2f2136f46dd20891cfad0127d82cd597f19065e489f3a53176,Will the highest temperature in Denver be between 88-89°F on July 8?,highest-temperature-in-denver-on-july-8-2026-88-89f,highest-temperature-in-denver-on-july-8-2026,Yes,0,0x1c1a8de5099eaa53ec7d6b16af657f01ddb4d9cfc43caa93124f0384fb663169,0xbddc2a7690BF600E347d5eb4A9C28f9F24E55d4f-1774968947489,Equal-Sun
1783500380,2026-07-08T08:46:20+00:00,TAKER,BUY,123.986059,0.3226169081,39.999999002084174,57167722352271039154103395554199424866061441812298941744061833631645202796331,0x94994bd08d3cbbbc5cc67cb5b27e846c342a8f0cefc6721b32af7a39577d42d4,Will the highest temperature in Denver be between 90-91°F on July 8?,highest-temperature-in-denver-on-july-8-2026-90-91f,highest-temperature-in-denver-on-july-8-2026,Yes,0,0xf2359b6d3a263041df0a09c3216aaa1d7ee7501923b0e08e6b4c8a6ddefb6a2e,0xbddc2a7690BF600E347d5eb4A9C28f9F24E55d4f-1774968947489,Equal-Sun
1783500385,2026-07-08T08:46:25+00:00,TAKER,BUY,125,0.35,43.75,91762691721977073679618548796886662873873247608041686215521190426305714831783,0x6f6dda60a4a6899ed3e8a7ea1b3a4237bcbbb59ea024a1c49388e57c28c19c20,Will the highest temperature in Dallas be between 100-101°F on July 9?,highest-temperature-in-dallas-on-july-9-2026-100-101f,highest-temperature-in-dallas-on-july-9-2026,Yes,0,0x99b5d79c896090c63ed1c170273d351689c33a1a02cf12321beacd4367ce5433,0xbddc2a7690BF600E347d5eb4A9C28f9F24E55d4f-1774968947489,Equal-Sun
1783500388,2026-07-08T08:46:28+00:00,TAKER,BUY,121.198332,0.2372144775,28.749998999251527,48250822638535749721223770898837638388374046526781172304031431716740020676310,0x2124536eea57c2a02d17b2c7440b217340367008c3656981469ec8ba05068216,Will the highest temperature in Dallas be between 98-99°F on July 9?,highest-temperature-in-dallas-on-july-9-2026-98-99f,highest-temperature-in-dallas-on-july-9-2026,Yes,0,0x78281e16b2f0cb264f5e6a2756e96729d99f3bd8cd1809ae3e23af96c53b8427,0xbddc2a7690BF600E347d5eb4A9C28f9F24E55d4f-1774968947489,Equal-Sun
1783503130,2026-07-08T09:32:10+00:00,TAKER,BUY,121.615184,0.2672363592,32.49999899559809,55734739166609746298051562156035587832818140737555880127724635019878695781535,0x7078da8d4afa42bf82e6f8cc519b66d805ded94e27a950259de8b5e634b59750,Will the highest temperature in Los Angeles be between 74-75°F on July 9?,highest-temperature-in-los-angeles-on-july-9-2026-74-75f,highest-temperature-in-los-angeles-on-july-9-2026,Yes,0,0xca9fcfd868be2bbfb268a1e7df5566311a046876a16534f0fea54438410d69df,0xbddc2a7690BF600E347d5eb4A9C28f9F24E55d4f-1774968947489,Equal-Sun
1783503133,2026-07-08T09:32:13+00:00,TAKER,BUY,123.088509,0.467143517,57.499998996546154,73269703440761318283417922333761881800848931579820629769318588010001279127281,0x2b8483129ff4011c75671a2a78a5f6b46c2d9c0804f1c53c77a96f8fc4c9d9ee,Will the highest temperature in Los Angeles be between 76-77°F on July 9?,highest-temperature-in-los-angeles-on-july-9-2026-76-77f,highest-temperature-in-los-angeles-on-july-9-2026,Yes,0,0x1de3cbd39c1e8e025608d778ae00f3db62d2bfc9d3d100ab4faf47f7d9875dae,0xbddc2a7690BF600E347d5eb4A9C28f9F24E55d4f-1774968947489,Equal-Sun
1783506823,2026-07-08T10:33:43+00:00,TAKER,BUY,479.044284,0.4174979343,199.99999900822255,5379241642182907117653592504018244584123376282943630922734703574730251021293,0x6e829a8abcc55a7839d5b476a768d4ed90482acb65ad4a027cedaa5843f05b0a,Will the highest temperature in Tel Aviv be 31°C on July 9?,highest-temperature-in-tel-aviv-on-july-9-2026-31c,highest-temperature-in-tel-aviv-on-july-9-2026,Yes,0,0xef53cf3816078ede1fcb825195e02f35404124d27548f96598e1a7027471e20c,0xbddc2a7690BF600E347d5eb4A9C28f9F24E55d4f-1774968947489,Equal-Sun
1783557433,2026-07-09T00:37:13+00:00,TAKER,BUY,232.409427,0.344220112,79.99999899179582,52050022597584829309846150432339844644475102258293752570978892209409895959766,0xfc62201376f0668500d0b2a646d33faa9b49b88897cd246d44991bba97ca55cd,Will the highest temperature in Warsaw be 19°C on July 9?,highest-temperature-in-warsaw-on-july-9-2026-19c,highest-temperature-in-warsaw-on-july-9-2026,Yes,0,0x27aab55dc3f1b9f1522dfa05a45bc6ed7818ecfdcbf4f77ad72b3aa6407354a7,0xbddc2a7690BF600E347d5eb4A9C28f9F24E55d4f-1774968947489,Equal-Sun
1783558339,2026-07-09T00:52:19+00:00,TAKER,BUY,939.63,0.3192746081,300.00000000900303,114584924491675565165300772564084676374201684596765052169516168624788146367330,0xf2438e31ff1be534e9efdde7257a78c783aef0ba1882fd8e0e2f5eec068ee5fc,Will the highest temperature in Istanbul be 25°C on July 10?,highest-temperature-in-istanbul-on-july-10-2026-25c,highest-temperature-in-istanbul-on-july-10-2026,Yes,0,0x2ce90fbca8d38fd4e775c3ffa0812627bcbd16b6be5cd1fd162eb664c40c2091,0xbddc2a7690BF600E347d5eb4A9C28f9F24E55d4f-1774968947489,Equal-Sun
1783561979,2026-07-09T01:52:59+00:00,TAKER,BUY,250.95175,0.3984829753,99.99999999674178,96749603533744129891624039744775193107751596112365734457036111052272869902023,0xe5c7886178865b665a4dc4ca2603e1d2e8038fc538a9572873924641067a5ab7,Will the highest temperature in Austin be between 96-97°F on July 9?,highest-temperature-in-austin-on-july-9-2026-96-97f,highest-temperature-in-austin-on-july-9-2026,Yes,0,0x00460bb07c56d6889cdcb43986a62d81fb2d4ab01bfd93a6e4f5a2b1d730138e,0xbddc2a7690BF600E347d5eb4A9C28f9F24E55d4f-1774968947489,Equal-Sun
1783565639,2026-07-09T02:53:59+00:00,TAKER,BUY,82.704917,0.6045589647,49.99999899711943,10883912768592098667524498827300259543448965677138285668343101557490993110630,0xa2164d89a30dc2a518dad3c7e4e2312820deb76fa3eac5555a3c84c31a262aab,Will the highest temperature in Miami be between 92-93°F on July 9?,highest-temperature-in-miami-on-july-9-2026-92-93f,highest-temperature-in-miami-on-july-9-2026,Yes,0,0xa2fd0711272fd8d8d4d5877fe46f0a7407665361340c86c56295c89b5728b78b,0xbddc2a7690BF600E347d5eb4A9C28f9F24E55d4f-1774968947489,Equal-Sun
1783566311,2026-07-09T03:05:11+00:00,TAKER,BUY,304.286967,0.6572742828,199.99999800031227,33030139224297147154157076442271097087254804812220043135755483728254904376925,0x8819555bc0990f50e6892d0b80668aeabd5e4bac7fd6a8f0d132b6042b533742,Will the highest temperature in Wellington be 10°C on July 10?,highest-temperature-in-wellington-on-july-10-2026-10c,highest-temperature-in-wellington-on-july-10-2026,Yes,0,0x83feedcec34c27fb2dd3537e907942c1c0236639289016358230647352624b2a,0xbddc2a7690BF600E347d5eb4A9C28f9F24E55d4f-1774968947489,Equal-Sun
1783573859,2026-07-09T05:10:59+00:00,TAKER,BUY,265.64263,0.3764455991,99.99999899684963,80636686604483720461244104246127824266539769122852843900244527365012437851666,0x48a2a4fa7881eb0b80814a78e80818d765b90167603de484a793b303cc2d74e2,Will the highest temperature in Wellington be 11°C on July 11?,highest-temperature-in-wellington-on-july-11-2026-11c,highest-temperature-in-wellington-on-july-11-2026,Yes,0,0x5efd65fb34bc121ff936fb8cf8d7da1bb3460c8211065fc29134858d2bf18612,0xbddc2a7690BF600E347d5eb4A9C28f9F24E55d4f-1774968947489,Equal-Sun
1783586651,2026-07-09T08:44:11+00:00,TAKER,BUY,121.487618,0.2057822798,24.999998999511515,32994617680571150120767900370711789023048855274792802568826541423755889560619,0x5e6c90a628e71bda26ef3e5bc1988bf221c9e5f7e8ee73cc3e21143974c808b8,Will the highest temperature in Denver be between 88-89°F on July 9?,highest-temperature-in-denver-on-july-9-2026-88-89f,highest-temperature-in-denver-on-july-9-2026,Yes,0,0xbf1389084fbd251cfae7e915ca45a7783a21f29310fafeeb4a06edd2326a30bb,0xbddc2a7690BF600E347d5eb4A9C28f9F24E55d4f-1774968947489,Equal-Sun
1783586663,2026-07-09T08:44:23+00:00,TAKER,BUY,123.229165,0.4767540135,58.749998994003725,115461886649030148734780447895627568423408901567984314530498054553154941739455,0x4d6b01299d8d0ee85b04b70ed89ad6d64c28ef1d7e65c8994deae026d19de62e,Will the highest temperature in Denver be between 90-91°F on July 9?,highest-temperature-in-denver-on-july-9-2026-90-91f,highest-temperature-in-denver-on-july-9-2026,Yes,0,0xccede43f6365dda894cbca545d3a0e25619327e062d1965fc3d95be6bfa8cadb,0xbddc2a7690BF600E347d5eb4A9C28f9F24E55d4f-1774968947489,Equal-Sun
1783586671,2026-07-09T08:44:31+00:00,TAKER,BUY,121.533332,0.298272074,36.24999899577057,97671362544562753431230697696534679990615251070510670014878297391653611405657,0x6ac665f09a1c998e766dd750ba8680a00d4c04b43d6595d200593d17df8b20e2,Will the highest temperature in Dallas be between 100-101°F on July 10?,highest-temperature-in-dallas-on-july-10-2026-100-101f,highest-temperature-in-dallas-on-july-10-2026,Yes,0,0x1aa13efa7af0c6ad13898c9565dcc2180e8b28fd0254b74e51b683b683322f5d,0xbddc2a7690BF600E347d5eb4A9C28f9F24E55d4f-1774968947489,Equal-Sun
1783586680,2026-07-09T08:44:40+00:00,TAKER,BUY,122.87135,0.3662367102,44.99999900183277,13844393638149425393667975989174827457053455518308942516510120319926067994747,0xac494122ec1bd0f579e259978fcff573406820f05f46dc5375d067761dc260fa,Will the highest temperature in Dallas be between 98-99°F on July 10?,highest-temperature-in-dallas-on-july-10-2026-98-99f,highest-temperature-in-dallas-on-july-10-2026,Yes,0,0x317ae530f455803627404c581ae0092278ba9cc55b38ef4724cd2defab2080bd,0xbddc2a7690BF600E347d5eb4A9C28f9F24E55d4f-1774968947489,Equal-Sun
1783589093,2026-07-09T09:24:53+00:00,TAKER,BUY,118.076743,0.4234534061,49.99999900454433,80636686604483720461244104246127824266539769122852843900244527365012437851666,0x48a2a4fa7881eb0b80814a78e80818d765b90167603de484a793b303cc2d74e2,Will the highest temperature in Wellington be 11°C on July 11?,highest-temperature-in-wellington-on-july-11-2026-11c,highest-temperature-in-wellington-on-july-11-2026,Yes,0,0x25f2d5312088e1785c7eec4799b3f36ce2f44246c17352ab1c81d39dae673c64,0xbddc2a7690BF600E347d5eb4A9C28f9F24E55d4f-1774968947489,Equal-Sun
1783605194,2026-07-09T13:53:14+00:00,TAKER,SELL,479.04,0.9926391951,475.513880020704,5379241642182907117653592504018244584123376282943630922734703574730251021293,0x6e829a8abcc55a7839d5b476a768d4ed90482acb65ad4a027cedaa5843f05b0a,Will the highest temperature in Tel Aviv be 31°C on July 9?,highest-temperature-in-tel-aviv-on-july-9-2026-31c,highest-temperature-in-tel-aviv-on-july-9-2026,Yes,0,0x48ff1369db717790d55ce854a850f036143a46a482c40ced47346cdadc506a3b,0xbddc2a7690BF600E347d5eb4A9C28f9F24E55d4f-1774968947489,Equal-Sun
1783605752,2026-07-09T14:02:32+00:00,TAKER,BUY,344.985516,0.5797344808,199.9999990017801,7234156236734301951736496479647915853919775356673250309092726284379920057364,0xf52e2da2a5fb7b350df88990d850993d13625574efe08be851c5ea9639f74f18,Will the highest temperature in Tel Aviv be 31°C on July 10?,highest-temperature-in-tel-aviv-on-july-10-2026-31c,highest-temperature-in-tel-aviv-on-july-10-2026,Yes,0,0xd5c069b6300b38c1a04e29f9a5929c489a7cdbefda45c2949ff2c89ab2f65504,0xbddc2a7690BF600E347d5eb4A9C28f9F24E55d4f-1774968947489,Equal-Sun
1783605757,2026-07-09T14:02:37+00:00,TAKER,BUY,107.784892,0.4638868961,49.99999899635372,66674519306826729288736662117882177766139528020702218805855415176795918348478,0xd2daa57b2b81857a83a284716c91c57063c15fcbac4967aad924c606ff1ca112,Will the highest temperature in Helsinki be 23°C on July 10?,highest-temperature-in-helsinki-on-july-10-2026-23c,highest-temperature-in-helsinki-on-july-10-2026,Yes,0,0xaecb659e58da18f04942a89d48484ef295629e2460baf1d46666271ae5e841be,0xbddc2a7690BF600E347d5eb4A9C28f9F24E55d4f-1774968947489,Equal-Sun
1783605760,2026-07-09T14:02:40+00:00,TAKER,BUY,131.578946,0.3799999964,49.99999900631579,42829101633431515688664241119762068456629420636197230409530835741798273208597,0x0476b592b1ae12bab28c8ee0fd900d362e688637e7bf27341f76b7d54656393c,Will the highest temperature in Atlanta be between 92-93°F on July 10?,highest-temperature-in-atlanta-on-july-10-2026-92-93f,highest-temperature-in-atlanta-on-july-10-2026,Yes,0,0x0564c9b57df9fe72af7fc9432caeb7a09c6e748635c39d03f8e12eda850813af,0xbddc2a7690BF600E347d5eb4A9C28f9F24E55d4f-1774968947489,Equal-Sun
1783643641,2026-07-10T00:34:01+00:00,TAKER,BUY,178.888887,0.4472049681,79.9999990042795,52305225314470191168246964449912373305468059457926769646587565084446270002051,0xa0027dc8a552244825bc542671d14aed260e1314af14461c6babb852aff8e5d1,Will the highest temperature in Warsaw be 19°C on July 10?,highest-temperature-in-warsaw-on-july-10-2026-19c,highest-temperature-in-warsaw-on-july-10-2026,Yes,0,0x2c723b84e33bf71f6e9b9fcf61c5e43c56aaeb6cd302c7999b5179b9f5c507e2,0xbddc2a7690BF600E347d5eb4A9C28f9F24E55d4f-1774968947489,Equal-Sun
1783646305,2026-07-10T01:18:25+00:00,TAKER,BUY,206.502172,0.4503584543,92.99999899151274,59153339463511917530601584705932769874716557756736744131924736679282638352443,0x8d350670ec03c60d0cf0b2b5aed6bf1f8b2be7406276211a13c6ee00e329dbfa,Will the highest temperature in Istanbul be 28°C on July 11?,highest-temperature-in-istanbul-on-july-11-2026-28c,highest-temperature-in-istanbul-on-july-11-2026,Yes,0,0x6a3b6612374195f81c541fd0c7352165181277f63c7855f8f86369d25f60098b,0xbddc2a7690BF600E347d5eb4A9C28f9F24E55d4f-1774968947489,Equal-Sun
1783662575,2026-07-10T05:49:35+00:00,TAKER,SELL,250.95,0.999,250.69905,96749603533744129891624039744775193107751596112365734457036111052272869902023,0xe5c7886178865b665a4dc4ca2603e1d2e8038fc538a9572873924641067a5ab7,Will the highest temperature in Austin be between 96-97°F on July 9?,highest-temperature-in-austin-on-july-9-2026-96-97f,highest-temperature-in-austin-on-july-9-2026,Yes,0,0xf3725064d1d03e2b0a20635c231762ba96ac138ad6b133e3ee302b1d5fee8b9c,0xbddc2a7690BF600E347d5eb4A9C28f9F24E55d4f-1774968947489,Equal-Sun
1783662619,2026-07-10T05:50:19+00:00,TAKER,SELL,125,0.999,124.875,91762691721977073679618548796886662873873247608041686215521190426305714831783,0x6f6dda60a4a6899ed3e8a7ea1b3a4237bcbbb59ea024a1c49388e57c28c19c20,Will the highest temperature in Dallas be between 100-101°F on July 9?,highest-temperature-in-dallas-on-july-9-2026-100-101f,highest-temperature-in-dallas-on-july-9-2026,Yes,0,0x502ccc912b2472a2a22d32d7d955b00914924e2014ad0f1dec630991411948e1,0xbddc2a7690BF600E347d5eb4A9C28f9F24E55d4f-1774968947489,Equal-Sun
1783662637,2026-07-10T05:50:37+00:00,TAKER,SELL,123.22,0.999,123.09678,115461886649030148734780447895627568423408901567984314530498054553154941739455,0x4d6b01299d8d0ee85b04b70ed89ad6d64c28ef1d7e65c8994deae026d19de62e,Will the highest temperature in Denver be between 90-91°F on July 9?,highest-temperature-in-denver-on-july-9-2026-90-91f,highest-temperature-in-denver-on-july-9-2026,Yes,0,0x636fad8f27c9d68ba69c72680fa934f27dff9f7da301d74c8c0527809056fc1e,0xbddc2a7690BF600E347d5eb4A9C28f9F24E55d4f-1774968947489,Equal-Sun
1783662658,2026-07-10T05:50:58+00:00,TAKER,SELL,121.61,0.999,121.48839,55734739166609746298051562156035587832818140737555880127724635019878695781535,0x7078da8d4afa42bf82e6f8cc519b66d805ded94e27a950259de8b5e634b59750,Will the highest temperature in Los Angeles be between 74-75°F on July 9?,highest-temperature-in-los-angeles-on-july-9-2026-74-75f,highest-temperature-in-los-angeles-on-july-9-2026,Yes,0,0x24cb3f14471405fc206962cab5bd1006be91dcf4c993fd950ae12bc224f2af17,0xbddc2a7690BF600E347d5eb4A9C28f9F24E55d4f-1774968947489,Equal-Sun
1783662791,2026-07-10T05:53:11+00:00,TAKER,BUY,95.094338,0.5257936492,49.99999899527823,73193170380524449622520149921634606644716387025627680380437805398927753670890,0x8ddb237850a033a76bb55447ed1e2682b9458f8dadfb0256f9e5f3c46f955877,Will the highest temperature in Miami be between 90-91°F on July 10?,highest-temperature-in-miami-on-july-10-2026-90-91f,highest-temperature-in-miami-on-july-10-2026,Yes,0,0x276330e95c8852b45cb20aa16074cff6466201918a69ad978f9986181a3d91d5,0xbddc2a7690BF600E347d5eb4A9C28f9F24E55d4f-1774968947489,Equal-Sun
1783662796,2026-07-10T05:53:16+00:00,TAKER,BUY,212.823332,0.4698732891,99.99999900406128,58751019044458006356570757718644350008479956185416347535772702966593624435105,0xeeb4801cc0692a70ddb66a437a73f59769b4e5686caba412e1e907a9d33ffce3,Will the highest temperature in Wellington be 11°C on July 12?,highest-temperature-in-wellington-on-july-12-2026-11c,highest-temperature-in-wellington-on-july-12-2026,Yes,0,0x4f9d43db60b2aae962fc7985e4dee229a463e4b5d40491198e410ded683afe99,0xbddc2a7690BF600E347d5eb4A9C28f9F24E55d4f-1774968947489,Equal-Sun
1783662917,2026-07-10T05:55:17+00:00,TAKER,BUY,296.123528,0.3376969053,99.99999899211791,88088969029748334690584291695254158556702895958782967520802424342420736394988,0x123e164bc6fc6e18adf7895fda889baa50e6595f0465178bbef5834a51f6ece0,Will the highest temperature in Austin be between 94-95°F on July 10?,highest-temperature-in-austin-on-july-10-2026-94-95f,highest-temperature-in-austin-on-july-10-2026,Yes,0,0xd8b9322467510a4884daa23ab3b6ffe60f98c7294efc1a1440522de228f69ea9,0xbddc2a7690BF600E347d5eb4A9C28f9F24E55d4f-1774968947489,Equal-Sun
1783662920,2026-07-10T05:55:20+00:00,TAKER,BUY,434.290207,0.4766398037,206.99999901331236,59153339463511917530601584705932769874716557756736744131924736679282638352443,0x8d350670ec03c60d0cf0b2b5aed6bf1f8b2be7406276211a13c6ee00e329dbfa,Will the highest temperature in Istanbul be 28°C on July 11?,highest-temperature-in-istanbul-on-july-11-2026-28c,highest-temperature-in-istanbul-on-july-11-2026,Yes,0,0xc6122562d57afb7247f3a153a20c493966e24210a33d9850ce2d09ae8d399c4b,0xbddc2a7690BF600E347d5eb4A9C28f9F24E55d4f-1774968947489,Equal-Sun
1783672808,2026-07-10T08:40:08+00:00,TAKER,BUY,123.076922,0.3859374953,47.499999005913466,27132408683379436975739105065694580009619387849858678793397684455490561514915,0xea615d620bf4f9a81b7074ff0c99f06b754b02e7e3ee4e702c6abab75582b500,Will the highest temperature in Dallas be between 98-99°F on July 11?,highest-temperature-in-dallas-on-july-11-2026-98-99f,highest-temperature-in-dallas-on-july-11-2026,Yes,0,0xb0d3c48d5278fdcec1f7f5621e8a478a399ec83e044e0d464a8d08fe1fb3762c,0xbddc2a7690BF600E347d5eb4A9C28f9F24E55d4f-1774968947489,Equal-Sun
1783672811,2026-07-10T08:40:11+00:00,TAKER,BUY,123.653927,0.2729391603,33.74999900317749,64394073085390159969401534739662285532625725483109944725956793910723201880997,0x6f66ea4842f8a4fc0ffedc63a64d51ecfaec9ba25f551f3d253972dee3a1e4e7,Will the highest temperature in Dallas be between 96-97°F on July 11?,highest-temperature-in-dallas-on-july-11-2026-96-97f,highest-temperature-in-dallas-on-july-11-2026,Yes,0,0x8e8ff15cbb5d5378079872ef0fa5ee1337de2b082c2f58f0177d9df8bd0e47fe,0xbddc2a7690BF600E347d5eb4A9C28f9F24E55d4f-1774968947489,Equal-Sun
1783673722,2026-07-10T08:55:22+00:00,TAKER,BUY,125,0.34,42.5,76435045723546377541806024844901046023096236841511375568364651450869856077426,0xbf28ff658c71ca8a2b8ca470527b1dd5bf024156137db8006f7cbe1785e5ac2a,Will the highest temperature in Denver be between 88-89°F on July 10?,highest-temperature-in-denver-on-july-10-2026-88-89f,highest-temperature-in-denver-on-july-10-2026,Yes,0,0x8a943ff0e70918d05944b5ce6274c36562e3e5a0cf0aa58d5a1db1ad26cb259b,0xbddc2a7690BF600E347d5eb4A9C28f9F24E55d4f-1774968947489,Equal-Sun
1783681948,2026-07-10T11:12:28+00:00,TAKER,BUY,85.618332,0.2335948217,19.999998997791405,114584924491675565165300772564084676374201684596765052169516168624788146367330,0xf2438e31ff1be534e9efdde7257a78c783aef0ba1882fd8e0e2f5eec068ee5fc,Will the highest temperature in Istanbul be 25°C on July 10?,highest-temperature-in-istanbul-on-july-10-2026-25c,highest-temperature-in-istanbul-on-july-10-2026,Yes,0,0x5b2a61c166ef3dabecfbd627765614ae1880ccc2482bf956ead14e63042e8bca,0xbddc2a7690BF600E347d5eb4A9C28f9F24E55d4f-1774968947489,Equal-Sun
1783689268,2026-07-10T13:14:28+00:00,TAKER,SELL,344.98,0.9900127833,341.534609982834,7234156236734301951736496479647915853919775356673250309092726284379920057364,0xf52e2da2a5fb7b350df88990d850993d13625574efe08be851c5ea9639f74f18,Will the highest temperature in Tel Aviv be 31°C on July 10?,highest-temperature-in-tel-aviv-on-july-10-2026-31c,highest-temperature-in-tel-aviv-on-july-10-2026,Yes,0,0x1601f7cdab044d44f260eaffe9a8dc56d8e290b98966895133af7b1f23ee6b77,0xbddc2a7690BF600E347d5eb4A9C28f9F24E55d4f-1774968947489,Equal-Sun
1783689322,2026-07-10T13:15:22+00:00,TAKER,SELL,304.28,0.999,303.97571999999997,33030139224297147154157076442271097087254804812220043135755483728254904376925,0x8819555bc0990f50e6892d0b80668aeabd5e4bac7fd6a8f0d132b6042b533742,Will the highest temperature in Wellington be 10°C on July 10?,highest-temperature-in-wellington-on-july-10-2026-10c,highest-temperature-in-wellington-on-july-10-2026,Yes,0,0x7e95eaafecc44b643eebb4f374e9896073eee62ccd5600bca695d15b3c64916b,0xbddc2a7690BF600E347d5eb4A9C28f9F24E55d4f-1774968947489,Equal-Sun
1783690093,2026-07-10T13:28:13+00:00,TAKER,BUY,188.366665,0.2654397422,49.99999899667377,110790578413648090000391344846899364639067324622956277873261938052534921953562,0xcee1ac50fbfe47ea23f836015bd1cebfd3148ddba3df2fb5e2ba13f2d134a98b,Will the highest temperature in Helsinki be 27°C on July 11?,highest-temperature-in-helsinki-on-july-11-2026-27c,highest-temperature-in-helsinki-on-july-11-2026,Yes,0,0x346d9f741bc529706cf85337ac7167b3a63a57a0d02b1ea33d0fe12afb6e397f,0xbddc2a7690BF600E347d5eb4A9C28f9F24E55d4f-1774968947489,Equal-Sun
1783690099,2026-07-10T13:28:19+00:00,TAKER,BUY,261.8084,0.1909793574,49.99999999392216,10078590639606788969828795516157797073663368702543385555406643385140913561698,0xbb6d0acd1ecf59e0a0f14f9b36863052423106855e7f4b597d9cd4f040a1712a,Will the highest temperature in Atlanta be between 88-89°F on July 11?,highest-temperature-in-atlanta-on-july-11-2026-88-89f,highest-temperature-in-atlanta-on-july-11-2026,Yes,0,0x22b0fcbe83dba45a39b0241061b60f2fa4f1d639831cf8d1a3dbcec26d2061d7,0xbddc2a7690BF600E347d5eb4A9C28f9F24E55d4f-1774968947489,Equal-Sun
1783690991,2026-07-10T13:43:11+00:00,TAKER,BUY,339.225253,0.5895787452,199.99999900389253,43980287665771162785230943784081329959485946909951737825346381594104796348933,0xf8bd945d32529128262becab3b91978f4c7a112f23b58e4a6c106dc545de2070,Will the highest temperature in Tel Aviv be 31°C on July 11?,highest-temperature-in-tel-aviv-on-july-11-2026-31c,highest-temperature-in-tel-aviv-on-july-11-2026,Yes,0,0xec005a05a0eaff46ea30c9f1755b72f7c969915bd9a9b1f945bf2948c3846599,0xbddc2a7690BF600E347d5eb4A9C28f9F24E55d4f-1774968947489,Equal-Sun
1783729322,2026-07-11T00:22:02+00:00,TAKER,SELL,296.12,0.999,295.82388000000003,88088969029748334690584291695254158556702895958782967520802424342420736394988,0x123e164bc6fc6e18adf7895fda889baa50e6595f0465178bbef5834a51f6ece0,Will the highest temperature in Austin be between 94-95°F on July 10?,highest-temperature-in-austin-on-july-10-2026-94-95f,highest-temperature-in-austin-on-july-10-2026,Yes,0,0xde754a84b9991d3354429377058b7cf992a650a992a8fd8c2d56edd797eac5f6,0xbddc2a7690BF600E347d5eb4A9C28f9F24E55d4f-1774968947489,Equal-Sun
1783730741,2026-07-11T00:45:41+00:00,TAKER,BUY,169.52125,0.4719172375,79.99999999754688,103490054283323404415589692436281264881938253854392170667590563421941607611087,0xae6e4191038759a8d7a2918c74ee25186e279ad061caf77052e2ab0de9971a83,Will the highest temperature in Warsaw be 22°C on July 11?,highest-temperature-in-warsaw-on-july-11-2026-22c,highest-temperature-in-warsaw-on-july-11-2026,Yes,0,0xf1db0d218a2ac76c8a54be1b157b113e49d915235895e48f2cd5d016f696b66f,0xbddc2a7690BF600E347d5eb4A9C28f9F24E55d4f-1774968947489,Equal-Sun
1783731641,2026-07-11T01:00:41+00:00,TAKER,BUY,210.71857,0.4745666175,99.99999900933697,42555140993781327107990305807833747399409254082139127743903585730164862827419,0xecb996c65721eb3e6706e8ca22e90f69bcb8b488e4809e7fc4b6ffb714e664e8,Will the highest temperature in Istanbul be 27°C on July 12?,highest-temperature-in-istanbul-on-july-12-2026-27c,highest-temperature-in-istanbul-on-july-12-2026,Yes,0,0x29bc9e44be80623308219604cd84484b6a57a7f8491daa47fa1e5107caabb97f,0xbddc2a7690BF600E347d5eb4A9C28f9F24E55d4f-1774968947489,Equal-Sun
1783732870,2026-07-11T01:21:10+00:00,TAKER,SELL,131.57,0.999,131.43842999999998,42829101633431515688664241119762068456629420636197230409530835741798273208597,0x0476b592b1ae12bab28c8ee0fd900d362e688637e7bf27341f76b7d54656393c,Will the highest temperature in Atlanta be between 92-93°F on July 10?,highest-temperature-in-atlanta-on-july-10-2026-92-93f,highest-temperature-in-atlanta-on-july-10-2026,Yes,0,0xa3414d9f153c6866e5acb6ee1f46a2b92e502d99ab990ab1bccb8d0bda02a31d,0xbddc2a7690BF600E347d5eb4A9C28f9F24E55d4f-1774968947489,Equal-Sun
1783736903,2026-07-11T02:28:23+00:00,TAKER,SELL,122.87,0.999,122.74713,13844393638149425393667975989174827457053455518308942516510120319926067994747,0xac494122ec1bd0f579e259978fcff573406820f05f46dc5375d067761dc260fa,Will the highest temperature in Dallas be between 98-99°F on July 10?,highest-temperature-in-dallas-on-july-10-2026-98-99f,highest-temperature-in-dallas-on-july-10-2026,Yes,0,0x9bf3ff9fde89871e01e3267cfbe5f00afd24bee3c87a8fed4a64ebd3c7cbba28,0xbddc2a7690BF600E347d5eb4A9C28f9F24E55d4f-1774968947489,Equal-Sun
1783746074,2026-07-11T05:01:14+00:00,TAKER,BUY,16,0.525,8.4,37449786042059652558909607231371341458871682536867575524500074467945881515665,0x34d230d87c78966d794544952d1131318c7fb17fc26f5d580a720d7bb1946de3,Will the highest temperature in Wellington be 13°C on July 13?,highest-temperature-in-wellington-on-july-13-2026-13c,highest-temperature-in-wellington-on-july-13-2026,Yes,0,0xc449e3018e8391af3b453c812e1ae33cfe17be052e168ad5fb6335dc9458a11b,0xbddc2a7690BF600E347d5eb4A9C28f9F24E55d4f-1774968947489,Equal-Sun
1783759808,2026-07-11T08:50:08+00:00,TAKER,BUY,124.829472,0.1802458878,22.49999900424524,38068375915032462850741978479530556814230262588206141581414174431198676962697,0xe71d4f8314339681f0f86b48051d1d4e87c1745a6f95226249b5ed97cf28b444,Will the highest temperature in Dallas be between 96-97°F on July 12?,highest-temperature-in-dallas-on-july-12-2026-96-97f,highest-temperature-in-dallas-on-july-12-2026,Yes,0,0xb1642157c252d4b4e1202f9fbb78e9d9608ed4a3150859dc8b416443ec245bd6,0xbddc2a7690BF600E347d5eb4A9C28f9F24E55d4f-1774968947489,Equal-Sun
1783759811,2026-07-11T08:50:11+00:00,TAKER,BUY,121.265944,0.3401614471,41.249998994987564,14101405706839713071904597854367600200627896240642164807409791361317876863947,0x3aab71a24a7ff6e71e74fb6db47ca13edcf3fec68a4955c81c0b36d252c9777e,Will the highest temperature in Dallas be between 94-95°F on July 12?,highest-temperature-in-dallas-on-july-12-2026-94-95f,highest-temperature-in-dallas-on-july-12-2026,Yes,0,0x0b08492d021d3a5b509e56363d466e843761dd145c9a37430202516f0750e691,0xbddc2a7690BF600E347d5eb4A9C28f9F24E55d4f-1774968947489,Equal-Sun
1783762529,2026-07-11T09:35:29+00:00,TAKER,BUY,125,0.3,37.5,40642889990399544179096953499373246788337926289530959158495431355824798330510,0x778ebf160ab533af871d663e6ec297f8acc1eb0a93afb476bf67080b7e256ddd,Will the highest temperature in Los Angeles be between 76-77°F on July 12?,highest-temperature-in-los-angeles-on-july-12-2026-76-77f,highest-temperature-in-los-angeles-on-july-12-2026,Yes,0,0x27e30e8bede4e127b84f2c0814e2583cb09cfa870c2ce35138481f2387dfd1dd,0xbddc2a7690BF600E347d5eb4A9C28f9F24E55d4f-1774968947489,Equal-Sun
1783766149,2026-07-11T10:35:49+00:00,TAKER,BUY,96.65,0.5171505432,49.98260000028,4665176666760291526600486691850631795439302261925058143524346682351887694197,0x9507d89451e5548244fbeba166d5054ec0f491fa2946d0ad94f3f5d6652c6234,Will the highest temperature in Tel Aviv be 31°C on July 12?,highest-temperature-in-tel-aviv-on-july-12-2026-31c,highest-temperature-in-tel-aviv-on-july-12-2026,Yes,0,0xedbea5609996267474802028b416f000883d037267b4a9e59f4359a87826bd73,0xbddc2a7690BF600E347d5eb4A9C28f9F24E55d4f-1774968947489,Equal-Sun
1783775456,2026-07-11T13:10:56+00:00,TAKER,BUY,175.29,0.6,105.17399999999999,37449786042059652558909607231371341458871682536867575524500074467945881515665,0x34d230d87c78966d794544952d1131318c7fb17fc26f5d580a720d7bb1946de3,Will the highest temperature in Wellington be 13°C on July 13?,highest-temperature-in-wellington-on-july-13-2026-13c,highest-temperature-in-wellington-on-july-13-2026,Yes,0,0x1eed8ddb3ec4bb6693bb33efe740c29fea252909ce4011ffa4d9199395632bf7,0xbddc2a7690BF600E347d5eb4A9C28f9F24E55d4f-1774968947489,Equal-Sun
1783775474,2026-07-11T13:11:14+00:00,TAKER,BUY,123.03,0.6118719012,75.278600004636,37449786042059652558909607231371341458871682536867575524500074467945881515665,0x34d230d87c78966d794544952d1131318c7fb17fc26f5d580a720d7bb1946de3,Will the highest temperature in Wellington be 13°C on July 13?,highest-temperature-in-wellington-on-july-13-2026-13c,highest-temperature-in-wellington-on-july-13-2026,Yes,0,0x37937a8dcd34d6a50ebd7e85dc553728ee470aa402033f34a8c98b2ece97ae76,0xbddc2a7690BF600E347d5eb4A9C28f9F24E55d4f-1774968947489,Equal-Sun
1783783337,2026-07-11T15:22:17+00:00,TAKER,BUY,33.31,0.5363944761,17.867299998891003,4665176666760291526600486691850631795439302261925058143524346682351887694197,0x9507d89451e5548244fbeba166d5054ec0f491fa2946d0ad94f3f5d6652c6234,Will the highest temperature in Tel Aviv be 31°C on July 12?,highest-temperature-in-tel-aviv-on-july-12-2026-31c,highest-temperature-in-tel-aviv-on-july-12-2026,Yes,0,0x6020cafadb8bc860cbded0bf45310c39197dc52ac27cb599e355089dc77f946c,0xbddc2a7690BF600E347d5eb4A9C28f9F24E55d4f-1774968947489,Equal-Sun
1783800857,2026-07-11T20:14:17+00:00,TAKER,BUY,21.17,0.77,16.300900000000002,58751019044458006356570757718644350008479956185416347535772702966593624435105,0xeeb4801cc0692a70ddb66a437a73f59769b4e5686caba412e1e907a9d33ffce3,Will the highest temperature in Wellington be 11°C on July 12?,highest-temperature-in-wellington-on-july-12-2026-11c,highest-temperature-in-wellington-on-july-12-2026,Yes,0,0xcf30b98acdc99f57b2e2badced19f1d3acfb4f43218fcf245818cb7d14cc479c,0xbddc2a7690BF600E347d5eb4A9C28f9F24E55d4f-1774968947489,Equal-Sun
1783800863,2026-07-11T20:14:23+00:00,TAKER,BUY,29.3,0.7748805461,22.70400000073,58751019044458006356570757718644350008479956185416347535772702966593624435105,0xeeb4801cc0692a70ddb66a437a73f59769b4e5686caba412e1e907a9d33ffce3,Will the highest temperature in Wellington be 11°C on July 12?,highest-temperature-in-wellington-on-july-12-2026-11c,highest-temperature-in-wellington-on-july-12-2026,Yes,0,0xb026d3eee156cb992c556219e88715b936156b6dd1ee138ffa3a2fac9a9740af,0xbddc2a7690BF600E347d5eb4A9C28f9F24E55d4f-1774968947489,Equal-Sun
1783809889,2026-07-11T22:44:49+00:00,TAKER,BUY,80.2,0.5343765586,42.85699999972,4665176666760291526600486691850631795439302261925058143524346682351887694197,0x9507d89451e5548244fbeba166d5054ec0f491fa2946d0ad94f3f5d6652c6234,Will the highest temperature in Tel Aviv be 31°C on July 12?,highest-temperature-in-tel-aviv-on-july-12-2026-31c,highest-temperature-in-tel-aviv-on-july-12-2026,Yes,0,0x7c920f69f8010077a5a9b6218ee92a0c417d4dff2294de4389360e508779f40a,0xbddc2a7690BF600E347d5eb4A9C28f9F24E55d4f-1774968947489,Equal-Sun
1783809898,2026-07-11T22:44:58+00:00,TAKER,BUY,25.1,0.55,13.805000000000001,4665176666760291526600486691850631795439302261925058143524346682351887694197,0x9507d89451e5548244fbeba166d5054ec0f491fa2946d0ad94f3f5d6652c6234,Will the highest temperature in Tel Aviv be 31°C on July 12?,highest-temperature-in-tel-aviv-on-july-12-2026-31c,highest-temperature-in-tel-aviv-on-july-12-2026,Yes,0,0x9c147eaf05eeb43ebf0ce8c127abe8a8da69dcc7b7e8416a5c467a03270058c5,0xbddc2a7690BF600E347d5eb4A9C28f9F24E55d4f-1774968947489,Equal-Sun
1783809932,2026-07-11T22:45:32+00:00,TAKER,BUY,40.35,0.5881908302,23.73349999857,4665176666760291526600486691850631795439302261925058143524346682351887694197,0x9507d89451e5548244fbeba166d5054ec0f491fa2946d0ad94f3f5d6652c6234,Will the highest temperature in Tel Aviv be 31°C on July 12?,highest-temperature-in-tel-aviv-on-july-12-2026-31c,highest-temperature-in-tel-aviv-on-july-12-2026,Yes,0,0x2c7e22359da189803986a3c6c18a06e84d0ff0a950a4e65f0ffba99d3079a058,0xbddc2a7690BF600E347d5eb4A9C28f9F24E55d4f-1774968947489,Equal-Sun
1783816235,2026-07-12T00:30:35+00:00,TAKER,SELL,123.07,0.997,122.70079,27132408683379436975739105065694580009619387849858678793397684455490561514915,0xea615d620bf4f9a81b7074ff0c99f06b754b02e7e3ee4e702c6abab75582b500,Will the highest temperature in Dallas be between 98-99°F on July 11?,highest-temperature-in-dallas-on-july-11-2026-98-99f,highest-temperature-in-dallas-on-july-11-2026,Yes,0,0xef8e3661c3fc1aaff75fe47ac44a9388c8029b90693720b4de60567b2d078e65,0xbddc2a7690BF600E347d5eb4A9C28f9F24E55d4f-1774968947489,Equal-Sun
1783817695,2026-07-12T00:54:55+00:00,TAKER,BUY,159.99,0.4138896181,66.218199999819,107687205960435449075289001757053731464367946994580729152772777749532202972424,0x073086af11fd977fbf3f0b2c77a07390b1b2258c185ebd9cf1e69fb34955b027,Will the highest temperature in Istanbul be 26°C on July 13?,highest-temperature-in-istanbul-on-july-13-2026-26c,highest-temperature-in-istanbul-on-july-13-2026,Yes,0,0xa2ac24daf208e06375f1a679b4ddf82c63e0588aec7590592e1e0551d3ab55da,0xbddc2a7690BF600E347d5eb4A9C28f9F24E55d4f-1774968947489,Equal-Sun
1783825003,2026-07-12T02:56:43+00:00,TAKER,BUY,165.291611,0.3024956844,49.99999899502357,53747051426268353636718687430434491323362881675609688693033611060886451790437,0x167f16189bcb79148448f469324d4cde96b26c7a8d079b22d75d0188a067ece7,Will the highest temperature in Miami be between 94-95°F on July 12?,highest-temperature-in-miami-on-july-12-2026-94-95f,highest-temperature-in-miami-on-july-12-2026,Yes,0,0x2578e3317dc761c1d07b0162193ab3a2b9cb2eb96a62419a2548d6082db3c38f,0xbddc2a7690BF600E347d5eb4A9C28f9F24E55d4f-1774968947489,Equal-Sun
1783826819,2026-07-12T03:26:59+00:00,TAKER,BUY,292.364136,0.2736313698,79.9999990140735,53539761975797168924988437563890221644643375323355193562961948223789861537535,0xe1044ceef17be0b091770d8f656b2915871981e76530b946c1b4f964e6882d2f,Will the highest temperature in Madrid be 33°C on July 13?,highest-temperature-in-madrid-on-july-13-2026-33c,highest-temperature-in-madrid-on-july-13-2026,Yes,0,0x633cb6dde987b957fb5ee02a8a4e7e637bf1d0b4b790214a3c9b69b01fd2240e,0xbddc2a7690BF600E347d5eb4A9C28f9F24E55d4f-1774968947489,Equal-Sun
1783833121,2026-07-12T05:12:01+00:00,TAKER,SELL,263.29,0.996,262.23684000000003,58751019044458006356570757718644350008479956185416347535772702966593624435105,0xeeb4801cc0692a70ddb66a437a73f59769b4e5686caba412e1e907a9d33ffce3,Will the highest temperature in Wellington be 11°C on July 12?,highest-temperature-in-wellington-on-july-12-2026-11c,highest-temperature-in-wellington-on-july-12-2026,Yes,0,0x98d7136ea4707ae45079e3a5f1c87d38317609a4d37e371aa53690796f8d1fcd,0xbddc2a7690BF600E347d5eb4A9C28f9F24E55d4f-1774968947489,Equal-Sun
1783833193,2026-07-12T05:13:13+00:00,TAKER,BUY,5,0.7,3.5,65002515131621180334495277217337594204957665939047954257609783168629308827522,0xccbbe011a934321cd8c182e6f85ba64109639bd518111c40e0273c197b5840b5,Will the highest temperature in Wellington be 14°C on July 14?,highest-temperature-in-wellington-on-july-14-2026-14c,highest-temperature-in-wellington-on-july-14-2026,Yes,0,0x730e218624aff1963b640b4a8fd2e9eb4d1c2d55e38d606767a9379e9fbf09b7,0xbddc2a7690BF600E347d5eb4A9C28f9F24E55d4f-1774968947489,Equal-Sun
1783833194,2026-07-12T05:13:14+00:00,TAKER,BUY,102,0.3838235294,39.1499999988,70437343649344176627888800619873987783174194298897729818282184224385356035382,0x82f9e86f92d1a2b4615a497014b9ab285949c01a46913c335c0ab9e6353e5bdc,Will the highest temperature in Mexico City be 25°C on July 13?,highest-temperature-in-mexico-city-on-july-13-2026-25c,highest-temperature-in-mexico-city-on-july-13-2026,Yes,0,0xe2523218e3ceda8f242999c7fb677e8620db9d62ffded7688a81fa3e2375c5e5,0xbddc2a7690BF600E347d5eb4A9C28f9F24E55d4f-1774968947489,Equal-Sun
1783838092,2026-07-12T06:34:52+00:00,TAKER,BUY,26,0.3,7.8,70437343649344176627888800619873987783174194298897729818282184224385356035382,0x82f9e86f92d1a2b4615a497014b9ab285949c01a46913c335c0ab9e6353e5bdc,Will the highest temperature in Mexico City be 25°C on July 13?,highest-temperature-in-mexico-city-on-july-13-2026-25c,highest-temperature-in-mexico-city-on-july-13-2026,Yes,0,0x3d48a48cf72b9b276e9a403fe6ed00e8af6f8762b9747fff22ed1eb102186a44,0xbddc2a7690BF600E347d5eb4A9C28f9F24E55d4f-1774968947489,Equal-Sun
1783845845,2026-07-12T08:44:05+00:00,TAKER,BUY,84.56,0.2394512772,20.248000000032,31308806077739831062194256529569814730046402280975609542579919758876657322980,0xd0136dfbdb78cedccb61b33fee7f83dc94b8657b5d993af5fed24221196acf7a,Will the highest temperature in Dallas be between 84-85°F on July 13?,highest-temperature-in-dallas-on-july-13-2026-84-85f,highest-temperature-in-dallas-on-july-13-2026,Yes,0,0xa6b83e568801e0334700ea4c9ba6ada077fc53de455f96acb66462f61213c5f1,0xbddc2a7690BF600E347d5eb4A9C28f9F24E55d4f-1774968947489,Equal-Sun
1783846742,2026-07-12T08:59:02+00:00,TAKER,BUY,66.09,0.3338659404,22.065200001036,78162447378606054913813605078059323390844331198571539830930096797995444813178,0x19ee08166c9166d4d27de26a1f8b371c248397fcc4df586b9d4bfeeb21d12ef6,Will the highest temperature in Dallas be between 86-87°F on July 13?,highest-temperature-in-dallas-on-july-13-2026-86-87f,highest-temperature-in-dallas-on-july-13-2026,Yes,0,0xda781ebe0fbf3ad878bddae2e28e8de40c792edcaa5bd97b65d5f7db915f13b0,0xbddc2a7690BF600E347d5eb4A9C28f9F24E55d4f-1774968947489,Equal-Sun
1783853099,2026-07-12T10:44:59+00:00,TAKER,BUY,218,0.6194036697,135.02999999460002,98233259287783484576469485596076364973093412189050228715697076227471702456582,0x80d98f3b7cd97e31e6d325709a6ea8f9c826a9b8bcb7961553042e3868c88da4,Will the highest temperature in Tel Aviv be 31°C on July 13?,highest-temperature-in-tel-aviv-on-july-13-2026-31c,highest-temperature-in-tel-aviv-on-july-13-2026,Yes,0,0x08b15b19ea12f376a2dd2e3a6b9b41687bd3a5014e70c998ef403ba55a71170d,0xbddc2a7690BF600E347d5eb4A9C28f9F24E55d4f-1774968947489,Equal-Sun
1783855097,2026-07-12T11:18:17+00:00,TAKER,BUY,36.99,0.2881103001,10.657200000699,65002515131621180334495277217337594204957665939047954257609783168629308827522,0xccbbe011a934321cd8c182e6f85ba64109639bd518111c40e0273c197b5840b5,Will the highest temperature in Wellington be 14°C on July 14?,highest-temperature-in-wellington-on-july-14-2026-14c,highest-temperature-in-wellington-on-july-14-2026,Yes,0,0x229b8e6fdfb36d108481903399f58b4a6433b0c353653b2a82d473731311278e,0xbddc2a7690BF600E347d5eb4A9C28f9F24E55d4f-1774968947489,Equal-Sun
1783862192,2026-07-12T13:16:32+00:00,TAKER,BUY,166.68,0.2656227502,44.274000003336,91076181803621459956200090324917139595424901620108017335569536029558392706177,0x1cbcd7f27f60388d43a9d3f1d5e7ed7d3cd31d1076c990a73ae48e644ef1f491,Will the highest temperature in London be 27°C on July 12?,highest-temperature-in-london-on-july-12-2026-27c,highest-temperature-in-london-on-july-12-2026,Yes,0,0xa980bbca4a7df7cc9a6a80efaacf0b277181e963a73ce2625a9dc8618e8a9597,0xbddc2a7690BF600E347d5eb4A9C28f9F24E55d4f-1774968947489,Equal-Sun
1783878175,2026-07-12T17:42:55+00:00,TAKER,BUY,247.35,0.71,175.61849999999998,37449786042059652558909607231371341458871682536867575524500074467945881515665,0x34d230d87c78966d794544952d1131318c7fb17fc26f5d580a720d7bb1946de3,Will the highest temperature in Wellington be 13°C on July 13?,highest-temperature-in-wellington-on-july-13-2026-13c,highest-temperature-in-wellington-on-july-13-2026,Yes,0,0x1fb62b422ca4f86e6eb2975aa496c9f0b6da7d4286244349114e95b4d1b38452,0xbddc2a7690BF600E347d5eb4A9C28f9F24E55d4f-1774968947489,Equal-Sun
1783878305,2026-07-12T17:45:05+00:00,TAKER,BUY,23.71,0.35,8.2985,107687205960435449075289001757053731464367946994580729152772777749532202972424,0x073086af11fd977fbf3f0b2c77a07390b1b2258c185ebd9cf1e69fb34955b027,Will the highest temperature in Istanbul be 26°C on July 13?,highest-temperature-in-istanbul-on-july-13-2026-26c,highest-temperature-in-istanbul-on-july-13-2026,Yes,0,0x7dd34ef2858a82fd0e4110013c8251a36874fa7a13f7bec15e46ca43229c082f,0xbddc2a7690BF600E347d5eb4A9C28f9F24E55d4f-1774968947489,Equal-Sun
1783878320,2026-07-12T17:45:20+00:00,TAKER,BUY,34.32,0.36,12.3552,107687205960435449075289001757053731464367946994580729152772777749532202972424,0x073086af11fd977fbf3f0b2c77a07390b1b2258c185ebd9cf1e69fb34955b027,Will the highest temperature in Istanbul be 26°C on July 13?,highest-temperature-in-istanbul-on-july-13-2026-26c,highest-temperature-in-istanbul-on-july-13-2026,Yes,0,0xb8488f1ab812d15f127f0dae7f8da8bc8d6aa7d128dbd57893d380d4a6409699,0xbddc2a7690BF600E347d5eb4A9C28f9F24E55d4f-1774968947489,Equal-Sun
1783878332,2026-07-12T17:45:32+00:00,TAKER,BUY,164.22,0.452455243,74.30220000546,107687205960435449075289001757053731464367946994580729152772777749532202972424,0x073086af11fd977fbf3f0b2c77a07390b1b2258c185ebd9cf1e69fb34955b027,Will the highest temperature in Istanbul be 26°C on July 13?,highest-temperature-in-istanbul-on-july-13-2026-26c,highest-temperature-in-istanbul-on-july-13-2026,Yes,0,0xb0d290abe20394ddc199344ef561f4005fe7c7618a5dbdd888210da99747c2b8,0xbddc2a7690BF600E347d5eb4A9C28f9F24E55d4f-1774968947489,Equal-Sun
1783878397,2026-07-12T17:46:37+00:00,TAKER,BUY,13.09,0.46,6.0214,107687205960435449075289001757053731464367946994580729152772777749532202972424,0x073086af11fd977fbf3f0b2c77a07390b1b2258c185ebd9cf1e69fb34955b027,Will the highest temperature in Istanbul be 26°C on July 13?,highest-temperature-in-istanbul-on-july-13-2026-26c,highest-temperature-in-istanbul-on-july-13-2026,Yes,0,0x73750c08a983d5889e69816e1de10106e3946f8e169099ae6d176f87434e62fb,0xbddc2a7690BF600E347d5eb4A9C28f9F24E55d4f-1774968947489,Equal-Sun
1783878403,2026-07-12T17:46:43+00:00,TAKER,BUY,17.51,0.45,7.879500000000001,107687205960435449075289001757053731464367946994580729152772777749532202972424,0x073086af11fd977fbf3f0b2c77a07390b1b2258c185ebd9cf1e69fb34955b027,Will the highest temperature in Istanbul be 26°C on July 13?,highest-temperature-in-istanbul-on-july-13-2026-26c,highest-temperature-in-istanbul-on-july-13-2026,Yes,0,0x25debabc0d7a6914161318e7af5df1ef8a28a16aed807136af84eded0aa09b03,0xbddc2a7690BF600E347d5eb4A9C28f9F24E55d4f-1774968947489,Equal-Sun
1783880083,2026-07-12T18:14:43+00:00,TAKER,BUY,74.5,0.43,32.035,1737037353726395916041801563548428243390517686098513818191246873082239470072,0x0a7820d71b498ceaf14d95b4121e235f31a06159e0501074684175accac3815a,Will the highest temperature in Mexico City be 24°C on July 12?,highest-temperature-in-mexico-city-on-july-12-2026-24c,highest-temperature-in-mexico-city-on-july-12-2026,Yes,0,0x039461d1df9e1621bebf90ad908ecc216787fcc4365f334ffcd84b017737209b,0xbddc2a7690BF600E347d5eb4A9C28f9F24E55d4f-1774968947489,Equal-Sun
1783880155,2026-07-12T18:15:55+00:00,TAKER,BUY,73.28,0.4481099891,32.837500001248,64301406647108387737031121869744848057452320324676030613198561255840641274573,0x5cb1bb0323d901128da612a0f8b191ec805b7159e941e72bdfa65cac6b3fcd7d,Will the highest temperature in Mexico City be 24°C on July 13?,highest-temperature-in-mexico-city-on-july-13-2026-24c,highest-temperature-in-mexico-city-on-july-13-2026,Yes,0,0x03d6377cfe0b14d7741c06604790cdad4a03ef17d1eba715a5c31c9596afb81f,0xbddc2a7690BF600E347d5eb4A9C28f9F24E55d4f-1774968947489,Equal-Sun
1783880212,2026-07-12T18:16:52+00:00,TAKER,BUY,270.35,0.3251081931,87.893000004585,65002515131621180334495277217337594204957665939047954257609783168629308827522,0xccbbe011a934321cd8c182e6f85ba64109639bd518111c40e0273c197b5840b5,Will the highest temperature in Wellington be 14°C on July 14?,highest-temperature-in-wellington-on-july-14-2026-14c,highest-temperature-in-wellington-on-july-14-2026,Yes,0,0x5faf69241423ea5fb1fa28caa5bf5a244611579b0e97b895f58ead4e7507098d,0xbddc2a7690BF600E347d5eb4A9C28f9F24E55d4f-1774968947489,Equal-Sun
1783880212,2026-07-12T18:16:52+00:00,MAKER,BUY,5,0.35,1.75,65002515131621180334495277217337594204957665939047954257609783168629308827522,0xccbbe011a934321cd8c182e6f85ba64109639bd518111c40e0273c197b5840b5,Will the highest temperature in Wellington be 14°C on July 14?,highest-temperature-in-wellington-on-july-14-2026-14c,highest-temperature-in-wellington-on-july-14-2026,Yes,0,0x67988329f4ab24d69941dcf0aeaef38ca152e71db1fdc583edd9ff6befadb3c8,0xbddc2a7690BF600E347d5eb4A9C28f9F24E55d4f-1774968947489,Equal-Sun
1783880212,2026-07-12T18:16:52+00:00,MAKER,BUY,5,0.35,1.75,65002515131621180334495277217337594204957665939047954257609783168629308827522,0xccbbe011a934321cd8c182e6f85ba64109639bd518111c40e0273c197b5840b5,Will the highest temperature in Wellington be 14°C on July 14?,highest-temperature-in-wellington-on-july-14-2026-14c,highest-temperature-in-wellington-on-july-14-2026,Yes,0,0x6c3f5cb9dcc4f3e6e53442aaa78b302282539491143abe3ce77df90a755fb4ef,0xbddc2a7690BF600E347d5eb4A9C28f9F24E55d4f-1774968947489,Equal-Sun
1783880350,2026-07-12T18:19:10+00:00,TAKER,BUY,163.75,0.2617557252,42.8625000015,70437343649344176627888800619873987783174194298897729818282184224385356035382,0x82f9e86f92d1a2b4615a497014b9ab285949c01a46913c335c0ab9e6353e5bdc,Will the highest temperature in Mexico City be 25°C on July 13?,highest-temperature-in-mexico-city-on-july-13-2026-25c,highest-temperature-in-mexico-city-on-july-13-2026,Yes,0,0xf55042c5d9b6101525f50a95dbae75d8bcb83a39b970554a46a5960afc6cc75a,0xbddc2a7690BF600E347d5eb4A9C28f9F24E55d4f-1774968947489,Equal-Sun
1783880383,2026-07-12T18:19:43+00:00,TAKER,BUY,29.05,0.79,22.9495,37449786042059652558909607231371341458871682536867575524500074467945881515665,0x34d230d87c78966d794544952d1131318c7fb17fc26f5d580a720d7bb1946de3,Will the highest temperature in Wellington be 13°C on July 13?,highest-temperature-in-wellington-on-july-13-2026-13c,highest-temperature-in-wellington-on-july-13-2026,Yes,0,0x2157d6de8c868e52764cbaf3301202b19f8e26e6f271984d6dda552b29f9358b,0xbddc2a7690BF600E347d5eb4A9C28f9F24E55d4f-1774968947489,Equal-Sun
1783895545,2026-07-12T22:32:25+00:00,TAKER,BUY,102.72,0.3879672897,39.851999997984,107687205960435449075289001757053731464367946994580729152772777749532202972424,0x073086af11fd977fbf3f0b2c77a07390b1b2258c185ebd9cf1e69fb34955b027,Will the highest temperature in Istanbul be 26°C on July 13?,highest-temperature-in-istanbul-on-july-13-2026-26c,highest-temperature-in-istanbul-on-july-13-2026,Yes,0,0xbca742b050408ee10563f04cc4b5fe6db43e5c79f00b9a0804fe086b32a8c9f9,0xbddc2a7690BF600E347d5eb4A9C28f9F24E55d4f-1774968947489,Equal-Sun
1783895570,2026-07-12T22:32:50+00:00,TAKER,BUY,171.98,0.7191278056,123.675600007088,98233259287783484576469485596076364973093412189050228715697076227471702456582,0x80d98f3b7cd97e31e6d325709a6ea8f9c826a9b8bcb7961553042e3868c88da4,Will the highest temperature in Tel Aviv be 31°C on July 13?,highest-temperature-in-tel-aviv-on-july-13-2026-31c,highest-temperature-in-tel-aviv-on-july-13-2026,Yes,0,0xfe1a37770bfa9bbde09f60ec9b2ab1b933a4286f652b7964b3188047a9c3431d,0xbddc2a7690BF600E347d5eb4A9C28f9F24E55d4f-1774968947489,Equal-Sun
1783901738,2026-07-13T00:15:38+00:00,MAKER,BUY,5,0.36,1.7999999999999998,107687205960435449075289001757053731464367946994580729152772777749532202972424,0x073086af11fd977fbf3f0b2c77a07390b1b2258c185ebd9cf1e69fb34955b027,Will the highest temperature in Istanbul be 26°C on July 13?,highest-temperature-in-istanbul-on-july-13-2026-26c,highest-temperature-in-istanbul-on-july-13-2026,Yes,0,0xc729af17534e658cce9b4d8811c116786c50ef5fbf63a2da807f8870abcb6d16,0xbddc2a7690BF600E347d5eb4A9C28f9F24E55d4f-1774968947489,Equal-Sun
1783902340,2026-07-13T00:25:40+00:00,MAKER,BUY,5,0.36,1.7999999999999998,107687205960435449075289001757053731464367946994580729152772777749532202972424,0x073086af11fd977fbf3f0b2c77a07390b1b2258c185ebd9cf1e69fb34955b027,Will the highest temperature in Istanbul be 26°C on July 13?,highest-temperature-in-istanbul-on-july-13-2026-26c,highest-temperature-in-istanbul-on-july-13-2026,Yes,0,0xeef052c9ca899cddd10e9f738fa191dda3c59704c5a1821f859582b0ff3a8295,0xbddc2a7690BF600E347d5eb4A9C28f9F24E55d4f-1774968947489,Equal-Sun
1783903756,2026-07-13T00:49:16+00:00,TAKER,BUY,195.29,0.4517476573,88.22179999411699,94479951337247791884454437980315732737309385128000832659481222941028049380175,0xd798180f65f99a946b217c68299087dd2ea3a4913b7da1028c7ef545e429b0ce,Will the highest temperature in Istanbul be 25°C on July 14?,highest-temperature-in-istanbul-on-july-14-2026-25c,highest-temperature-in-istanbul-on-july-14-2026,Yes,0,0xd84a53290ae24509d9a39cef31af854d97e9bef99c5f4fe66c5e23bcbb3feb36,0xbddc2a7690BF600E347d5eb4A9C28f9F24E55d4f-1774968947489,Equal-Sun
1783907183,2026-07-13T01:46:23+00:00,TAKER,BUY,90,0.41,36.9,107687205960435449075289001757053731464367946994580729152772777749532202972424,0x073086af11fd977fbf3f0b2c77a07390b1b2258c185ebd9cf1e69fb34955b027,Will the highest temperature in Istanbul be 26°C on July 13?,highest-temperature-in-istanbul-on-july-13-2026-26c,highest-temperature-in-istanbul-on-july-13-2026,Yes,0,0x4722c4255f8106205055dc20bf7edff76423c3391e81472a93bcf548553ad9b4,0xbddc2a7690BF600E347d5eb4A9C28f9F24E55d4f-1774968947489,Equal-Sun
1783908370,2026-07-13T02:06:10+00:00,TAKER,BUY,95.35,0.4305610907,41.053999998245,107687205960435449075289001757053731464367946994580729152772777749532202972424,0x073086af11fd977fbf3f0b2c77a07390b1b2258c185ebd9cf1e69fb34955b027,Will the highest temperature in Istanbul be 26°C on July 13?,highest-temperature-in-istanbul-on-july-13-2026-26c,highest-temperature-in-istanbul-on-july-13-2026,Yes,0,0x12ef025fb9f5e26971e801cd9390d3999797771f671c1bf30edb06b2824ef008,0xbddc2a7690BF600E347d5eb4A9C28f9F24E55d4f-1774968947489,Equal-Sun
1783908374,2026-07-13T02:06:14+00:00,MAKER,BUY,5.090908,0.4500000786,2.2909090001453687,107687205960435449075289001757053731464367946994580729152772777749532202972424,0x073086af11fd977fbf3f0b2c77a07390b1b2258c185ebd9cf1e69fb34955b027,Will the highest temperature in Istanbul be 26°C on July 13?,highest-temperature-in-istanbul-on-july-13-2026-26c,highest-temperature-in-istanbul-on-july-13-2026,Yes,0,0xc0e3d618706b002aad6fe1bf8beb25723a5168946969da9d41d54ca531978753,0xbddc2a7690BF600E347d5eb4A9C28f9F24E55d4f-1774968947489,Equal-Sun
1783908401,2026-07-13T02:06:41+00:00,TAKER,BUY,70,0.46,32.2,107687205960435449075289001757053731464367946994580729152772777749532202972424,0x073086af11fd977fbf3f0b2c77a07390b1b2258c185ebd9cf1e69fb34955b027,Will the highest temperature in Istanbul be 26°C on July 13?,highest-temperature-in-istanbul-on-july-13-2026-26c,highest-temperature-in-istanbul-on-july-13-2026,Yes,0,0x6761848b47685ca0e0fe5672a9eaebe79d91073382b5448d087d825aa41b9e73,0xbddc2a7690BF600E347d5eb4A9C28f9F24E55d4f-1774968947489,Equal-Sun
1783913732,2026-07-13T03:35:32+00:00,TAKER,BUY,157.325293,0.5085005562,79.99999899482796,115379125375980557938960695867857252065031111176048451536690289713422639987518,0x57cb4581fe3a6a8f0b644f5e578189f30ae1827ed60a326a2528b96153e4e749,Will the highest temperature in Madrid be 37°C on July 14?,highest-temperature-in-madrid-on-july-14-2026-37c,highest-temperature-in-madrid-on-july-14-2026,Yes,0,0xf84d6193d9ddf54358aa0dabaaa75e109549a5d0be64f970f037b1d82415a98b,0xbddc2a7690BF600E347d5eb4A9C28f9F24E55d4f-1774968947489,Equal-Sun
1783919134,2026-07-13T05:05:34+00:00,TAKER,BUY,92.27,0.3803370543,35.093700000260995,6564431883024961921899144323092571960232087174200104963757937104287927638875,0xa55f235e5013ddc2343065a7fbd433ff0a9b1cfb66ebc12a03cb579b5e9ac84d,Will the highest temperature in Mexico City be 26°C on July 14?,highest-temperature-in-mexico-city-on-july-14-2026-26c,highest-temperature-in-mexico-city-on-july-14-2026,Yes,0,0x49f7d12bd70361e5981b8a997c221964100526a7c515b9c923b9f79f47165681,0xbddc2a7690BF600E347d5eb4A9C28f9F24E55d4f-1774968947489,Equal-Sun
1783928596,2026-07-13T07:43:16+00:00,TAKER,BUY,29.99,0.3100100033,9.297199998966999,107687205960435449075289001757053731464367946994580729152772777749532202972424,0x073086af11fd977fbf3f0b2c77a07390b1b2258c185ebd9cf1e69fb34955b027,Will the highest temperature in Istanbul be 26°C on July 13?,highest-temperature-in-istanbul-on-july-13-2026-26c,highest-temperature-in-istanbul-on-july-13-2026,Yes,0,0x5ab6a328d67f7b05c5aae778cee6b2bc1fff37ec3f1392127c93974a8faa69fe,0xbddc2a7690BF600E347d5eb4A9C28f9F24E55d4f-1774968947489,Equal-Sun
1783935517,2026-07-13T09:38:37+00:00,TAKER,BUY,43,0.3676744186,15.8099999998,4926413194726678253915466626877792185632089224477163288305696987843243724208,0x02e687d568cb8c921a55fdf1a674c218c60d98fad9332359f4532208b0346918,Will the highest temperature in Los Angeles be between 74-75°F on July 14?,highest-temperature-in-los-angeles-on-july-14-2026-74-75f,highest-temperature-in-los-angeles-on-july-14-2026,Yes,0,0x060fa777c358d754c0c25ba329b16d8cf756010447b4672b8a15afe8d3a58689,0xbddc2a7690BF600E347d5eb4A9C28f9F24E55d4f-1774968947489,Equal-Sun
1783935520,2026-07-13T09:38:40+00:00,TAKER,BUY,122.985415,0.4776989125,58.749998998861194,109288025952712517040450523101955678674267211184014979817373057823883274652296,0x9286baeded6b5418c70df0f7b069e69ad671b3b285cc79bc4138d2e48eff9061,Will the highest temperature in Los Angeles be between 76-77°F on July 14?,highest-temperature-in-los-angeles-on-july-14-2026-76-77f,highest-temperature-in-los-angeles-on-july-14-2026,Yes,0,0x774b91212fea28d2cee14db0ce8213ceb4684063df61ece54914f5f92e6ecb8b,0xbddc2a7690BF600E347d5eb4A9C28f9F24E55d4f-1774968947489,Equal-Sun
1783936087,2026-07-13T09:48:07+00:00,TAKER,BUY,59.97,0.5849991662,35.082399997014,94479951337247791884454437980315732737309385128000832659481222941028049380175,0xd798180f65f99a946b217c68299087dd2ea3a4913b7da1028c7ef545e429b0ce,Will the highest temperature in Istanbul be 25°C on July 14?,highest-temperature-in-istanbul-on-july-14-2026-25c,highest-temperature-in-istanbul-on-july-14-2026,Yes,0,0x06ecf4c853e8d97f0f67b965a15c90aecdf699243bf9fa7a90fcc409732a52ed,0xbddc2a7690BF600E347d5eb4A9C28f9F24E55d4f-1774968947489,Equal-Sun
1783936094,2026-07-13T09:48:14+00:00,TAKER,BUY,10,0.59,5.8999999999999995,94479951337247791884454437980315732737309385128000832659481222941028049380175,0xd798180f65f99a946b217c68299087dd2ea3a4913b7da1028c7ef545e429b0ce,Will the highest temperature in Istanbul be 25°C on July 14?,highest-temperature-in-istanbul-on-july-14-2026-25c,highest-temperature-in-istanbul-on-july-14-2026,Yes,0,0x4dbeaec9185fd8c5008de11b864c5b589b6d4eea24007997eb92f155bcfcf66d,0xbddc2a7690BF600E347d5eb4A9C28f9F24E55d4f-1774968947489,Equal-Sun
1783936139,2026-07-13T09:48:59+00:00,TAKER,BUY,120.41,0.5001320488,60.220899996007994,109288025952712517040450523101955678674267211184014979817373057823883274652296,0x9286baeded6b5418c70df0f7b069e69ad671b3b285cc79bc4138d2e48eff9061,Will the highest temperature in Los Angeles be between 76-77°F on July 14?,highest-temperature-in-los-angeles-on-july-14-2026-76-77f,highest-temperature-in-los-angeles-on-july-14-2026,Yes,0,0x71ce8555ce62c993e60e724a240e998fa3eea4e5eb8d41e3acb3271e91f4fc0b,0xbddc2a7690BF600E347d5eb4A9C28f9F24E55d4f-1774968947489,Equal-Sun
1783939097,2026-07-13T10:38:17+00:00,TAKER,BUY,72.5,0.5286206897,38.32500000325,109288025952712517040450523101955678674267211184014979817373057823883274652296,0x9286baeded6b5418c70df0f7b069e69ad671b3b285cc79bc4138d2e48eff9061,Will the highest temperature in Los Angeles be between 76-77°F on July 14?,highest-temperature-in-los-angeles-on-july-14-2026-76-77f,highest-temperature-in-los-angeles-on-july-14-2026,Yes,0,0xf4b958bbdca562b3002447a11e00efe6090fa66c6de56ba2356af35a79a87e24,0xbddc2a7690BF600E347d5eb4A9C28f9F24E55d4f-1774968947489,Equal-Sun
1783939892,2026-07-13T10:51:32+00:00,MAKER,BUY,80,0.68,54.400000000000006,98233259287783484576469485596076364973093412189050228715697076227471702456582,0x80d98f3b7cd97e31e6d325709a6ea8f9c826a9b8bcb7961553042e3868c88da4,Will the highest temperature in Tel Aviv be 31°C on July 13?,highest-temperature-in-tel-aviv-on-july-13-2026-31c,highest-temperature-in-tel-aviv-on-july-13-2026,Yes,0,0x09c1c4b94fe914c7ddebbc82ff243526cf783bc7166f1c8662a5c22e5bd7e5ac,0xbddc2a7690BF600E347d5eb4A9C28f9F24E55d4f-1774968947489,Equal-Sun
1783940065,2026-07-13T10:54:25+00:00,TAKER,BUY,326.752768,0.6120835647,199.9999990130321,115344878558927904768970619620970988587441644956252419382065204274006538315483,0x705afdd30f51560d023aa2b2c7dac7b2e2080deb5bdd761e0f03cdaeca4dba8b,Will the highest temperature in Tel Aviv be 32°C on July 14?,highest-temperature-in-tel-aviv-on-july-14-2026-32c,highest-temperature-in-tel-aviv-on-july-14-2026,Yes,0,0x3bd1aef027a4722669dffe2ea21960f23a5eca6f95e9646503c8c9f605e90df9,0xbddc2a7690BF600E347d5eb4A9C28f9F24E55d4f-1774968947489,Equal-Sun
1783948243,2026-07-13T13:10:43+00:00,TAKER,BUY,100.73,0.2923974983,29.453200003759,6754171999715391604851960224506450953966398299219073407656302049393461516837,0x986063acd1c55812e3e381447235d7ae7d717cbd5163f1b86338a10f13b37e3b,Will the highest temperature in London be 26°C on July 13?,highest-temperature-in-london-on-july-13-2026-26c,highest-temperature-in-london-on-july-13-2026,Yes,0,0x06a03213f2e7b636c4b733fa467d533d1fc41c0fcfc52dba87a5c65d820042f6,0xbddc2a7690BF600E347d5eb4A9C28f9F24E55d4f-1774968947489,Equal-Sun
1783957289,2026-07-13T15:41:29+00:00,TAKER,BUY,208.76,0.2182707415,45.566199995539996,65002515131621180334495277217337594204957665939047954257609783168629308827522,0xccbbe011a934321cd8c182e6f85ba64109639bd518111c40e0273c197b5840b5,Will the highest temperature in Wellington be 14°C on July 14?,highest-temperature-in-wellington-on-july-14-2026-14c,highest-temperature-in-wellington-on-july-14-2026,Yes,0,0x916eb2792a05ed8c6df95d647b512955edbeaecfa3a87d29874b55ad6a7c8083,0xbddc2a7690BF600E347d5eb4A9C28f9F24E55d4f-1774968947489,Equal-Sun
1783960367,2026-07-13T16:32:47+00:00,MAKER,BUY,1.265819,0.2100000079,0.26582199999997014,65002515131621180334495277217337594204957665939047954257609783168629308827522,0xccbbe011a934321cd8c182e6f85ba64109639bd518111c40e0273c197b5840b5,Will the highest temperature in Wellington be 14°C on July 14?,highest-temperature-in-wellington-on-july-14-2026-14c,highest-temperature-in-wellington-on-july-14-2026,Yes,0,0xdff1aa0cd2696c52daa8960404d1036e1d9d2168728f497cc7c6bb9a79f3dab6,0xbddc2a7690BF600E347d5eb4A9C28f9F24E55d4f-1774968947489,Equal-Sun
1783960435,2026-07-13T16:33:55+00:00,MAKER,BUY,6.17,0.21,1.2956999999999999,65002515131621180334495277217337594204957665939047954257609783168629308827522,0xccbbe011a934321cd8c182e6f85ba64109639bd518111c40e0273c197b5840b5,Will the highest temperature in Wellington be 14°C on July 14?,highest-temperature-in-wellington-on-july-14-2026-14c,highest-temperature-in-wellington-on-july-14-2026,Yes,0,0xd9cee65d01e5a7f957fb04cee359bfa4981ce49a06b0091148b84a1785f7310f,0xbddc2a7690BF600E347d5eb4A9C28f9F24E55d4f-1774968947489,Equal-Sun
1783960607,2026-07-13T16:36:47+00:00,MAKER,BUY,14.25,0.21,2.9924999999999997,65002515131621180334495277217337594204957665939047954257609783168629308827522,0xccbbe011a934321cd8c182e6f85ba64109639bd518111c40e0273c197b5840b5,Will the highest temperature in Wellington be 14°C on July 14?,highest-temperature-in-wellington-on-july-14-2026-14c,highest-temperature-in-wellington-on-july-14-2026,Yes,0,0x89af853a2d2991fbb01e31821f309bac6d3e0250141a7dd492ff9fb7cc2a4e1e,0xbddc2a7690BF600E347d5eb4A9C28f9F24E55d4f-1774968947489,Equal-Sun
1783960736,2026-07-13T16:38:56+00:00,MAKER,BUY,9.8481,0.21,2.068101,65002515131621180334495277217337594204957665939047954257609783168629308827522,0xccbbe011a934321cd8c182e6f85ba64109639bd518111c40e0273c197b5840b5,Will the highest temperature in Wellington be 14°C on July 14?,highest-temperature-in-wellington-on-july-14-2026-14c,highest-temperature-in-wellington-on-july-14-2026,Yes,0,0x1534f8248bf80c7cc1f043c0ebc7972a63e83a4a10f64b7580a0ff00a464627a,0xbddc2a7690BF600E347d5eb4A9C28f9F24E55d4f-1774968947489,Equal-Sun
1783960736,2026-07-13T16:38:56+00:00,MAKER,BUY,50,0.21,10.5,65002515131621180334495277217337594204957665939047954257609783168629308827522,0xccbbe011a934321cd8c182e6f85ba64109639bd518111c40e0273c197b5840b5,Will the highest temperature in Wellington be 14°C on July 14?,highest-temperature-in-wellington-on-july-14-2026-14c,highest-temperature-in-wellington-on-july-14-2026,Yes,0,0x9b4dd918c21d4f9f90499d0d95101c8096f7f5c23fe9d442ec810bcb874cff38,0xbddc2a7690BF600E347d5eb4A9C28f9F24E55d4f-1774968947489,Equal-Sun
1783960768,2026-07-13T16:39:28+00:00,MAKER,BUY,6,0.21,1.26,65002515131621180334495277217337594204957665939047954257609783168629308827522,0xccbbe011a934321cd8c182e6f85ba64109639bd518111c40e0273c197b5840b5,Will the highest temperature in Wellington be 14°C on July 14?,highest-temperature-in-wellington-on-july-14-2026-14c,highest-temperature-in-wellington-on-july-14-2026,Yes,0,0xde460c429c9f9488bdf0a6e176c7eca687ba820c9997fadac8c3f9040cbc9174,0xbddc2a7690BF600E347d5eb4A9C28f9F24E55d4f-1774968947489,Equal-Sun
1783960769,2026-07-13T16:39:29+00:00,MAKER,BUY,32,0.21,6.72,65002515131621180334495277217337594204957665939047954257609783168629308827522,0xccbbe011a934321cd8c182e6f85ba64109639bd518111c40e0273c197b5840b5,Will the highest temperature in Wellington be 14°C on July 14?,highest-temperature-in-wellington-on-july-14-2026-14c,highest-temperature-in-wellington-on-july-14-2026,Yes,0,0xc7e0455c82dd8933d2da74ec604593b0a7084ca0fc9467530ff7140cdf08bc3d,0xbddc2a7690BF600E347d5eb4A9C28f9F24E55d4f-1774968947489,Equal-Sun
1783960769,2026-07-13T16:39:29+00:00,MAKER,BUY,30,0.21,6.3,65002515131621180334495277217337594204957665939047954257609783168629308827522,0xccbbe011a934321cd8c182e6f85ba64109639bd518111c40e0273c197b5840b5,Will the highest temperature in Wellington be 14°C on July 14?,highest-temperature-in-wellington-on-july-14-2026-14c,highest-temperature-in-wellington-on-july-14-2026,Yes,0,0xd52eea7012f5ee7da8e39dd575af1ec4c110a6e4367b7d8a4440c30d133b990a,0xbddc2a7690BF600E347d5eb4A9C28f9F24E55d4f-1774968947489,Equal-Sun
1783960946,2026-07-13T16:42:26+00:00,MAKER,BUY,1.265819,0.2100000079,0.26582199999997014,65002515131621180334495277217337594204957665939047954257609783168629308827522,0xccbbe011a934321cd8c182e6f85ba64109639bd518111c40e0273c197b5840b5,Will the highest temperature in Wellington be 14°C on July 14?,highest-temperature-in-wellington-on-july-14-2026-14c,highest-temperature-in-wellington-on-july-14-2026,Yes,0,0x703b72ca010a7f4301f5ccf117cf3608e1346ae5a6264c02bbd18f7299f6a7f3,0xbddc2a7690BF600E347d5eb4A9C28f9F24E55d4f-1774968947489,Equal-Sun
1783961182,2026-07-13T16:46:22+00:00,MAKER,BUY,10.97,0.21,2.3037,65002515131621180334495277217337594204957665939047954257609783168629308827522,0xccbbe011a934321cd8c182e6f85ba64109639bd518111c40e0273c197b5840b5,Will the highest temperature in Wellington be 14°C on July 14?,highest-temperature-in-wellington-on-july-14-2026-14c,highest-temperature-in-wellington-on-july-14-2026,Yes,0,0xe95caa41dff1b25b2aa2d1284499841a124ac4eb742f97ce7bf1858f512db160,0xbddc2a7690BF600E347d5eb4A9C28f9F24E55d4f-1774968947489,Equal-Sun
1783961183,2026-07-13T16:46:23+00:00,MAKER,BUY,10.98,0.21,2.3058,65002515131621180334495277217337594204957665939047954257609783168629308827522,0xccbbe011a934321cd8c182e6f85ba64109639bd518111c40e0273c197b5840b5,Will the highest temperature in Wellington be 14°C on July 14?,highest-temperature-in-wellington-on-july-14-2026-14c,highest-temperature-in-wellington-on-july-14-2026,Yes,0,0xb2ee4b3a5656af816e96aa7c4fee69c82041d06fdf3383d61e31fa32d3721890,0xbddc2a7690BF600E347d5eb4A9C28f9F24E55d4f-1774968947489,Equal-Sun
1783961294,2026-07-13T16:48:14+00:00,MAKER,BUY,7.93,0.21,1.6652999999999998,65002515131621180334495277217337594204957665939047954257609783168629308827522,0xccbbe011a934321cd8c182e6f85ba64109639bd518111c40e0273c197b5840b5,Will the highest temperature in Wellington be 14°C on July 14?,highest-temperature-in-wellington-on-july-14-2026-14c,highest-temperature-in-wellington-on-july-14-2026,Yes,0,0xe7e746ca6f0a23f428c0ab105881421bf8ed404672ecaed5ce7d8ee657019fda,0xbddc2a7690BF600E347d5eb4A9C28f9F24E55d4f-1774968947489,Equal-Sun
1783961294,2026-07-13T16:48:14+00:00,MAKER,BUY,10,0.21,2.1,65002515131621180334495277217337594204957665939047954257609783168629308827522,0xccbbe011a934321cd8c182e6f85ba64109639bd518111c40e0273c197b5840b5,Will the highest temperature in Wellington be 14°C on July 14?,highest-temperature-in-wellington-on-july-14-2026-14c,highest-temperature-in-wellington-on-july-14-2026,Yes,0,0xc40a9ab6acae8ab7b53ce520756c8a86001e7853fa8caf1bcb3c3f5b6f951484,0xbddc2a7690BF600E347d5eb4A9C28f9F24E55d4f-1774968947489,Equal-Sun
1783961297,2026-07-13T16:48:17+00:00,MAKER,BUY,5,0.21,1.05,65002515131621180334495277217337594204957665939047954257609783168629308827522,0xccbbe011a934321cd8c182e6f85ba64109639bd518111c40e0273c197b5840b5,Will the highest temperature in Wellington be 14°C on July 14?,highest-temperature-in-wellington-on-july-14-2026-14c,highest-temperature-in-wellington-on-july-14-2026,Yes,0,0x6d5770126fcffe00c4835093069788b9fd7aa097880ce84857eefb69b6200093,0xbddc2a7690BF600E347d5eb4A9C28f9F24E55d4f-1774968947489,Equal-Sun
1783962815,2026-07-13T17:13:35+00:00,MAKER,BUY,4.31,0.21,0.9050999999999999,65002515131621180334495277217337594204957665939047954257609783168629308827522,0xccbbe011a934321cd8c182e6f85ba64109639bd518111c40e0273c197b5840b5,Will the highest temperature in Wellington be 14°C on July 14?,highest-temperature-in-wellington-on-july-14-2026-14c,highest-temperature-in-wellington-on-july-14-2026,Yes,0,0x689a454f0873d4bbf5f35d25d2ed885f99b30ccb3fda54a22cd8d93283976710,0xbddc2a7690BF600E347d5eb4A9C28f9F24E55d4f-1774968947489,Equal-Sun
1783963765,2026-07-13T17:29:25+00:00,MAKER,BUY,200,0.18,36.0,65002515131621180334495277217337594204957665939047954257609783168629308827522,0xccbbe011a934321cd8c182e6f85ba64109639bd518111c40e0273c197b5840b5,Will the highest temperature in Wellington be 14°C on July 14?,highest-temperature-in-wellington-on-july-14-2026-14c,highest-temperature-in-wellington-on-july-14-2026,Yes,0,0x5f30d59af846ebae813532022bb7a93959c2994b3c96da347ed21a3ebb547587,0xbddc2a7690BF600E347d5eb4A9C28f9F24E55d4f-1774968947489,Equal-Sun
1783986667,2026-07-13T23:51:07+00:00,TAKER,BUY,542.77,0.2795071577,151.708099984829,6564431883024961921899144323092571960232087174200104963757937104287927638875,0xa55f235e5013ddc2343065a7fbd433ff0a9b1cfb66ebc12a03cb579b5e9ac84d,Will the highest temperature in Mexico City be 26°C on July 14?,highest-temperature-in-mexico-city-on-july-14-2026-26c,highest-temperature-in-mexico-city-on-july-14-2026,Yes,0,0xa6ee59d2cd6d1c91f14936ce5e76915a6f21726bc8e263da41ab9d1cf202b4a4,0xbddc2a7690BF600E347d5eb4A9C28f9F24E55d4f-1774968947489,Equal-Sun
1783990618,2026-07-14T00:56:58+00:00,TAKER,BUY,250,0.4,100.0,25533735079699912390927761563175572601881723190714583225122647053982699459926,0x086c29bc6009a08def99dbfdc4e97b3c6865cf1eb6dcee29c3346ae96f646290,Will the highest temperature in Istanbul be 27°C on July 15?,highest-temperature-in-istanbul-on-july-15-2026-27c,highest-temperature-in-istanbul-on-july-15-2026,Yes,0,0xe048d27e79cb07e15df861b8912d05b4da1ac5ea7a08703d4e38f54e8df109fa,0xbddc2a7690BF600E347d5eb4A9C28f9F24E55d4f-1774968947489,Equal-Sun
1783993771,2026-07-14T01:49:31+00:00,TAKER,BUY,194.25,0.5148005148,99.9999999999,91159663582445771416254181097957910569557026836616688002405309786482056196230,0x80c8f52ae43a8dc62658808509d4d78f9eea4f894c8c70e1d81288975de1ca98,Will the highest temperature in Ankara be 29°C on July 14?,highest-temperature-in-ankara-on-july-14-2026-29c,highest-temperature-in-ankara-on-july-14-2026,Yes,0,0x78d29c67b8cf0fc624831c65e5268adf99ca8ea9aefa79922883535aca726474,0xbddc2a7690BF600E347d5eb4A9C28f9F24E55d4f-1774968947489,Equal-Sun
1784005247,2026-07-14T05:00:47+00:00,TAKER,BUY,149.99,0.57,85.4943,115344878558927904768970619620970988587441644956252419382065204274006538315483,0x705afdd30f51560d023aa2b2c7dac7b2e2080deb5bdd761e0f03cdaeca4dba8b,Will the highest temperature in Tel Aviv be 32°C on July 14?,highest-temperature-in-tel-aviv-on-july-14-2026-32c,highest-temperature-in-tel-aviv-on-july-14-2026,Yes,0,0xdba523e06125ecd491a22c1389be54b56aee38d99835aac1081e1492c4db607c,0xbddc2a7690BF600E347d5eb4A9C28f9F24E55d4f-1774968947489,Equal-Sun
1784005310,2026-07-14T05:01:50+00:00,TAKER,BUY,113.75,0.4395604396,50.0000000045,25533735079699912390927761563175572601881723190714583225122647053982699459926,0x086c29bc6009a08def99dbfdc4e97b3c6865cf1eb6dcee29c3346ae96f646290,Will the highest temperature in Istanbul be 27°C on July 15?,highest-temperature-in-istanbul-on-july-15-2026-27c,highest-temperature-in-istanbul-on-july-15-2026,Yes,0,0x28b19ad7c479a898c142eb918753ddfd1295ab63e4f9a172d4a3415f6273169c,0xbddc2a7690BF600E347d5eb4A9C28f9F24E55d4f-1774968947489,Equal-Sun
1784005513,2026-07-14T05:05:13+00:00,TAKER,BUY,397,0.3497732997,138.8599999809,6564431883024961921899144323092571960232087174200104963757937104287927638875,0xa55f235e5013ddc2343065a7fbd433ff0a9b1cfb66ebc12a03cb579b5e9ac84d,Will the highest temperature in Mexico City be 26°C on July 14?,highest-temperature-in-mexico-city-on-july-14-2026-26c,highest-temperature-in-mexico-city-on-july-14-2026,Yes,0,0x06c438bd6d89fa11441cf2fcd07d506d5431509ba771805a059331015e018b38,0xbddc2a7690BF600E347d5eb4A9C28f9F24E55d4f-1774968947489,Equal-Sun
1784005957,2026-07-14T05:12:37+00:00,TAKER,BUY,108.913042,0.4590818334,49.999999002531204,25533735079699912390927761563175572601881723190714583225122647053982699459926,0x086c29bc6009a08def99dbfdc4e97b3c6865cf1eb6dcee29c3346ae96f646290,Will the highest temperature in Istanbul be 27°C on July 15?,highest-temperature-in-istanbul-on-july-15-2026-27c,highest-temperature-in-istanbul-on-july-15-2026,Yes,0,0x5b2e1d7e7d6232f03e9345a32bad66d4be94e272db536c2b63c7c01b9437833d,0xbddc2a7690BF600E347d5eb4A9C28f9F24E55d4f-1774968947489,Equal-Sun
1784005996,2026-07-14T05:13:16+00:00,TAKER,BUY,78.26,0.4775926399,37.376399998574,4696272069628735366203320841843627365151553145982869158818127193977881962051,0x8740929a141826ec996a76cd94aa5e8de90953cab39f920e732c851aa3ae0ff7,Will the highest temperature in Wellington be 15°C on July 16?,highest-temperature-in-wellington-on-july-16-2026-15c,highest-temperature-in-wellington-on-july-16-2026,Yes,0,0x37079109a40a35eb69c82fbb5f24e3a5642bf59423ad73a3f8403c2fd4faabb7,0xbddc2a7690BF600E347d5eb4A9C28f9F24E55d4f-1774968947489,Equal-Sun
1784006000,2026-07-14T05:13:20+00:00,TAKER,BUY,694.074481,0.2881535116,199.9999990120975,85251339932031391985904856791186938651364604336327206109062021873362710237449,0xe2d391bd0da60358f0d21f517f49a32038f111717cbb56709210e844a332dc33,Will the highest temperature in Mexico City be 26°C on July 15?,highest-temperature-in-mexico-city-on-july-15-2026-26c,highest-temperature-in-mexico-city-on-july-15-2026,Yes,0,0x1012732bc33d042fb846af8a4b88c067d71844694d14e034759790d965e7aa4f,0xbddc2a7690BF600E347d5eb4A9C28f9F24E55d4f-1774968947489,Equal-Sun
1784006896,2026-07-14T05:28:16+00:00,TAKER,BUY,78,0.5398717949,42.1100000022,4696272069628735366203320841843627365151553145982869158818127193977881962051,0x8740929a141826ec996a76cd94aa5e8de90953cab39f920e732c851aa3ae0ff7,Will the highest temperature in Wellington be 15°C on July 16?,highest-temperature-in-wellington-on-july-16-2026-15c,highest-temperature-in-wellington-on-july-16-2026,Yes,0,0x57a5dd67bdcf25d41327520b5c74d39e5378011a30fb4af3b454c3e2617a8bc3,0xbddc2a7690BF600E347d5eb4A9C28f9F24E55d4f-1774968947489,Equal-Sun
1784007799,2026-07-14T05:43:19+00:00,TAKER,BUY,38.698112,0.5299999907,20.50999900010756,4696272069628735366203320841843627365151553145982869158818127193977881962051,0x8740929a141826ec996a76cd94aa5e8de90953cab39f920e732c851aa3ae0ff7,Will the highest temperature in Wellington be 15°C on July 16?,highest-temperature-in-wellington-on-july-16-2026-15c,highest-temperature-in-wellington-on-july-16-2026,Yes,0,0x65f1c88c391bf4fb22628b5a284f12ce30cc0d97355f0237ff1d557bd3f1b466,0xbddc2a7690BF600E347d5eb4A9C28f9F24E55d4f-1774968947489,Equal-Sun
1784010194,2026-07-14T06:23:14+00:00,TAKER,BUY,98.039214,0.5099999986,49.9999990027451,4696272069628735366203320841843627365151553145982869158818127193977881962051,0x8740929a141826ec996a76cd94aa5e8de90953cab39f920e732c851aa3ae0ff7,Will the highest temperature in Wellington be 15°C on July 16?,highest-temperature-in-wellington-on-july-16-2026-15c,highest-temperature-in-wellington-on-july-16-2026,Yes,0,0x3d7b7a789f8df1769916839729a1b0f597f2a9b32916e08970d764e92a041587,0xbddc2a7690BF600E347d5eb4A9C28f9F24E55d4f-1774968947489,Equal-Sun
1784010692,2026-07-14T06:31:32+00:00,TAKER,SELL,236.33,0.4533427834,107.13850000092201,25533735079699912390927761563175572601881723190714583225122647053982699459926,0x086c29bc6009a08def99dbfdc4e97b3c6865cf1eb6dcee29c3346ae96f646290,Will the highest temperature in Istanbul be 27°C on July 15?,highest-temperature-in-istanbul-on-july-15-2026-27c,highest-temperature-in-istanbul-on-july-15-2026,Yes,0,0x34641f779a5f8c2c500bcdd67a4115daa3cb2d0eca4a9343ec8a5277d14e419b,0xbddc2a7690BF600E347d5eb4A9C28f9F24E55d4f-1774968947489,Equal-Sun
1784025874,2026-07-14T10:44:34+00:00,TAKER,BUY,316.377655,0.6321558929,199.99999899013315,20536541916648972145661869096008515940023302944780020072098724341465150083631,0x60433a232bfbc320ce3c46f3938114198e9ade7aef870d54fef836279358109c,Will the highest temperature in Tel Aviv be 32°C on July 15?,highest-temperature-in-tel-aviv-on-july-15-2026-32c,highest-temperature-in-tel-aviv-on-july-15-2026,Yes,0,0xcb557c27ba6f5e30af18a7c7f3b67043a5612f65f5763b787d19bb7aead4d36b,0xbddc2a7690BF600E347d5eb4A9C28f9F24E55d4f-1774968947489,Equal-Sun
1784025883,2026-07-14T10:44:43+00:00,TAKER,BUY,121.203806,0.8250565745,99.99999699472255,115379125375980557938960695867857252065031111176048451536690289713422639987518,0x57cb4581fe3a6a8f0b644f5e578189f30ae1827ed60a326a2528b96153e4e749,Will the highest temperature in Madrid be 37°C on July 14?,highest-temperature-in-madrid-on-july-14-2026-37c,highest-temperature-in-madrid-on-july-14-2026,Yes,0,0x2bf9a14a16c984ce64e48648c03e615ccfa1b39709216ebd583f281d82f4d0d4,0xbddc2a7690BF600E347d5eb4A9C28f9F24E55d4f-1774968947489,Equal-Sun
1784031898,2026-07-14T12:24:58+00:00,MAKER,SELL,10.05025,0.9949999254,9.99999800025135,115344878558927904768970619620970988587441644956252419382065204274006538315483,0x705afdd30f51560d023aa2b2c7dac7b2e2080deb5bdd761e0f03cdaeca4dba8b,Will the highest temperature in Tel Aviv be 32°C on July 14?,highest-temperature-in-tel-aviv-on-july-14-2026-32c,highest-temperature-in-tel-aviv-on-july-14-2026,Yes,0,0x2fd12d123a47848a5b7a58bac5d940f73cf94a8d7a36d68ff3a542b65f84a1e9,0xbddc2a7690BF600E347d5eb4A9C28f9F24E55d4f-1774968947489,Equal-Sun
1784031916,2026-07-14T12:25:16+00:00,MAKER,SELL,10.05025,0.9949999254,9.99999800025135,115344878558927904768970619620970988587441644956252419382065204274006538315483,0x705afdd30f51560d023aa2b2c7dac7b2e2080deb5bdd761e0f03cdaeca4dba8b,Will the highest temperature in Tel Aviv be 32°C on July 14?,highest-temperature-in-tel-aviv-on-july-14-2026-32c,highest-temperature-in-tel-aviv-on-july-14-2026,Yes,0,0x5c07e6813f9d45afd00ff8c938bfc0f978cf4aedd05198fa8b3ff9cb28086383,0xbddc2a7690BF600E347d5eb4A9C28f9F24E55d4f-1774968947489,Equal-Sun
1784031922,2026-07-14T12:25:22+00:00,MAKER,SELL,10.05025,0.9949999254,9.99999800025135,115344878558927904768970619620970988587441644956252419382065204274006538315483,0x705afdd30f51560d023aa2b2c7dac7b2e2080deb5bdd761e0f03cdaeca4dba8b,Will the highest temperature in Tel Aviv be 32°C on July 14?,highest-temperature-in-tel-aviv-on-july-14-2026-32c,highest-temperature-in-tel-aviv-on-july-14-2026,Yes,0,0x3bc10806c8b306886d2c2ee5ca5ab211e88919b99449d51f2e3d00f90bc84809,0xbddc2a7690BF600E347d5eb4A9C28f9F24E55d4f-1774968947489,Equal-Sun
1784031931,2026-07-14T12:25:31+00:00,MAKER,SELL,10.05025,0.9949999254,9.99999800025135,115344878558927904768970619620970988587441644956252419382065204274006538315483,0x705afdd30f51560d023aa2b2c7dac7b2e2080deb5bdd761e0f03cdaeca4dba8b,Will the highest temperature in Tel Aviv be 32°C on July 14?,highest-temperature-in-tel-aviv-on-july-14-2026-32c,highest-temperature-in-tel-aviv-on-july-14-2026,Yes,0,0x40e9ecf9a64dc75b1839eb89161191dc678467da23f188a3422a8a2dc2ddafb5,0xbddc2a7690BF600E347d5eb4A9C28f9F24E55d4f-1774968947489,Equal-Sun
1784031980,2026-07-14T12:26:20+00:00,MAKER,SELL,10.05025,0.9949999254,9.99999800025135,115344878558927904768970619620970988587441644956252419382065204274006538315483,0x705afdd30f51560d023aa2b2c7dac7b2e2080deb5bdd761e0f03cdaeca4dba8b,Will the highest temperature in Tel Aviv be 32°C on July 14?,highest-temperature-in-tel-aviv-on-july-14-2026-32c,highest-temperature-in-tel-aviv-on-july-14-2026,Yes,0,0x25054461f576ad63b0604ab964bf46cf72fd385f17fbc959162fa310c1634030,0xbddc2a7690BF600E347d5eb4A9C28f9F24E55d4f-1774968947489,Equal-Sun
1784031995,2026-07-14T12:26:35+00:00,MAKER,SELL,10.05025,0.9949999254,9.99999800025135,115344878558927904768970619620970988587441644956252419382065204274006538315483,0x705afdd30f51560d023aa2b2c7dac7b2e2080deb5bdd761e0f03cdaeca4dba8b,Will the highest temperature in Tel Aviv be 32°C on July 14?,highest-temperature-in-tel-aviv-on-july-14-2026-32c,highest-temperature-in-tel-aviv-on-july-14-2026,Yes,0,0x7576196d17a8b1d76525edca982ea4c77d3c069c24dd3be31ed8abe613b6a0d7,0xbddc2a7690BF600E347d5eb4A9C28f9F24E55d4f-1774968947489,Equal-Sun
1784032001,2026-07-14T12:26:41+00:00,MAKER,SELL,10.05025,0.9949999254,9.99999800025135,115344878558927904768970619620970988587441644956252419382065204274006538315483,0x705afdd30f51560d023aa2b2c7dac7b2e2080deb5bdd761e0f03cdaeca4dba8b,Will the highest temperature in Tel Aviv be 32°C on July 14?,highest-temperature-in-tel-aviv-on-july-14-2026-32c,highest-temperature-in-tel-aviv-on-july-14-2026,Yes,0,0x1c1bb93c4f7da4788f19f61030fe1071433caf277c0910f174ffa954c8555a07,0xbddc2a7690BF600E347d5eb4A9C28f9F24E55d4f-1774968947489,Equal-Sun
1784032007,2026-07-14T12:26:47+00:00,MAKER,SELL,10.05025,0.9949999254,9.99999800025135,115344878558927904768970619620970988587441644956252419382065204274006538315483,0x705afdd30f51560d023aa2b2c7dac7b2e2080deb5bdd761e0f03cdaeca4dba8b,Will the highest temperature in Tel Aviv be 32°C on July 14?,highest-temperature-in-tel-aviv-on-july-14-2026-32c,highest-temperature-in-tel-aviv-on-july-14-2026,Yes,0,0x9145620959ef4c09ba12b942d34b7587055493fc284bf4be0aca8cf64371b442,0xbddc2a7690BF600E347d5eb4A9C28f9F24E55d4f-1774968947489,Equal-Sun
1784032087,2026-07-14T12:28:07+00:00,MAKER,SELL,10.05025,0.9949999254,9.99999800025135,115344878558927904768970619620970988587441644956252419382065204274006538315483,0x705afdd30f51560d023aa2b2c7dac7b2e2080deb5bdd761e0f03cdaeca4dba8b,Will the highest temperature in Tel Aviv be 32°C on July 14?,highest-temperature-in-tel-aviv-on-july-14-2026-32c,highest-temperature-in-tel-aviv-on-july-14-2026,Yes,0,0xce53fba0b0b4078b3f30c175b8fab567172b1efebca7c53ceeafcfa21ae84fc2,0xbddc2a7690BF600E347d5eb4A9C28f9F24E55d4f-1774968947489,Equal-Sun
1784032100,2026-07-14T12:28:20+00:00,MAKER,SELL,10.05025,0.9949999254,9.99999800025135,115344878558927904768970619620970988587441644956252419382065204274006538315483,0x705afdd30f51560d023aa2b2c7dac7b2e2080deb5bdd761e0f03cdaeca4dba8b,Will the highest temperature in Tel Aviv be 32°C on July 14?,highest-temperature-in-tel-aviv-on-july-14-2026-32c,highest-temperature-in-tel-aviv-on-july-14-2026,Yes,0,0x2ae88fac3e0c7508788267601ee648965788c0c0568850c82bd689a358ff6f58,0xbddc2a7690BF600E347d5eb4A9C28f9F24E55d4f-1774968947489,Equal-Sun
1784032105,2026-07-14T12:28:25+00:00,MAKER,SELL,10.05025,0.9949999254,9.99999800025135,115344878558927904768970619620970988587441644956252419382065204274006538315483,0x705afdd30f51560d023aa2b2c7dac7b2e2080deb5bdd761e0f03cdaeca4dba8b,Will the highest temperature in Tel Aviv be 32°C on July 14?,highest-temperature-in-tel-aviv-on-july-14-2026-32c,highest-temperature-in-tel-aviv-on-july-14-2026,Yes,0,0x85333292384b9bada62a786a7772d29c2ed67a41c6b4b7b1bd983b1121165fdc,0xbddc2a7690BF600E347d5eb4A9C28f9F24E55d4f-1774968947489,Equal-Sun
1784032112,2026-07-14T12:28:32+00:00,MAKER,SELL,100.502511,0.9949999956,99.99999800278894,115344878558927904768970619620970988587441644956252419382065204274006538315483,0x705afdd30f51560d023aa2b2c7dac7b2e2080deb5bdd761e0f03cdaeca4dba8b,Will the highest temperature in Tel Aviv be 32°C on July 14?,highest-temperature-in-tel-aviv-on-july-14-2026-32c,highest-temperature-in-tel-aviv-on-july-14-2026,Yes,0,0x3d6cd196028bebde85011419f334ab29f9aac8a3d415b80a8f82150b9a1c2b66,0xbddc2a7690BF600E347d5eb4A9C28f9F24E55d4f-1774968947489,Equal-Sun
1784032177,2026-07-14T12:29:37+00:00,MAKER,SELL,10,0.995,9.95,115344878558927904768970619620970988587441644956252419382065204274006538315483,0x705afdd30f51560d023aa2b2c7dac7b2e2080deb5bdd761e0f03cdaeca4dba8b,Will the highest temperature in Tel Aviv be 32°C on July 14?,highest-temperature-in-tel-aviv-on-july-14-2026-32c,highest-temperature-in-tel-aviv-on-july-14-2026,Yes,0,0xa58e0e3a1cbc15c7ff82f390bbccc4f1d0e42bf2a2f61467d5c831875d21b475,0xbddc2a7690BF600E347d5eb4A9C28f9F24E55d4f-1774968947489,Equal-Sun
1784032234,2026-07-14T12:30:34+00:00,MAKER,SELL,6,0.995,5.97,115344878558927904768970619620970988587441644956252419382065204274006538315483,0x705afdd30f51560d023aa2b2c7dac7b2e2080deb5bdd761e0f03cdaeca4dba8b,Will the highest temperature in Tel Aviv be 32°C on July 14?,highest-temperature-in-tel-aviv-on-july-14-2026-32c,highest-temperature-in-tel-aviv-on-july-14-2026,Yes,0,0xc469e12ef83c6a9f8be3e8bf2069f8570587f8e6b563c030b4ee914dccb7ace8,0xbddc2a7690BF600E347d5eb4A9C28f9F24E55d4f-1774968947489,Equal-Sun
1784032250,2026-07-14T12:30:50+00:00,MAKER,SELL,1.01,0.995,1.00495,115344878558927904768970619620970988587441644956252419382065204274006538315483,0x705afdd30f51560d023aa2b2c7dac7b2e2080deb5bdd761e0f03cdaeca4dba8b,Will the highest temperature in Tel Aviv be 32°C on July 14?,highest-temperature-in-tel-aviv-on-july-14-2026-32c,highest-temperature-in-tel-aviv-on-july-14-2026,Yes,0,0x082d7f9ffc9fb5272a218b53025c0d8f7aa8091d00a320b6ac66a0d3aa181baa,0xbddc2a7690BF600E347d5eb4A9C28f9F24E55d4f-1774968947489,Equal-Sun
1784032843,2026-07-14T12:40:43+00:00,MAKER,SELL,248.56,0.995,247.3172,115344878558927904768970619620970988587441644956252419382065204274006538315483,0x705afdd30f51560d023aa2b2c7dac7b2e2080deb5bdd761e0f03cdaeca4dba8b,Will the highest temperature in Tel Aviv be 32°C on July 14?,highest-temperature-in-tel-aviv-on-july-14-2026-32c,highest-temperature-in-tel-aviv-on-july-14-2026,Yes,0,0x576413d157916abe337db6774b93b440638d9cae9282dcdeb930691fa3502f5b,0xbddc2a7690BF600E347d5eb4A9C28f9F24E55d4f-1774968947489,Equal-Sun
1784033996,2026-07-14T12:59:56+00:00,TAKER,BUY,1094.382126,0.456878806,499.99999903462157,33396900590900377058117078919106501058132727662567472866560607962773982523222,0x57979c27a960b01bb9526a6a4b837d9ad05a5d113c9bf5e3987dbdf7d99822c0,Will the highest temperature in Istanbul be 27°C on July 16?,highest-temperature-in-istanbul-on-july-16-2026-27c,highest-temperature-in-istanbul-on-july-16-2026,Yes,0,0x2c04f11b4389c1ea56c678c9567223afec71ce1933186c9a644799b74153ef5c,0xbddc2a7690BF600E347d5eb4A9C28f9F24E55d4f-1774968947489,Equal-Sun
1784034896,2026-07-14T13:14:56+00:00,TAKER,BUY,91.45,0.5,45.725,80339830122148060066248648124401921508839256170874997850576048477613793949914,0x25ea52b6ef9d7c1834cb0137685bdbda945bb2e408883a2a07974f21e8189dbb,Will the highest temperature in London be 28°C on July 14?,highest-temperature-in-london-on-july-14-2026-28c,highest-temperature-in-london-on-july-14-2026,Yes,0,0xe66cd9666ad80525cb30e7b0d458ee21fb8e8edc6948e1268d3620259a9d1886,0xbddc2a7690BF600E347d5eb4A9C28f9F24E55d4f-1774968947489,Equal-Sun
1784035556,2026-07-14T13:25:56+00:00,TAKER,BUY,134.94,0.483826145,65.2875000063,80339830122148060066248648124401921508839256170874997850576048477613793949914,0x25ea52b6ef9d7c1834cb0137685bdbda945bb2e408883a2a07974f21e8189dbb,Will the highest temperature in London be 28°C on July 14?,highest-temperature-in-london-on-july-14-2026-28c,highest-temperature-in-london-on-july-14-2026,Yes,0,0x58936368e750512028233614884259308851ae209e98cc8fcb879de0553761a4,0xbddc2a7690BF600E347d5eb4A9C28f9F24E55d4f-1774968947489,Equal-Sun
1784035558,2026-07-14T13:25:58+00:00,MAKER,BUY,1.980391,0.490000207,0.9703919999409371,80339830122148060066248648124401921508839256170874997850576048477613793949914,0x25ea52b6ef9d7c1834cb0137685bdbda945bb2e408883a2a07974f21e8189dbb,Will the highest temperature in London be 28°C on July 14?,highest-temperature-in-london-on-july-14-2026-28c,highest-temperature-in-london-on-july-14-2026,Yes,0,0x7da72f7409a82f1961103e41bd6af8ce7f69e3b3410a0458298343a39f8ac95f,0xbddc2a7690BF600E347d5eb4A9C28f9F24E55d4f-1774968947489,Equal-Sun
1784035571,2026-07-14T13:26:11+00:00,MAKER,BUY,5.4,0.49,2.646,80339830122148060066248648124401921508839256170874997850576048477613793949914,0x25ea52b6ef9d7c1834cb0137685bdbda945bb2e408883a2a07974f21e8189dbb,Will the highest temperature in London be 28°C on July 14?,highest-temperature-in-london-on-july-14-2026-28c,highest-temperature-in-london-on-july-14-2026,Yes,0,0xbc85720d4249cd45dc7dc92cf6578dee9c63379f6d7853e1b64ef6fda92cb0e3,0xbddc2a7690BF600E347d5eb4A9C28f9F24E55d4f-1774968947489,Equal-Sun
1784035621,2026-07-14T13:27:01+00:00,TAKER,BUY,178,0.3,53.4,85251339932031391985904856791186938651364604336327206109062021873362710237449,0xe2d391bd0da60358f0d21f517f49a32038f111717cbb56709210e844a332dc33,Will the highest temperature in Mexico City be 26°C on July 15?,highest-temperature-in-mexico-city-on-july-15-2026-26c,highest-temperature-in-mexico-city-on-july-15-2026,Yes,0,0x45ef30b81f356df63bc20b4e44f876e14cf0b5192ee33df9c06e0f99181ddb0d,0xbddc2a7690BF600E347d5eb4A9C28f9F24E55d4f-1774968947489,Equal-Sun
1784035706,2026-07-14T13:28:26+00:00,MAKER,BUY,8.75,0.49,4.2875,80339830122148060066248648124401921508839256170874997850576048477613793949914,0x25ea52b6ef9d7c1834cb0137685bdbda945bb2e408883a2a07974f21e8189dbb,Will the highest temperature in London be 28°C on July 14?,highest-temperature-in-london-on-july-14-2026-28c,highest-temperature-in-london-on-july-14-2026,Yes,0,0xf8ab251aa319fcd8a516eeea0673f041b2da62366efe426c6ae0fc47942d605d,0xbddc2a7690BF600E347d5eb4A9C28f9F24E55d4f-1774968947489,Equal-Sun
1784035769,2026-07-14T13:29:29+00:00,MAKER,BUY,5,0.49,2.45,80339830122148060066248648124401921508839256170874997850576048477613793949914,0x25ea52b6ef9d7c1834cb0137685bdbda945bb2e408883a2a07974f21e8189dbb,Will the highest temperature in London be 28°C on July 14?,highest-temperature-in-london-on-july-14-2026-28c,highest-temperature-in-london-on-july-14-2026,Yes,0,0xd3abfda94e7638508f8460417f2875a1052bd73518e7d126a8ef933b0622aea4,0xbddc2a7690BF600E347d5eb4A9C28f9F24E55d4f-1774968947489,Equal-Sun
1784035849,2026-07-14T13:30:49+00:00,MAKER,BUY,6.745097,0.4900000697,3.305098000133261,80339830122148060066248648124401921508839256170874997850576048477613793949914,0x25ea52b6ef9d7c1834cb0137685bdbda945bb2e408883a2a07974f21e8189dbb,Will the highest temperature in London be 28°C on July 14?,highest-temperature-in-london-on-july-14-2026-28c,highest-temperature-in-london-on-july-14-2026,Yes,0,0xd98ebebdaee658490bc47d0788570486647ba51028a229ad2bba1159f8cb2912,0xbddc2a7690BF600E347d5eb4A9C28f9F24E55d4f-1774968947489,Equal-Sun
1784035852,2026-07-14T13:30:52+00:00,MAKER,BUY,7.1,0.49,3.4789999999999996,80339830122148060066248648124401921508839256170874997850576048477613793949914,0x25ea52b6ef9d7c1834cb0137685bdbda945bb2e408883a2a07974f21e8189dbb,Will the highest temperature in London be 28°C on July 14?,highest-temperature-in-london-on-july-14-2026-28c,highest-temperature-in-london-on-july-14-2026,Yes,0,0xba48bb57494e166dc723a15f577446988378da4cd934334a08b520935b96198d,0xbddc2a7690BF600E347d5eb4A9C28f9F24E55d4f-1774968947489,Equal-Sun
1784036027,2026-07-14T13:33:47+00:00,MAKER,BUY,8.99,0.49,4.4051,80339830122148060066248648124401921508839256170874997850576048477613793949914,0x25ea52b6ef9d7c1834cb0137685bdbda945bb2e408883a2a07974f21e8189dbb,Will the highest temperature in London be 28°C on July 14?,highest-temperature-in-london-on-july-14-2026-28c,highest-temperature-in-london-on-july-14-2026,Yes,0,0x0c9315edfea1d47b0ddb0651cf07b681b9a8c79382d38ea2adf7b078434b298e,0xbddc2a7690BF600E347d5eb4A9C28f9F24E55d4f-1774968947489,Equal-Sun
1784036027,2026-07-14T13:33:47+00:00,MAKER,BUY,10,0.49,4.9,80339830122148060066248648124401921508839256170874997850576048477613793949914,0x25ea52b6ef9d7c1834cb0137685bdbda945bb2e408883a2a07974f21e8189dbb,Will the highest temperature in London be 28°C on July 14?,highest-temperature-in-london-on-july-14-2026-28c,highest-temperature-in-london-on-july-14-2026,Yes,0,0x6905025b84c717fb92ada6297a839913974740ec68f5a5d4d7627c305cec7ed7,0xbddc2a7690BF600E347d5eb4A9C28f9F24E55d4f-1774968947489,Equal-Sun
1784038760,2026-07-14T14:19:20+00:00,MAKER,SELL,194.25,0.995,193.27875,91159663582445771416254181097957910569557026836616688002405309786482056196230,0x80c8f52ae43a8dc62658808509d4d78f9eea4f894c8c70e1d81288975de1ca98,Will the highest temperature in Ankara be 29°C on July 14?,highest-temperature-in-ankara-on-july-14-2026-29c,highest-temperature-in-ankara-on-july-14-2026,Yes,0,0x968aea6d9d5c879692e4e935c215fd958907f0f13d74dc582df4d37308d05357,0xbddc2a7690BF600E347d5eb4A9C28f9F24E55d4f-1774968947489,Equal-Sun
1784039398,2026-07-14T14:29:58+00:00,TAKER,BUY,96.308792,0.5634999451,54.26999900464732,80339830122148060066248648124401921508839256170874997850576048477613793949914,0x25ea52b6ef9d7c1834cb0137685bdbda945bb2e408883a2a07974f21e8189dbb,Will the highest temperature in London be 28°C on July 14?,highest-temperature-in-london-on-july-14-2026-28c,highest-temperature-in-london-on-july-14-2026,Yes,0,0x0a6a929229c3a022e16c81e21e402a307cb5ca825ed653dd6a0066172712e658,0xbddc2a7690BF600E347d5eb4A9C28f9F24E55d4f-1774968947489,Equal-Sun
1784041201,2026-07-14T15:00:01+00:00,TAKER,BUY,156.055,0.640799718,99.99999999249,26130989049334565798929602288119955229939605611536478230598643573562817133228,0x2a433d4930bacab732b8dc3cdb30d57386293d490b3de826d9ea6401f9127052,Will the highest temperature in Miami be between 92-93°F on July 14?,highest-temperature-in-miami-on-july-14-2026-92-93f,highest-temperature-in-miami-on-july-14-2026,Yes,0,0xcd2ce101aa3094078e772f564935625a27320d71dcee745aff053cea7463077a,0xbddc2a7690BF600E347d5eb4A9C28f9F24E55d4f-1774968947489,Equal-Sun
1784044736,2026-07-14T15:58:56+00:00,MAKER,SELL,265.26,0.99,262.6074,94479951337247791884454437980315732737309385128000832659481222941028049380175,0xd798180f65f99a946b217c68299087dd2ea3a4913b7da1028c7ef545e429b0ce,Will the highest temperature in Istanbul be 25°C on July 14?,highest-temperature-in-istanbul-on-july-14-2026-25c,highest-temperature-in-istanbul-on-july-14-2026,Yes,0,0xb230f2c8e0cbeed1e6c5c7c482f3dae50c3fc27faabcc0d6b1889bdd57526e7a,0xbddc2a7690BF600E347d5eb4A9C28f9F24E55d4f-1774968947489,Equal-Sun
1784045804,2026-07-14T16:16:44+00:00,MAKER,SELL,216.202322,0.9899999964,214.04029800167166,115379125375980557938960695867857252065031111176048451536690289713422639987518,0x57cb4581fe3a6a8f0b644f5e578189f30ae1827ed60a326a2528b96153e4e749,Will the highest temperature in Madrid be 37°C on July 14?,highest-temperature-in-madrid-on-july-14-2026-37c,highest-temperature-in-madrid-on-july-14-2026,Yes,0,0xda1fcc6c1387a856ce48df3dd8e8ada17c81ef7a1601dc6112ed478f3b4d6f56,0xbddc2a7690BF600E347d5eb4A9C28f9F24E55d4f-1774968947489,Equal-Sun
1784046089,2026-07-14T16:21:29+00:00,MAKER,SELL,62.31,0.99,61.6869,115379125375980557938960695867857252065031111176048451536690289713422639987518,0x57cb4581fe3a6a8f0b644f5e578189f30ae1827ed60a326a2528b96153e4e749,Will the highest temperature in Madrid be 37°C on July 14?,highest-temperature-in-madrid-on-july-14-2026-37c,highest-temperature-in-madrid-on-july-14-2026,Yes,0,0x6900670e666b58812e3e4f3d35b9128f8de6dc82b1394b6d89b0265758d538a0,0xbddc2a7690BF600E347d5eb4A9C28f9F24E55d4f-1774968947489,Equal-Sun
1784055619,2026-07-14T19:00:19+00:00,TAKER,BUY,111.61,0.4611011558,51.463499998837996,6564431883024961921899144323092571960232087174200104963757937104287927638875,0xa55f235e5013ddc2343065a7fbd433ff0a9b1cfb66ebc12a03cb579b5e9ac84d,Will the highest temperature in Mexico City be 26°C on July 14?,highest-temperature-in-mexico-city-on-july-14-2026-26c,highest-temperature-in-mexico-city-on-july-14-2026,Yes,0,0x38ed2a7dccd747575658b22fbdd52dcda8889cba17d989635b8e892c9b8f8b27,0xbddc2a7690BF600E347d5eb4A9C28f9F24E55d4f-1774968947489,Equal-Sun
1784056510,2026-07-14T19:15:10+00:00,TAKER,BUY,46.35,0.4678425027,21.684500000145,6564431883024961921899144323092571960232087174200104963757937104287927638875,0xa55f235e5013ddc2343065a7fbd433ff0a9b1cfb66ebc12a03cb579b5e9ac84d,Will the highest temperature in Mexico City be 26°C on July 14?,highest-temperature-in-mexico-city-on-july-14-2026-26c,highest-temperature-in-mexico-city-on-july-14-2026,Yes,0,0x516322d93ded329f582381cec4847f24462b0f8f23360f1093a3930beb637981,0xbddc2a7690BF600E347d5eb4A9C28f9F24E55d4f-1774968947489,Equal-Sun
1784058311,2026-07-14T19:45:11+00:00,TAKER,BUY,75.972221,0.3534186397,26.849999000807774,6564431883024961921899144323092571960232087174200104963757937104287927638875,0xa55f235e5013ddc2343065a7fbd433ff0a9b1cfb66ebc12a03cb579b5e9ac84d,Will the highest temperature in Mexico City be 26°C on July 14?,highest-temperature-in-mexico-city-on-july-14-2026-26c,highest-temperature-in-mexico-city-on-july-14-2026,Yes,0,0xfafddf598777ba1f50669059c8f2ed273541dcb76f6d51fa3894e808c098f5ee,0xbddc2a7690BF600E347d5eb4A9C28f9F24E55d4f-1774968947489,Equal-Sun
1784062813,2026-07-14T21:00:13+00:00,TAKER,BUY,196.07843,0.5099999985,99.99999900588236,33396900590900377058117078919106501058132727662567472866560607962773982523222,0x57979c27a960b01bb9526a6a4b837d9ad05a5d113c9bf5e3987dbdf7d99822c0,Will the highest temperature in Istanbul be 27°C on July 16?,highest-temperature-in-istanbul-on-july-16-2026-27c,highest-temperature-in-istanbul-on-july-16-2026,Yes,0,0x15971698bc456c87efcd6c83a47d0bb7752bf2c15d0fc3989beac697f739c1cf,0xbddc2a7690BF600E347d5eb4A9C28f9F24E55d4f-1774968947489,Equal-Sun
1784069969,2026-07-14T22:59:29+00:00,MAKER,SELL,64.31,0.99,63.6669,109288025952712517040450523101955678674267211184014979817373057823883274652296,0x9286baeded6b5418c70df0f7b069e69ad671b3b285cc79bc4138d2e48eff9061,Will the highest temperature in Los Angeles be between 76-77°F on July 14?,highest-temperature-in-los-angeles-on-july-14-2026-76-77f,highest-temperature-in-los-angeles-on-july-14-2026,Yes,0,0xf6631bc7782dc50689870720fefccde59d7388a915585b38e681240f34c09cfc,0xbddc2a7690BF600E347d5eb4A9C28f9F24E55d4f-1774968947489,Equal-Sun
1784069969,2026-07-14T22:59:29+00:00,MAKER,SELL,150,0.99,148.5,109288025952712517040450523101955678674267211184014979817373057823883274652296,0x9286baeded6b5418c70df0f7b069e69ad671b3b285cc79bc4138d2e48eff9061,Will the highest temperature in Los Angeles be between 76-77°F on July 14?,highest-temperature-in-los-angeles-on-july-14-2026-76-77f,highest-temperature-in-los-angeles-on-july-14-2026,Yes,0,0x83cff81039b420a55bf05080c8e39b15abcc00f20b68adbb1b65e7424db14de7,0xbddc2a7690BF600E347d5eb4A9C28f9F24E55d4f-1774968947489,Equal-Sun
1784069969,2026-07-14T22:59:29+00:00,MAKER,SELL,101.58,0.99,100.5642,109288025952712517040450523101955678674267211184014979817373057823883274652296,0x9286baeded6b5418c70df0f7b069e69ad671b3b285cc79bc4138d2e48eff9061,Will the highest temperature in Los Angeles be between 76-77°F on July 14?,highest-temperature-in-los-angeles-on-july-14-2026-76-77f,highest-temperature-in-los-angeles-on-july-14-2026,Yes,0,0x79b7c859cccc30c60fdd8ebe0ab42de85c7f1bc5853ceeddc0b78e1a6e821905,0xbddc2a7690BF600E347d5eb4A9C28f9F24E55d4f-1774968947489,Equal-Sun
1784069972,2026-07-14T22:59:32+00:00,MAKER,SELL,150,0.99,148.5,6564431883024961921899144323092571960232087174200104963757937104287927638875,0xa55f235e5013ddc2343065a7fbd433ff0a9b1cfb66ebc12a03cb579b5e9ac84d,Will the highest temperature in Mexico City be 26°C on July 14?,highest-temperature-in-mexico-city-on-july-14-2026-26c,highest-temperature-in-mexico-city-on-july-14-2026,Yes,0,0xabe744cc474724c3ff15a85434989749990baf8709388e0a11b9d477798b9c24,0xbddc2a7690BF600E347d5eb4A9C28f9F24E55d4f-1774968947489,Equal-Sun
1784069972,2026-07-14T22:59:32+00:00,MAKER,SELL,139.93,0.99,138.5307,6564431883024961921899144323092571960232087174200104963757937104287927638875,0xa55f235e5013ddc2343065a7fbd433ff0a9b1cfb66ebc12a03cb579b5e9ac84d,Will the highest temperature in Mexico City be 26°C on July 14?,highest-temperature-in-mexico-city-on-july-14-2026-26c,highest-temperature-in-mexico-city-on-july-14-2026,Yes,0,0x08863d674dec5e0407dc319a864634c450ce974fe81b4427a8ffd823c24a2ed8,0xbddc2a7690BF600E347d5eb4A9C28f9F24E55d4f-1774968947489,Equal-Sun
1784069974,2026-07-14T22:59:34+00:00,MAKER,SELL,50.12,0.99,49.6188,6564431883024961921899144323092571960232087174200104963757937104287927638875,0xa55f235e5013ddc2343065a7fbd433ff0a9b1cfb66ebc12a03cb579b5e9ac84d,Will the highest temperature in Mexico City be 26°C on July 14?,highest-temperature-in-mexico-city-on-july-14-2026-26c,highest-temperature-in-mexico-city-on-july-14-2026,Yes,0,0x61fa2f8a46dbe16891378b6c90f028654981afde99077195ea5690dc9903bb2f,0xbddc2a7690BF600E347d5eb4A9C28f9F24E55d4f-1774968947489,Equal-Sun
1784069977,2026-07-14T22:59:37+00:00,MAKER,SELL,142,0.99,140.58,6564431883024961921899144323092571960232087174200104963757937104287927638875,0xa55f235e5013ddc2343065a7fbd433ff0a9b1cfb66ebc12a03cb579b5e9ac84d,Will the highest temperature in Mexico City be 26°C on July 14?,highest-temperature-in-mexico-city-on-july-14-2026-26c,highest-temperature-in-mexico-city-on-july-14-2026,Yes,0,0xaf6a6d45fe8b1069c352ba5fa1e0597f0813b587f9078837ddafc79b16a6e588,0xbddc2a7690BF600E347d5eb4A9C28f9F24E55d4f-1774968947489,Equal-Sun
1784069992,2026-07-14T22:59:52+00:00,MAKER,SELL,2.008079,0.9899998954,1.9879979999549366,6564431883024961921899144323092571960232087174200104963757937104287927638875,0xa55f235e5013ddc2343065a7fbd433ff0a9b1cfb66ebc12a03cb579b5e9ac84d,Will the highest temperature in Mexico City be 26°C on July 14?,highest-temperature-in-mexico-city-on-july-14-2026-26c,highest-temperature-in-mexico-city-on-july-14-2026,Yes,0,0x2dab8081595c7e0877688bd28afc91265539b244c2c7ec245e6eed819c53963c,0xbddc2a7690BF600E347d5eb4A9C28f9F24E55d4f-1774968947489,Equal-Sun
1784070004,2026-07-14T23:00:04+00:00,MAKER,SELL,161.020201,0.9899999939,159.40999800777678,6564431883024961921899144323092571960232087174200104963757937104287927638875,0xa55f235e5013ddc2343065a7fbd433ff0a9b1cfb66ebc12a03cb579b5e9ac84d,Will the highest temperature in Mexico City be 26°C on July 14?,highest-temperature-in-mexico-city-on-july-14-2026-26c,highest-temperature-in-mexico-city-on-july-14-2026,Yes,0,0x1699277267cf954f61f6e55a2cfbe961b057ed8c825f07a2d1439a7c80bdbe87,0xbddc2a7690BF600E347d5eb4A9C28f9F24E55d4f-1774968947489,Equal-Sun
1784070017,2026-07-14T23:00:17+00:00,MAKER,SELL,151.52,0.99,150.00480000000002,6564431883024961921899144323092571960232087174200104963757937104287927638875,0xa55f235e5013ddc2343065a7fbd433ff0a9b1cfb66ebc12a03cb579b5e9ac84d,Will the highest temperature in Mexico City be 26°C on July 14?,highest-temperature-in-mexico-city-on-july-14-2026-26c,highest-temperature-in-mexico-city-on-july-14-2026,Yes,0,0x0025fcabaf080aefa9988e63fe5d3ecac033a12d3db5a745a6bd3d9e59c3e294,0xbddc2a7690BF600E347d5eb4A9C28f9F24E55d4f-1774968947489,Equal-Sun
1784070065,2026-07-14T23:01:05+00:00,MAKER,SELL,6,0.99,5.9399999999999995,6564431883024961921899144323092571960232087174200104963757937104287927638875,0xa55f235e5013ddc2343065a7fbd433ff0a9b1cfb66ebc12a03cb579b5e9ac84d,Will the highest temperature in Mexico City be 26°C on July 14?,highest-temperature-in-mexico-city-on-july-14-2026-26c,highest-temperature-in-mexico-city-on-july-14-2026,Yes,0,0x7c782ad856dad28aee211945522b5fed307c5efee4c923a39ad9c2f89d460d1d,0xbddc2a7690BF600E347d5eb4A9C28f9F24E55d4f-1774968947489,Equal-Sun
1784070155,2026-07-14T23:02:35+00:00,MAKER,SELL,463.36,0.99,458.7264,6564431883024961921899144323092571960232087174200104963757937104287927638875,0xa55f235e5013ddc2343065a7fbd433ff0a9b1cfb66ebc12a03cb579b5e9ac84d,Will the highest temperature in Mexico City be 26°C on July 14?,highest-temperature-in-mexico-city-on-july-14-2026-26c,highest-temperature-in-mexico-city-on-july-14-2026,Yes,0,0x16a8a9184fbf80b4e4236472017d059b9cfe7158fd38ca8dc54d525fcafb2b8a,0xbddc2a7690BF600E347d5eb4A9C28f9F24E55d4f-1774968947489,Equal-Sun
1784074567,2026-07-15T00:16:07+00:00,TAKER,BUY,274.20108,0.3646958612,99.9999990125701,11414121493039764849998812077806091745492937179972344655691590747135833400479,0x20f6310631e5b7f9164e65aad57c2e2b5e0e64cea8638444ecf546fd25198e03,Will the highest temperature in Karachi be 32°C on July 15?,highest-temperature-in-karachi-on-july-15-2026-32c,highest-temperature-in-karachi-on-july-15-2026,Yes,0,0xc43efc84bb4de29cea48eeeedead6ba7e048e6ad8e2d45e21ee9631243b4a7d4,0xbddc2a7690BF600E347d5eb4A9C28f9F24E55d4f-1774968947489,Equal-Sun
1784080969,2026-07-15T02:02:49+00:00,TAKER,BUY,285.857141,0.3498250862,99.99999899121056,3994717033802392829809552683420418368744719381703093634039742661422048346600,0xca563217287a5c878e495d979473d18ed38a032899d6877ae15c115b76502221,Will the highest temperature in Milan be 33°C on July 15?,highest-temperature-in-milan-on-july-15-2026-33c,highest-temperature-in-milan-on-july-15-2026,Yes,0,0x5462875d77f2d11b58dbfd1bc04b0420ec0edfbc07afa261ca97c79483d1f63c,0xbddc2a7690BF600E347d5eb4A9C28f9F24E55d4f-1774968947489,Equal-Sun
1784083688,2026-07-15T02:48:08+00:00,TAKER,BUY,128.614613,0.7775166108,99.99999799911362,20536541916648972145661869096008515940023302944780020072098724341465150083631,0x60433a232bfbc320ce3c46f3938114198e9ade7aef870d54fef836279358109c,Will the highest temperature in Tel Aviv be 32°C on July 15?,highest-temperature-in-tel-aviv-on-july-15-2026-32c,highest-temperature-in-tel-aviv-on-july-15-2026,Yes,0,0xd611183f0e22394b26e86348cc76c7841f8cdd94e3bf950434e52f104bee1912,0xbddc2a7690BF600E347d5eb4A9C28f9F24E55d4f-1774968947489,Equal-Sun
1784087324,2026-07-15T03:48:44+00:00,TAKER,BUY,412.171223,0.485235232,199.99999901612875,34990312772158500776638733414756351496948206774800698252092743072703684213696,0x36e8a2f88bc72d087ffa47f0ef90bfbf6b791ef9fc24bbab1adc4df0d6d87ab2,Will the highest temperature in Madrid be 35°C on July 16?,highest-temperature-in-madrid-on-july-16-2026-35c,highest-temperature-in-madrid-on-july-16-2026,Yes,0,0x1746dba84d217fdd1a7bd47349f0da1e854587535edb54c9f36fb1ca9ad87480,0xbddc2a7690BF600E347d5eb4A9C28f9F24E55d4f-1774968947489,Equal-Sun
1784087450,2026-07-15T03:50:50+00:00,TAKER,BUY,351,0.3598575499,126.31000001490001,85251339932031391985904856791186938651364604336327206109062021873362710237449,0xe2d391bd0da60358f0d21f517f49a32038f111717cbb56709210e844a332dc33,Will the highest temperature in Mexico City be 26°C on July 15?,highest-temperature-in-mexico-city-on-july-15-2026-26c,highest-temperature-in-mexico-city-on-july-15-2026,Yes,0,0xc7786d213e87df8fa0d731e9c6ea93016b84066ab461b8e8e5ef9009bf02efb9,0xbddc2a7690BF600E347d5eb4A9C28f9F24E55d4f-1774968947489,Equal-Sun
1784091853,2026-07-15T05:04:13+00:00,TAKER,BUY,13,0.37,4.81,105285336435799651765735212511292000787812972280111998842792763626018278988102,0x2e8568a2a70583b0f36c770dae1246e84c8f0ae25c9cc67c0485a5378974e765,Will the highest temperature in Wellington be 13°C on July 17?,highest-temperature-in-wellington-on-july-17-2026-13c,highest-temperature-in-wellington-on-july-17-2026,Yes,0,0x9c86fe3666a8c5b58c5b3efb19563ff66430d44c81325c7b1b7d3630e0e01fc3,0xbddc2a7690BF600E347d5eb4A9C28f9F24E55d4f-1774968947489,Equal-Sun
1784091856,2026-07-15T05:04:16+00:00,TAKER,BUY,465.581394,0.4295704287,199.9999990153236,78463043936379448001218148344987221684539232060665353644187692737062767330037,0x7db4da449e83020e722adbfc1ad87dfca9c24af6458eced800ef162694989410,Will the highest temperature in Mexico City be 25°C on July 16?,highest-temperature-in-mexico-city-on-july-16-2026-25c,highest-temperature-in-mexico-city-on-july-16-2026,Yes,0,0x1075498140be3d5c0cc0386612db0af0e2a1a47de4b2d2b0ea05bba3ec8c9dab,0xbddc2a7690BF600E347d5eb4A9C28f9F24E55d4f-1774968947489,Equal-Sun
1784091859,2026-07-15T05:04:19+00:00,TAKER,BUY,259.977945,0.7692960147,199.99999699839577,20536541916648972145661869096008515940023302944780020072098724341465150083631,0x60433a232bfbc320ce3c46f3938114198e9ade7aef870d54fef836279358109c,Will the highest temperature in Tel Aviv be 32°C on July 15?,highest-temperature-in-tel-aviv-on-july-15-2026-32c,highest-temperature-in-tel-aviv-on-july-15-2026,Yes,0,0x46bb1e80eb6bf3863cfb8ce9ddbdb703d98da63fb545433506a93f16fce89f05,0xbddc2a7690BF600E347d5eb4A9C28f9F24E55d4f-1774968947489,Equal-Sun
1784092756,2026-07-15T05:19:16+00:00,TAKER,BUY,141.21875,0.32,45.19,105285336435799651765735212511292000787812972280111998842792763626018278988102,0x2e8568a2a70583b0f36c770dae1246e84c8f0ae25c9cc67c0485a5378974e765,Will the highest temperature in Wellington be 13°C on July 17?,highest-temperature-in-wellington-on-july-17-2026-13c,highest-temperature-in-wellington-on-july-17-2026,Yes,0,0x86c22bba566e787e6f312ddfad5230b95bf43a14b6369027fb63ebccd3c0a666,0xbddc2a7690BF600E347d5eb4A9C28f9F24E55d4f-1774968947489,Equal-Sun
1784095445,2026-07-15T06:04:05+00:00,TAKER,BUY,188.78,0.2449523255,46.24210000789,11414121493039764849998812077806091745492937179972344655691590747135833400479,0x20f6310631e5b7f9164e65aad57c2e2b5e0e64cea8638444ecf546fd25198e03,Will the highest temperature in Karachi be 32°C on July 15?,highest-temperature-in-karachi-on-july-15-2026-32c,highest-temperature-in-karachi-on-july-15-2026,Yes,0,0xf79b6435a224f00fa0d9c6894ac596bc55d98706aee4a5a48a5f8412bd7a9276,0xbddc2a7690BF600E347d5eb4A9C28f9F24E55d4f-1774968947489,Equal-Sun
1784102801,2026-07-15T08:06:41+00:00,TAKER,SELL,236.33,0.051882114,12.26130000162,25533735079699912390927761563175572601881723190714583225122647053982699459926,0x086c29bc6009a08def99dbfdc4e97b3c6865cf1eb6dcee29c3346ae96f646290,Will the highest temperature in Istanbul be 27°C on July 15?,highest-temperature-in-istanbul-on-july-15-2026-27c,highest-temperature-in-istanbul-on-july-15-2026,Yes,0,0xf12608885a77eb7d086c3511d9867de886db286aef4bddb41e0e226024915037,0xbddc2a7690BF600E347d5eb4A9C28f9F24E55d4f-1774968947489,Equal-Sun
1784111815,2026-07-15T10:36:55+00:00,TAKER,BUY,771.221922,0.2593287267,199.9999990353867,28490458784301162853755223553815780060818613839647222628715382651147162249232,0x7ccc8000c0e2f5366bdcf488022542cf65bd30cce4f1f42e5920d920feb2fcba,Will the highest temperature in Tel Aviv be 31°C on July 16?,highest-temperature-in-tel-aviv-on-july-16-2026-31c,highest-temperature-in-tel-aviv-on-july-16-2026,Yes,0,0xa4dd4bac0b5c34583e8599e09074022d3e2d9df38b1906d17741110c468b5e02,0xbddc2a7690BF600E347d5eb4A9C28f9F24E55d4f-1774968947489,Equal-Sun
1784114549,2026-07-15T11:22:29+00:00,TAKER,BUY,213.108084,0.4692454511,99.99999900963668,75377503115750452262509261927913241555273394335958836729257651782903619388942,0xec9adb1a5906199fb3031028b759118561d41a58e7e739004a062c46c7a53439,Will the highest temperature in Atlanta be between 86-87°F on July 15?,highest-temperature-in-atlanta-on-july-15-2026-86-87f,highest-temperature-in-atlanta-on-july-15-2026,Yes,0,0x10a0fe2aec3af0cf4a3498e96c471acabbbad9ff5dd5e8910871b6adbc254503,0xbddc2a7690BF600E347d5eb4A9C28f9F24E55d4f-1774968947489,Equal-Sun
1784120030,2026-07-15T12:53:50+00:00,TAKER,BUY,1204.391427,0.4151474245,499.99999900892976,22070750898543290235361777929921788278693458183578668636681427057789364345555,0x472854baa974a437d1bc720271537ba970f979411cab5fa431a597ec24d7da7d,Will the highest temperature in Istanbul be 29°C on July 17?,highest-temperature-in-istanbul-on-july-17-2026-29c,highest-temperature-in-istanbul-on-july-17-2026,Yes,0,0x762fe144ac295e58c68392a22cabcee1f9d949f2c40b8a18ea58ab0a8256d6a5,0xbddc2a7690BF600E347d5eb4A9C28f9F24E55d4f-1774968947489,Equal-Sun
1784120539,2026-07-15T13:02:19+00:00,MAKER,SELL,9.94,0.997,9.910179999999999,20536541916648972145661869096008515940023302944780020072098724341465150083631,0x60433a232bfbc320ce3c46f3938114198e9ade7aef870d54fef836279358109c,Will the highest temperature in Tel Aviv be 32°C on July 15?,highest-temperature-in-tel-aviv-on-july-15-2026-32c,highest-temperature-in-tel-aviv-on-july-15-2026,Yes,0,0xb4a97dd863346e7ba4d5fc3185f262ae295e4ff33272a08401c993351850c497,0xbddc2a7690BF600E347d5eb4A9C28f9F24E55d4f-1774968947489,Equal-Sun
1784120936,2026-07-15T13:08:56+00:00,TAKER,BUY,73.99,0.299185025,22.136699999749997,14934284233623083346091036122327020324785440605347272470640313774534907097071,0x59bbcec093b3cdf15e1e534938749375ca8e094262c25c945e1707bd5b826efd,Will the highest temperature in London be 27°C on July 15?,highest-temperature-in-london-on-july-15-2026-27c,highest-temperature-in-london-on-july-15-2026,Yes,0,0xd07a0ad3f8618f413c433e5a067faa827cf2dcd3d011165ecaea3c4be0fd6c29,0xbddc2a7690BF600E347d5eb4A9C28f9F24E55d4f-1774968947489,Equal-Sun
1784122163,2026-07-15T13:29:23+00:00,MAKER,SELL,300,0.997,299.1,20536541916648972145661869096008515940023302944780020072098724341465150083631,0x60433a232bfbc320ce3c46f3938114198e9ade7aef870d54fef836279358109c,Will the highest temperature in Tel Aviv be 32°C on July 15?,highest-temperature-in-tel-aviv-on-july-15-2026-32c,highest-temperature-in-tel-aviv-on-july-15-2026,Yes,0,0xbd2314a8f2bcbb2954a9e83e547a7505ae4e2d1ca9aa940733eac63ff94d9bcc,0xbddc2a7690BF600E347d5eb4A9C28f9F24E55d4f-1774968947489,Equal-Sun
1784122235,2026-07-15T13:30:35+00:00,MAKER,SELL,1.01,0.997,1.00697,20536541916648972145661869096008515940023302944780020072098724341465150083631,0x60433a232bfbc320ce3c46f3938114198e9ade7aef870d54fef836279358109c,Will the highest temperature in Tel Aviv be 32°C on July 15?,highest-temperature-in-tel-aviv-on-july-15-2026-32c,highest-temperature-in-tel-aviv-on-july-15-2026,Yes,0,0xd21af27f6839eb9e322f1a3823a412258324402007607b2f56d2df496a71bdcd,0xbddc2a7690BF600E347d5eb4A9C28f9F24E55d4f-1774968947489,Equal-Sun
1784123653,2026-07-15T13:54:13+00:00,TAKER,BUY,183.12,0.2685037134,49.168399997808,14934284233623083346091036122327020324785440605347272470640313774534907097071,0x59bbcec093b3cdf15e1e534938749375ca8e094262c25c945e1707bd5b826efd,Will the highest temperature in London be 27°C on July 15?,highest-temperature-in-london-on-july-15-2026-27c,highest-temperature-in-london-on-july-15-2026,Yes,0,0x52f3eafafb639bffe7782afb6c5e017a8501680a2bec7b7f52d495c7263841a9,0xbddc2a7690BF600E347d5eb4A9C28f9F24E55d4f-1774968947489,Equal-Sun
1784124551,2026-07-15T14:09:11+00:00,TAKER,BUY,90.765311,0.3160899102,28.689999003265072,14934284233623083346091036122327020324785440605347272470640313774534907097071,0x59bbcec093b3cdf15e1e534938749375ca8e094262c25c945e1707bd5b826efd,Will the highest temperature in London be 27°C on July 15?,highest-temperature-in-london-on-july-15-2026-27c,highest-temperature-in-london-on-july-15-2026,Yes,0,0x234f4e86ff276b2befb60913a843f689b4c7b8dded86b7a1eb38041f56a6290c,0xbddc2a7690BF600E347d5eb4A9C28f9F24E55d4f-1774968947489,Equal-Sun
1784125279,2026-07-15T14:21:19+00:00,MAKER,SELL,358.63,0.997,357.55411,20536541916648972145661869096008515940023302944780020072098724341465150083631,0x60433a232bfbc320ce3c46f3938114198e9ade7aef870d54fef836279358109c,Will the highest temperature in Tel Aviv be 32°C on July 15?,highest-temperature-in-tel-aviv-on-july-15-2026-32c,highest-temperature-in-tel-aviv-on-july-15-2026,Yes,0,0xe39b08c80953e72debb81b3a67ae9ee3f245bbf130863b05ae255e1a496af42d,0xbddc2a7690BF600E347d5eb4A9C28f9F24E55d4f-1774968947489,Equal-Sun
1784125283,2026-07-15T14:21:23+00:00,MAKER,SELL,10.030089,0.9969999269,9.999997999800495,20536541916648972145661869096008515940023302944780020072098724341465150083631,0x60433a232bfbc320ce3c46f3938114198e9ade7aef870d54fef836279358109c,Will the highest temperature in Tel Aviv be 32°C on July 15?,highest-temperature-in-tel-aviv-on-july-15-2026-32c,highest-temperature-in-tel-aviv-on-july-15-2026,Yes,0,0xbb8ebf1c75492be0bb6933803e688b63fd0598d5f5a5ecbaac4cd05dec1f7f5a,0xbddc2a7690BF600E347d5eb4A9C28f9F24E55d4f-1774968947489,Equal-Sun
1784125414,2026-07-15T14:23:34+00:00,MAKER,SELL,25.35,0.997,25.273950000000003,20536541916648972145661869096008515940023302944780020072098724341465150083631,0x60433a232bfbc320ce3c46f3938114198e9ade7aef870d54fef836279358109c,Will the highest temperature in Tel Aviv be 32°C on July 15?,highest-temperature-in-tel-aviv-on-july-15-2026-32c,highest-temperature-in-tel-aviv-on-july-15-2026,Yes,0,0x2b29b646c935b22af9d33161ee63f8dbff13d8aac2561754ac92799265ca40d1,0xbddc2a7690BF600E347d5eb4A9C28f9F24E55d4f-1774968947489,Equal-Sun
1784169707,2026-07-16T02:41:47+00:00,TAKER,BUY,405.405403,0.7399999995,299.9999980172973,89785684430423954259689239371889774578128090910490703354768352851465128916982,0xe9297860f15f8463e886977616c1f27045fbe78a8a6ffd8875ae8128c9016ba8,Will the highest temperature in Tel Aviv be 32°C on July 16?,highest-temperature-in-tel-aviv-on-july-16-2026-32c,highest-temperature-in-tel-aviv-on-july-16-2026,Yes,0,0x601cc9c1cd5742beed3b6ef152f881960515658dff17514153490397fb6dcbd3,0xbddc2a7690BF600E347d5eb4A9C28f9F24E55d4f-1774968947489,Equal-Sun
1784172412,2026-07-16T03:26:52+00:00,TAKER,BUY,419.174375,0.4771284027,199.9999999965208,103885971565521547439945692734675245586997184860715269766134132546602399422126,0x8e8d642f881f5add0c489cb34963fec52c88bf39684881dc71edef3889df4c68,Will the highest temperature in Madrid be 35°C on July 17?,highest-temperature-in-madrid-on-july-17-2026-35c,highest-temperature-in-madrid-on-july-17-2026,Yes,0,0x3a290f36ed439dd80bcc4a95921955bc01b554828c333a0d617d342af116a8ab,0xbddc2a7690BF600E347d5eb4A9C28f9F24E55d4f-1774968947489,Equal-Sun
1784178529,2026-07-16T05:08:49+00:00,TAKER,SELL,1290.46,0.1637211537,211.275600003702,33396900590900377058117078919106501058132727662567472866560607962773982523222,0x57979c27a960b01bb9526a6a4b837d9ad05a5d113c9bf5e3987dbdf7d99822c0,Will the highest temperature in Istanbul be 27°C on July 16?,highest-temperature-in-istanbul-on-july-16-2026-27c,highest-temperature-in-istanbul-on-july-16-2026,Yes,0,0xa34f549cf4feab5862235f9ecc11f3d3b69347e59677bc5291bcfcb589d5505b,0xbddc2a7690BF600E347d5eb4A9C28f9F24E55d4f-1774968947489,Equal-Sun
1784178727,2026-07-16T05:12:07+00:00,TAKER,SELL,771.22,0.1286110319,99.18740002191801,28490458784301162853755223553815780060818613839647222628715382651147162249232,0x7ccc8000c0e2f5366bdcf488022542cf65bd30cce4f1f42e5920d920feb2fcba,Will the highest temperature in Tel Aviv be 31°C on July 16?,highest-temperature-in-tel-aviv-on-july-16-2026-31c,highest-temperature-in-tel-aviv-on-july-16-2026,Yes,0,0x56192597f0857f1210bda0e684eb4b9f574ac8c314321ea19ab910a71816d996,0xbddc2a7690BF600E347d5eb4A9C28f9F24E55d4f-1774968947489,Equal-Sun
1784179061,2026-07-16T05:17:41+00:00,TAKER,SELL,845,0.3979265089,336.24790002049997,22070750898543290235361777929921788278693458183578668636681427057789364345555,0x472854baa974a437d1bc720271537ba970f979411cab5fa431a597ec24d7da7d,Will the highest temperature in Istanbul be 29°C on July 17?,highest-temperature-in-istanbul-on-july-17-2026-29c,highest-temperature-in-istanbul-on-july-17-2026,Yes,0,0x32ef019c81469491036eeb174135bcfbce647e6fc59e41d2270951cf5a78d273,0xbddc2a7690BF600E347d5eb4A9C28f9F24E55d4f-1774968947489,Equal-Sun
1784179637,2026-07-16T05:27:17+00:00,TAKER,BUY,160.25,0.3913691108,62.7169000057,48649816492827427219381838102703727986238935806397087373112528061396207329296,0x2bca798801c7dba27bfd3517b8b4638a464a8ab8202fb55383504317667a1eee,Will the highest temperature in Mexico City be 24°C on July 17?,highest-temperature-in-mexico-city-on-july-17-2026-24c,highest-temperature-in-mexico-city-on-july-17-2026,Yes,0,0x5234db175cc30c228d43354606c180d6deb5c1ba8612e613828517846caf6f54,0xbddc2a7690BF600E347d5eb4A9C28f9F24E55d4f-1774968947489,Equal-Sun
1784182418,2026-07-16T06:13:38+00:00,TAKER,BUY,250,0.4,100.0,104019128356393842521633156597027787642905939851148028634849278285996618035406,0x29d596aa62c9ff943dd4f4f1d4bbf25fcca2f3846e075093642160813aeba435,Will the highest temperature in Chicago be between 90-91°F on July 17?,highest-temperature-in-chicago-on-july-17-2026-90-91f,highest-temperature-in-chicago-on-july-17-2026,Yes,0,0x07e85c896ccaea156aaf6fd8998c8dd0230ec1b3719200ec4366ad96659b1f4e,0xbddc2a7690BF600E347d5eb4A9C28f9F24E55d4f-1774968947489,Equal-Sun
1784191571,2026-07-16T08:46:11+00:00,TAKER,BUY,242.17,0.2367650824,57.337400004807996,70320871767286147892086374738360573754187897264121634626746045377923342307449,0x8cc6cc9903396853a1245d5bee011f8b27b40484d6ebcf53becf097d32045c1e,Will the highest temperature in Dallas be between 90-91°F on July 17?,highest-temperature-in-dallas-on-july-17-2026-90-91f,highest-temperature-in-dallas-on-july-17-2026,Yes,0,0x2a333868fde7730ce96a4c8d4e967dca42a55b1a78e3eaf2eacd9dbdf444fc80,0xbddc2a7690BF600E347d5eb4A9C28f9F24E55d4f-1774968947489,Equal-Sun
1784193401,2026-07-16T09:16:41+00:00,TAKER,BUY,123,0.3248780488,39.9600000024,70320871767286147892086374738360573754187897264121634626746045377923342307449,0x8cc6cc9903396853a1245d5bee011f8b27b40484d6ebcf53becf097d32045c1e,Will the highest temperature in Dallas be between 90-91°F on July 17?,highest-temperature-in-dallas-on-july-17-2026-90-91f,highest-temperature-in-dallas-on-july-17-2026,Yes,0,0x8c2581bf9ef342371e293eb448928a68c6bb9fee08324d1842e91ec2a6b1635e,0xbddc2a7690BF600E347d5eb4A9C28f9F24E55d4f-1774968947489,Equal-Sun
1784194319,2026-07-16T09:31:59+00:00,TAKER,BUY,139.157533,0.7186100303,99.99999900560326,34990312772158500776638733414756351496948206774800698252092743072703684213696,0x36e8a2f88bc72d087ffa47f0ef90bfbf6b791ef9fc24bbab1adc4df0d6d87ab2,Will the highest temperature in Madrid be 35°C on July 16?,highest-temperature-in-madrid-on-july-16-2026-35c,highest-temperature-in-madrid-on-july-16-2026,Yes,0,0x97d3f6163b2d7f74d1dc15c2bb223c2b57ddf39beb1a284186d83b080782ad2b,0xbddc2a7690BF600E347d5eb4A9C28f9F24E55d4f-1774968947489,Equal-Sun
1784194321,2026-07-16T09:32:01+00:00,TAKER,BUY,8.59375,0.3141818182,2.7000000001562503,70320871767286147892086374738360573754187897264121634626746045377923342307449,0x8cc6cc9903396853a1245d5bee011f8b27b40484d6ebcf53becf097d32045c1e,Will the highest temperature in Dallas be between 90-91°F on July 17?,highest-temperature-in-dallas-on-july-17-2026-90-91f,highest-temperature-in-dallas-on-july-17-2026,Yes,0,0xc3fa2691283daf21964ccbf3abf97b0916cba38c684eb977d29e9c3b6eedc22b,0xbddc2a7690BF600E347d5eb4A9C28f9F24E55d4f-1774968947489,Equal-Sun
1784195813,2026-07-16T09:56:53+00:00,TAKER,SELL,154.21,0.09,13.8789,105285336435799651765735212511292000787812972280111998842792763626018278988102,0x2e8568a2a70583b0f36c770dae1246e84c8f0ae25c9cc67c0485a5378974e765,Will the highest temperature in Wellington be 13°C on July 17?,highest-temperature-in-wellington-on-july-17-2026-13c,highest-temperature-in-wellington-on-july-17-2026,Yes,0,0x7134a396af36687bef3f83744feacb6d67df38cbfada44329bc91807ec24b54f,0xbddc2a7690BF600E347d5eb4A9C28f9F24E55d4f-1774968947489,Equal-Sun
1784197229,2026-07-16T10:20:29+00:00,TAKER,BUY,208.63,0.4586277141,95.683499992683,48649816492827427219381838102703727986238935806397087373112528061396207329296,0x2bca798801c7dba27bfd3517b8b4638a464a8ab8202fb55383504317667a1eee,Will the highest temperature in Mexico City be 24°C on July 17?,highest-temperature-in-mexico-city-on-july-17-2026-24c,highest-temperature-in-mexico-city-on-july-17-2026,Yes,0,0x027ee73d06072bf9bd587e2b15f3aebb83174e7598db43453e0459a4bda0fe41,0xbddc2a7690BF600E347d5eb4A9C28f9F24E55d4f-1774968947489,Equal-Sun
1784198869,2026-07-16T10:47:49+00:00,TAKER,BUY,317.557459,0.6298072784,199.99999898840957,9798888091501819304117819328791325803755773808230702628636268086693917507688,0xc24557f8ab21212215b4a7fd4de6ac6f7c4c4d07b7e040ab67acfb81cc399b17,Will the highest temperature in Tel Aviv be 32°C on July 17?,highest-temperature-in-tel-aviv-on-july-17-2026-32c,highest-temperature-in-tel-aviv-on-july-17-2026,Yes,0,0x2e6ef1b9901527f8d98070f673b175cc831a8ea38be3e46d60c218ed1b24bc15,0xbddc2a7690BF600E347d5eb4A9C28f9F24E55d4f-1774968947489,Equal-Sun
1784203441,2026-07-16T12:04:01+00:00,TAKER,BUY,274.88,0.47,129.1936,48649816492827427219381838102703727986238935806397087373112528061396207329296,0x2bca798801c7dba27bfd3517b8b4638a464a8ab8202fb55383504317667a1eee,Will the highest temperature in Mexico City be 24°C on July 17?,highest-temperature-in-mexico-city-on-july-17-2026-24c,highest-temperature-in-mexico-city-on-july-17-2026,Yes,0,0x3962dd07218a060956053a7e570810ad7e59363e7d12a29f03507498c700143c,0xbddc2a7690BF600E347d5eb4A9C28f9F24E55d4f-1774968947489,Equal-Sun
1784209045,2026-07-16T13:37:25+00:00,MAKER,SELL,10.05025,0.9949999254,9.99999800025135,89785684430423954259689239371889774578128090910490703354768352851465128916982,0xe9297860f15f8463e886977616c1f27045fbe78a8a6ffd8875ae8128c9016ba8,Will the highest temperature in Tel Aviv be 32°C on July 16?,highest-temperature-in-tel-aviv-on-july-16-2026-32c,highest-temperature-in-tel-aviv-on-july-16-2026,Yes,0,0xd2a19a5658a27b3e609d2705da3c99c2284f756645255f987e1ef1313dea6f57,0xbddc2a7690BF600E347d5eb4A9C28f9F24E55d4f-1774968947489,Equal-Sun
1784209045,2026-07-16T13:37:25+00:00,MAKER,SELL,10.05025,0.9949999254,9.99999800025135,89785684430423954259689239371889774578128090910490703354768352851465128916982,0xe9297860f15f8463e886977616c1f27045fbe78a8a6ffd8875ae8128c9016ba8,Will the highest temperature in Tel Aviv be 32°C on July 16?,highest-temperature-in-tel-aviv-on-july-16-2026-32c,highest-temperature-in-tel-aviv-on-july-16-2026,Yes,0,0x3b0b0481779601b99016fc9befe29a7ff00fb7da636538510cb930a5af713f01,0xbddc2a7690BF600E347d5eb4A9C28f9F24E55d4f-1774968947489,Equal-Sun
1784210410,2026-07-16T14:00:10+00:00,MAKER,SELL,361.63,0.995,359.82185,89785684430423954259689239371889774578128090910490703354768352851465128916982,0xe9297860f15f8463e886977616c1f27045fbe78a8a6ffd8875ae8128c9016ba8,Will the highest temperature in Tel Aviv be 32°C on July 16?,highest-temperature-in-tel-aviv-on-july-16-2026-32c,highest-temperature-in-tel-aviv-on-july-16-2026,Yes,0,0x17b4c44758b04498e1af36970b4bc87033a5f79c8b8e2cb1b5ecf700f9e44dda,0xbddc2a7690BF600E347d5eb4A9C28f9F24E55d4f-1774968947489,Equal-Sun
1784210578,2026-07-16T14:02:58+00:00,MAKER,SELL,23.65,0.995,23.53175,89785684430423954259689239371889774578128090910490703354768352851465128916982,0xe9297860f15f8463e886977616c1f27045fbe78a8a6ffd8875ae8128c9016ba8,Will the highest temperature in Tel Aviv be 32°C on July 16?,highest-temperature-in-tel-aviv-on-july-16-2026-32c,highest-temperature-in-tel-aviv-on-july-16-2026,Yes,0,0x52f50face148149840ac947d4ecc5d6432a96c895e71fb8b3c800d469fe5b494,0xbddc2a7690BF600E347d5eb4A9C28f9F24E55d4f-1774968947489,Equal-Sun
1784210713,2026-07-16T14:05:13+00:00,TAKER,BUY,259.280511,0.3856826671,99.99999900953088,20234387156489808000212842404772169926193105244606845231235182938805045970240,0x615eb586894a95ba29f3c0483438ef8b744eb6af61a4fac9f82b36514e636706,Will the highest temperature in Ankara be 30°C on July 17?,highest-temperature-in-ankara-on-july-17-2026-30c,highest-temperature-in-ankara-on-july-17-2026,Yes,0,0x66954fd34b865ba47dceeef5130007f5b0ff967993743d5a1a4116d94d55f1e5,0xbddc2a7690BF600E347d5eb4A9C28f9F24E55d4f-1774968947489,Equal-Sun
1784211244,2026-07-16T14:14:04+00:00,TAKER,BUY,40,0.34,13.600000000000001,104019128356393842521633156597027787642905939851148028634849278285996618035406,0x29d596aa62c9ff943dd4f4f1d4bbf25fcca2f3846e075093642160813aeba435,Will the highest temperature in Chicago be between 90-91°F on July 17?,highest-temperature-in-chicago-on-july-17-2026-90-91f,highest-temperature-in-chicago-on-july-17-2026,Yes,0,0x82e5823dbb398e9858c98423677ac470969a17f5b80a4420d2555baa72b7819b,0xbddc2a7690BF600E347d5eb4A9C28f9F24E55d4f-1774968947489,Equal-Sun
1784212211,2026-07-16T14:30:11+00:00,MAKER,BUY,6.666664,0.340000036,2.266665999999904,104019128356393842521633156597027787642905939851148028634849278285996618035406,0x29d596aa62c9ff943dd4f4f1d4bbf25fcca2f3846e075093642160813aeba435,Will the highest temperature in Chicago be between 90-91°F on July 17?,highest-temperature-in-chicago-on-july-17-2026-90-91f,highest-temperature-in-chicago-on-july-17-2026,Yes,0,0xef2eab33e3a6e164b2278cc3d3429b7ad1b57ae22aa54f7817da505997c7c889,0xbddc2a7690BF600E347d5eb4A9C28f9F24E55d4f-1774968947489,Equal-Sun
1784212220,2026-07-16T14:30:20+00:00,MAKER,BUY,5,0.34,1.7000000000000002,104019128356393842521633156597027787642905939851148028634849278285996618035406,0x29d596aa62c9ff943dd4f4f1d4bbf25fcca2f3846e075093642160813aeba435,Will the highest temperature in Chicago be between 90-91°F on July 17?,highest-temperature-in-chicago-on-july-17-2026-90-91f,highest-temperature-in-chicago-on-july-17-2026,Yes,0,0x80bb7e6bc4f9adb6da8a121c7dfc18c8b9ca58f536c856868f33975f23488547,0xbddc2a7690BF600E347d5eb4A9C28f9F24E55d4f-1774968947489,Equal-Sun
1784213468,2026-07-16T14:51:08+00:00,TAKER,BUY,297.42,0.2123150091,63.146730006522006,42675628701023455663522056323855841870463950706769401079082796758539425808286,0xb85a7f1b48527959d957806b3e8b2442719984776eca9da507d30fc05aab3937,Will the highest temperature in Miami be between 96-97°F on July 16?,highest-temperature-in-miami-on-july-16-2026-96-97f,highest-temperature-in-miami-on-july-16-2026,Yes,0,0x8c3f04c1ec138b250b0efaefa5cd8be06a0326a005ed31d25ba56d7c99889f6f,0xbddc2a7690BF600E347d5eb4A9C28f9F24E55d4f-1774968947489,Equal-Sun
1784214235,2026-07-16T15:03:55+00:00,MAKER,BUY,9.3,0.34,3.1620000000000004,104019128356393842521633156597027787642905939851148028634849278285996618035406,0x29d596aa62c9ff943dd4f4f1d4bbf25fcca2f3846e075093642160813aeba435,Will the highest temperature in Chicago be between 90-91°F on July 17?,highest-temperature-in-chicago-on-july-17-2026-90-91f,highest-temperature-in-chicago-on-july-17-2026,Yes,0,0x40ed68f11e19251811d42cc4b1fa1766d71cee5641146712a1be1b7b4eb0440c,0xbddc2a7690BF600E347d5eb4A9C28f9F24E55d4f-1774968947489,Equal-Sun
1784214374,2026-07-16T15:06:14+00:00,TAKER,BUY,75.89,0.2490552115,18.900800000735,42675628701023455663522056323855841870463950706769401079082796758539425808286,0xb85a7f1b48527959d957806b3e8b2442719984776eca9da507d30fc05aab3937,Will the highest temperature in Miami be between 96-97°F on July 16?,highest-temperature-in-miami-on-july-16-2026-96-97f,highest-temperature-in-miami-on-july-16-2026,Yes,0,0x263e243110a567ceec3ddce792ce6e0f3a3e66e340536a284d473c737d50a6a7,0xbddc2a7690BF600E347d5eb4A9C28f9F24E55d4f-1774968947489,Equal-Sun
1784218450,2026-07-16T16:14:10+00:00,TAKER,BUY,161.78,0.44,71.1832,48649816492827427219381838102703727986238935806397087373112528061396207329296,0x2bca798801c7dba27bfd3517b8b4638a464a8ab8202fb55383504317667a1eee,Will the highest temperature in Mexico City be 24°C on July 17?,highest-temperature-in-mexico-city-on-july-17-2026-24c,highest-temperature-in-mexico-city-on-july-17-2026,Yes,0,0xcd1e372b222b920427fcc7c8513e6161e2d68798593d1d75cc23a04d5860a8b0,0xbddc2a7690BF600E347d5eb4A9C28f9F24E55d4f-1774968947489,Equal-Sun
1784218492,2026-07-16T16:14:52+00:00,TAKER,BUY,38,0.5,19.0,78463043936379448001218148344987221684539232060665353644187692737062767330037,0x7db4da449e83020e722adbfc1ad87dfca9c24af6458eced800ef162694989410,Will the highest temperature in Mexico City be 25°C on July 16?,highest-temperature-in-mexico-city-on-july-16-2026-25c,highest-temperature-in-mexico-city-on-july-16-2026,Yes,0,0x2afc667f67e3c9148603c0ba3fb2e8043d91ff79342df69317d1500d03a369c7,0xbddc2a7690BF600E347d5eb4A9C28f9F24E55d4f-1774968947489,Equal-Sun
1784221490,2026-07-16T17:04:50+00:00,MAKER,SELL,10,0.99,9.9,34990312772158500776638733414756351496948206774800698252092743072703684213696,0x36e8a2f88bc72d087ffa47f0ef90bfbf6b791ef9fc24bbab1adc4df0d6d87ab2,Will the highest temperature in Madrid be 35°C on July 16?,highest-temperature-in-madrid-on-july-16-2026-35c,highest-temperature-in-madrid-on-july-16-2026,Yes,0,0xd28fae94ae557a6638462c332044d5e0b63a855c525de94b5668bdca088a398a,0xbddc2a7690BF600E347d5eb4A9C28f9F24E55d4f-1774968947489,Equal-Sun
1784221492,2026-07-16T17:04:52+00:00,MAKER,SELL,26,0.99,25.74,34990312772158500776638733414756351496948206774800698252092743072703684213696,0x36e8a2f88bc72d087ffa47f0ef90bfbf6b791ef9fc24bbab1adc4df0d6d87ab2,Will the highest temperature in Madrid be 35°C on July 16?,highest-temperature-in-madrid-on-july-16-2026-35c,highest-temperature-in-madrid-on-july-16-2026,Yes,0,0x72ad6004057780f4b27f7ec785bc44318ce3325d0a0497514b6e634807d05917,0xbddc2a7690BF600E347d5eb4A9C28f9F24E55d4f-1774968947489,Equal-Sun
1784221493,2026-07-16T17:04:53+00:00,MAKER,SELL,25,0.99,24.75,34990312772158500776638733414756351496948206774800698252092743072703684213696,0x36e8a2f88bc72d087ffa47f0ef90bfbf6b791ef9fc24bbab1adc4df0d6d87ab2,Will the highest temperature in Madrid be 35°C on July 16?,highest-temperature-in-madrid-on-july-16-2026-35c,highest-temperature-in-madrid-on-july-16-2026,Yes,0,0x3ae210690d014a431081b734cc1d95e79049839b6236cb9528ab4f41e6ac0972,0xbddc2a7690BF600E347d5eb4A9C28f9F24E55d4f-1774968947489,Equal-Sun
1784221520,2026-07-16T17:05:20+00:00,MAKER,SELL,50.51,0.99,50.0049,34990312772158500776638733414756351496948206774800698252092743072703684213696,0x36e8a2f88bc72d087ffa47f0ef90bfbf6b791ef9fc24bbab1adc4df0d6d87ab2,Will the highest temperature in Madrid be 35°C on July 16?,highest-temperature-in-madrid-on-july-16-2026-35c,highest-temperature-in-madrid-on-july-16-2026,Yes,0,0x74886f88ac6331746df30f4c11fb155ae70d4dd712659cd93d2fba10749d09ad,0xbddc2a7690BF600E347d5eb4A9C28f9F24E55d4f-1774968947489,Equal-Sun
1784221610,2026-07-16T17:06:50+00:00,MAKER,SELL,5,0.99,4.95,34990312772158500776638733414756351496948206774800698252092743072703684213696,0x36e8a2f88bc72d087ffa47f0ef90bfbf6b791ef9fc24bbab1adc4df0d6d87ab2,Will the highest temperature in Madrid be 35°C on July 16?,highest-temperature-in-madrid-on-july-16-2026-35c,highest-temperature-in-madrid-on-july-16-2026,Yes,0,0x279db105d83effa992b332b9e02646534f206e83adbb64fef9d94505839fd380,0xbddc2a7690BF600E347d5eb4A9C28f9F24E55d4f-1774968947489,Equal-Sun
1784221612,2026-07-16T17:06:52+00:00,MAKER,SELL,50,0.99,49.5,34990312772158500776638733414756351496948206774800698252092743072703684213696,0x36e8a2f88bc72d087ffa47f0ef90bfbf6b791ef9fc24bbab1adc4df0d6d87ab2,Will the highest temperature in Madrid be 35°C on July 16?,highest-temperature-in-madrid-on-july-16-2026-35c,highest-temperature-in-madrid-on-july-16-2026,Yes,0,0xc81e46ead40b404523702dcf1f5e30b623bd9c8513f073ca9b5fe314c42e2558,0xbddc2a7690BF600E347d5eb4A9C28f9F24E55d4f-1774968947489,Equal-Sun
1784221639,2026-07-16T17:07:19+00:00,TAKER,BUY,67.743937,0.2649683469,17.949998999387745,42675628701023455663522056323855841870463950706769401079082796758539425808286,0xb85a7f1b48527959d957806b3e8b2442719984776eca9da507d30fc05aab3937,Will the highest temperature in Miami be between 96-97°F on July 16?,highest-temperature-in-miami-on-july-16-2026-96-97f,highest-temperature-in-miami-on-july-16-2026,Yes,0,0x6a789681c50849b9a604c9d87a4375b972b85d81a2e992603ca5038658a44a62,0xbddc2a7690BF600E347d5eb4A9C28f9F24E55d4f-1774968947489,Equal-Sun
1784221697,2026-07-16T17:08:17+00:00,MAKER,SELL,30.030302,0.9899999674,29.729998001012152,34990312772158500776638733414756351496948206774800698252092743072703684213696,0x36e8a2f88bc72d087ffa47f0ef90bfbf6b791ef9fc24bbab1adc4df0d6d87ab2,Will the highest temperature in Madrid be 35°C on July 16?,highest-temperature-in-madrid-on-july-16-2026-35c,highest-temperature-in-madrid-on-july-16-2026,Yes,0,0xcd85c4ab405ee56e42fbacca4a21fa259d0af43c0585d7e5d783d1d8c288eca9,0xbddc2a7690BF600E347d5eb4A9C28f9F24E55d4f-1774968947489,Equal-Sun
1784221699,2026-07-16T17:08:19+00:00,MAKER,SELL,30.030302,0.9899999674,29.729998001012152,34990312772158500776638733414756351496948206774800698252092743072703684213696,0x36e8a2f88bc72d087ffa47f0ef90bfbf6b791ef9fc24bbab1adc4df0d6d87ab2,Will the highest temperature in Madrid be 35°C on July 16?,highest-temperature-in-madrid-on-july-16-2026-35c,highest-temperature-in-madrid-on-july-16-2026,Yes,0,0xe1b2cb75f5aa9fde6b3fe9ba630a6efb06cf3d184c64289b9a86d568563988dd,0xbddc2a7690BF600E347d5eb4A9C28f9F24E55d4f-1774968947489,Equal-Sun
1784221829,2026-07-16T17:10:29+00:00,MAKER,SELL,101,0.99,99.99,34990312772158500776638733414756351496948206774800698252092743072703684213696,0x36e8a2f88bc72d087ffa47f0ef90bfbf6b791ef9fc24bbab1adc4df0d6d87ab2,Will the highest temperature in Madrid be 35°C on July 16?,highest-temperature-in-madrid-on-july-16-2026-35c,highest-temperature-in-madrid-on-july-16-2026,Yes,0,0xe4c56c3d0d8b8477b687563d395841260b963683b563fde758a3cc3b40a6fcd3,0xbddc2a7690BF600E347d5eb4A9C28f9F24E55d4f-1774968947489,Equal-Sun
1784221838,2026-07-16T17:10:38+00:00,MAKER,SELL,10,0.99,9.9,34990312772158500776638733414756351496948206774800698252092743072703684213696,0x36e8a2f88bc72d087ffa47f0ef90bfbf6b791ef9fc24bbab1adc4df0d6d87ab2,Will the highest temperature in Madrid be 35°C on July 16?,highest-temperature-in-madrid-on-july-16-2026-35c,highest-temperature-in-madrid-on-july-16-2026,Yes,0,0x7ab3f7968560922ee1dfbdecbae662339d51ae3caf31cf813397bba80e235099,0xbddc2a7690BF600E347d5eb4A9C28f9F24E55d4f-1774968947489,Equal-Sun
1784221907,2026-07-16T17:11:47+00:00,MAKER,SELL,5,0.99,4.95,34990312772158500776638733414756351496948206774800698252092743072703684213696,0x36e8a2f88bc72d087ffa47f0ef90bfbf6b791ef9fc24bbab1adc4df0d6d87ab2,Will the highest temperature in Madrid be 35°C on July 16?,highest-temperature-in-madrid-on-july-16-2026-35c,highest-temperature-in-madrid-on-july-16-2026,Yes,0,0xdb048623ab1ba8849eb9c07d0b87a027577cea287193f759a5305464c7465550,0xbddc2a7690BF600E347d5eb4A9C28f9F24E55d4f-1774968947489,Equal-Sun
1784221907,2026-07-16T17:11:47+00:00,MAKER,SELL,64.19,0.99,63.5481,34990312772158500776638733414756351496948206774800698252092743072703684213696,0x36e8a2f88bc72d087ffa47f0ef90bfbf6b791ef9fc24bbab1adc4df0d6d87ab2,Will the highest temperature in Madrid be 35°C on July 16?,highest-temperature-in-madrid-on-july-16-2026-35c,highest-temperature-in-madrid-on-july-16-2026,Yes,0,0x55e4a09b996a6cc94abe63fb25215fa7bc1dcff7e3c05baf6c397202396dabae,0xbddc2a7690BF600E347d5eb4A9C28f9F24E55d4f-1774968947489,Equal-Sun
1784221949,2026-07-16T17:12:29+00:00,MAKER,SELL,2.020201,0.9899995099,1.99999799989949,34990312772158500776638733414756351496948206774800698252092743072703684213696,0x36e8a2f88bc72d087ffa47f0ef90bfbf6b791ef9fc24bbab1adc4df0d6d87ab2,Will the highest temperature in Madrid be 35°C on July 16?,highest-temperature-in-madrid-on-july-16-2026-35c,highest-temperature-in-madrid-on-july-16-2026,Yes,0,0x3893345b1439c9fb034b0ab391e6c7bb5f7c6f208278157856bba5552028d5fd,0xbddc2a7690BF600E347d5eb4A9C28f9F24E55d4f-1774968947489,Equal-Sun
1784222932,2026-07-16T17:28:52+00:00,MAKER,SELL,142.51,0.99,141.08489999999998,34990312772158500776638733414756351496948206774800698252092743072703684213696,0x36e8a2f88bc72d087ffa47f0ef90bfbf6b791ef9fc24bbab1adc4df0d6d87ab2,Will the highest temperature in Madrid be 35°C on July 16?,highest-temperature-in-madrid-on-july-16-2026-35c,highest-temperature-in-madrid-on-july-16-2026,Yes,0,0x7ddd174748b34d0ea6e02f14eaa8201af78a695b7a32766fa13919fde5d46a21,0xbddc2a7690BF600E347d5eb4A9C28f9F24E55d4f-1774968947489,Equal-Sun
1784236090,2026-07-16T21:08:10+00:00,TAKER,BUY,208.4375,0.4797601199,99.99999999165625,64625948121284578377565713453740198718956108560244197097265265606343103750048,0xdb91aedccdb46504d57d4395a5e7ca9d2ff04445bc61355eb36d6bcba0bf0adf,Will the highest temperature in Istanbul be 28°C on July 18?,highest-temperature-in-istanbul-on-july-18-2026-28c,highest-temperature-in-istanbul-on-july-18-2026,Yes,0,0x9b66100184abe3c54f07f1aff30adb8d8966dd4950a7f82acb91cccf2ea9ae7e,0xbddc2a7690BF600E347d5eb4A9C28f9F24E55d4f-1774968947489,Equal-Sun
1784240113,2026-07-16T22:15:13+00:00,MAKER,SELL,465.58,0.99,460.9242,78463043936379448001218148344987221684539232060665353644187692737062767330037,0x7db4da449e83020e722adbfc1ad87dfca9c24af6458eced800ef162694989410,Will the highest temperature in Mexico City be 25°C on July 16?,highest-temperature-in-mexico-city-on-july-16-2026-25c,highest-temperature-in-mexico-city-on-july-16-2026,Yes,0,0xf762a8d08676397c921b950488b1480216210084dfb93fd44bd5ab90ebbc1327,0xbddc2a7690BF600E347d5eb4A9C28f9F24E55d4f-1774968947489,Equal-Sun
1784243528,2026-07-16T23:12:08+00:00,TAKER,SELL,441.05,0.999,440.60895,42675628701023455663522056323855841870463950706769401079082796758539425808286,0xb85a7f1b48527959d957806b3e8b2442719984776eca9da507d30fc05aab3937,Will the highest temperature in Miami be between 96-97°F on July 16?,highest-temperature-in-miami-on-july-16-2026-96-97f,highest-temperature-in-miami-on-july-16-2026,Yes,0,0x3c5524e1705b7b778d3c9e7ec2be26c64618ed87189eb2ca09c5a773158ed502,0xbddc2a7690BF600E347d5eb4A9C28f9F24E55d4f-1774968947489,Equal-Sun
1784255817,2026-07-17T02:36:57+00:00,TAKER,BUY,287.333332,0.1740139184,49.9999989882481,70320871767286147892086374738360573754187897264121634626746045377923342307449,0x8cc6cc9903396853a1245d5bee011f8b27b40484d6ebcf53becf097d32045c1e,Will the highest temperature in Dallas be between 90-91°F on July 17?,highest-temperature-in-dallas-on-july-17-2026-90-91f,highest-temperature-in-dallas-on-july-17-2026,Yes,0,0xa948674b34af15a94708490c6cd10f51197503ed8c28d7ee0ca02bef48dd7541,0xbddc2a7690BF600E347d5eb4A9C28f9F24E55d4f-1774968947489,Equal-Sun
1784255977,2026-07-17T02:39:37+00:00,TAKER,BUY,151.51515,0.66,99.999999,9798888091501819304117819328791325803755773808230702628636268086693917507688,0xc24557f8ab21212215b4a7fd4de6ac6f7c4c4d07b7e040ab67acfb81cc399b17,Will the highest temperature in Tel Aviv be 32°C on July 17?,highest-temperature-in-tel-aviv-on-july-17-2026-32c,highest-temperature-in-tel-aviv-on-july-17-2026,Yes,0,0xe887736482ed20c8b9a1609b72a84fa0646fbc7007aee66b21208686378aade0,0xbddc2a7690BF600E347d5eb4A9C28f9F24E55d4f-1774968947489,Equal-Sun
1784259612,2026-07-17T03:40:12+00:00,TAKER,BUY,454.545453,0.4399999993,199.9999990018182,96850323618460337784013871114266101583331473268275826237653297953292528301220,0xc588c01c2dde404a949699f0872e36bff93a9cf6ab577c2f65837d1e2892d2e6,Will the highest temperature in Madrid be 36°C on July 18?,highest-temperature-in-madrid-on-july-18-2026-36c,highest-temperature-in-madrid-on-july-18-2026,Yes,0,0xd8a723f8132ed2019f38e0c90c44e5c2e9b605049a31607711ed2f8019885b21,0xbddc2a7690BF600E347d5eb4A9C28f9F24E55d4f-1774968947489,Equal-Sun
1784265118,2026-07-17T05:11:58+00:00,TAKER,BUY,243.902438,0.4099999976,99.99999899463414,98490069469253595246371467153026041713458330861498115958625232408811086378815,0xc7290cd9b502b614a9e26ba0ee646aeb72caf0fd774d1bedabdfebad37575f82,Will the highest temperature in Mexico City be 24°C on July 18?,highest-temperature-in-mexico-city-on-july-18-2026-24c,highest-temperature-in-mexico-city-on-july-18-2026,Yes,0,0x86d0e6eec231dab5519ccc6f8f3ce14c8b5b6ba7a5157153b015fefa80390d69,0xbddc2a7690BF600E347d5eb4A9C28f9F24E55d4f-1774968947489,Equal-Sun
1784268222,2026-07-17T06:03:42+00:00,TAKER,BUY,217.391303,0.4599999983,99.99999901043478,98490069469253595246371467153026041713458330861498115958625232408811086378815,0xc7290cd9b502b614a9e26ba0ee646aeb72caf0fd774d1bedabdfebad37575f82,Will the highest temperature in Mexico City be 24°C on July 18?,highest-temperature-in-mexico-city-on-july-18-2026-24c,highest-temperature-in-mexico-city-on-july-18-2026,Yes,0,0x796908421250fc1f7de88d65205fc70b65acacb87a3fd4cb303f0697e50ecb18,0xbddc2a7690BF600E347d5eb4A9C28f9F24E55d4f-1774968947489,Equal-Sun
1784268276,2026-07-17T06:04:36+00:00,TAKER,BUY,102,0.4,40.800000000000004,48649816492827427219381838102703727986238935806397087373112528061396207329296,0x2bca798801c7dba27bfd3517b8b4638a464a8ab8202fb55383504317667a1eee,Will the highest temperature in Mexico City be 24°C on July 17?,highest-temperature-in-mexico-city-on-july-17-2026-24c,highest-temperature-in-mexico-city-on-july-17-2026,Yes,0,0xecfda8336a7b08219ff8d41366a358b8a3cb3b082d145a7c6175f81bc782d61d,0xbddc2a7690BF600E347d5eb4A9C28f9F24E55d4f-1774968947489,Equal-Sun
1784268300,2026-07-17T06:05:00+00:00,TAKER,SELL,38,0.999,37.962,78463043936379448001218148344987221684539232060665353644187692737062767330037,0x7db4da449e83020e722adbfc1ad87dfca9c24af6458eced800ef162694989410,Will the highest temperature in Mexico City be 25°C on July 16?,highest-temperature-in-mexico-city-on-july-16-2026-25c,highest-temperature-in-mexico-city-on-july-16-2026,Yes,0,0xc9168bbf496f29f9590b5c56ab21320c6a67b5106736e416a4193c82b5304542,0xbddc2a7690BF600E347d5eb4A9C28f9F24E55d4f-1774968947489,Equal-Sun
1784277850,2026-07-17T08:44:10+00:00,TAKER,BUY,295.993822,0.3378448858,99.99999899109554,49357834091476083250577358209540763855505047236589819390663659871733640638318,0xe201e5c610d27b630e3e0586f2c2c44769a0f0de96f36fb2a6059b8b5afb45e9,Will the highest temperature in Dallas be between 94-95°F on July 18?,highest-temperature-in-dallas-on-july-18-2026-94-95f,highest-temperature-in-dallas-on-july-18-2026,Yes,0,0xd12b78c336d46c13da259489fd9610c6265e12d6aa9e7178c40b612fe203deae,0xbddc2a7690BF600E347d5eb4A9C28f9F24E55d4f-1774968947489,Equal-Sun
1784280573,2026-07-17T09:29:33+00:00,TAKER,BUY,181.31,0.2833566819,51.375399995289,34346344369232053856625600243385041649829955449229188946300591896191770327104,0xa44ed013f95e5b4f8d0316e7c4ff36672c10e97267e6c67386fdd9b0b569d247,Will the highest temperature in Madrid be 34°C on July 17?,highest-temperature-in-madrid-on-july-17-2026-34c,highest-temperature-in-madrid-on-july-17-2026,Yes,0,0x9b3fa45a89fd67e4272e15b2e13f95a0f5908cd539eb4b965279e6154cd7d3ce,0xbddc2a7690BF600E347d5eb4A9C28f9F24E55d4f-1774968947489,Equal-Sun
1784281498,2026-07-17T09:44:58+00:00,TAKER,BUY,274.37,0.3552440136,97.468300011432,34346344369232053856625600243385041649829955449229188946300591896191770327104,0xa44ed013f95e5b4f8d0316e7c4ff36672c10e97267e6c67386fdd9b0b569d247,Will the highest temperature in Madrid be 34°C on July 17?,highest-temperature-in-madrid-on-july-17-2026-34c,highest-temperature-in-madrid-on-july-17-2026,Yes,0,0xa4afe90f444919182161403348246665080bf3a2c43d8f858b4dcdc349b958c7,0xbddc2a7690BF600E347d5eb4A9C28f9F24E55d4f-1774968947489,Equal-Sun
1784282409,2026-07-17T10:00:09+00:00,TAKER,BUY,143.05,0.3937783992,56.33000000556001,34346344369232053856625600243385041649829955449229188946300591896191770327104,0xa44ed013f95e5b4f8d0316e7c4ff36672c10e97267e6c67386fdd9b0b569d247,Will the highest temperature in Madrid be 34°C on July 17?,highest-temperature-in-madrid-on-july-17-2026-34c,highest-temperature-in-madrid-on-july-17-2026,Yes,0,0x816a34f0d2047f9eaeee3166858f45375bbe8a5e09e4c9bd0850ed307b9a5c7b,0xbddc2a7690BF600E347d5eb4A9C28f9F24E55d4f-1774968947489,Equal-Sun
1784283061,2026-07-17T10:11:01+00:00,MAKER,SELL,1.38,0.4,0.5519999999999999,48649816492827427219381838102703727986238935806397087373112528061396207329296,0x2bca798801c7dba27bfd3517b8b4638a464a8ab8202fb55383504317667a1eee,Will the highest temperature in Mexico City be 24°C on July 17?,highest-temperature-in-mexico-city-on-july-17-2026-24c,highest-temperature-in-mexico-city-on-july-17-2026,Yes,0,0x8988ce44ce9f654487b79c8f23e9302c47cc4e0a1298c5cb56b79a794851ade8,0xbddc2a7690BF600E347d5eb4A9C28f9F24E55d4f-1774968947489,Equal-Sun
1784283075,2026-07-17T10:11:15+00:00,MAKER,SELL,2.825,0.4,1.1300000000000001,48649816492827427219381838102703727986238935806397087373112528061396207329296,0x2bca798801c7dba27bfd3517b8b4638a464a8ab8202fb55383504317667a1eee,Will the highest temperature in Mexico City be 24°C on July 17?,highest-temperature-in-mexico-city-on-july-17-2026-24c,highest-temperature-in-mexico-city-on-july-17-2026,Yes,0,0x533ae06d2795002c2a0147c80c12edf29e1dd62ebd373f2d7d4692b71bd4c321,0xbddc2a7690BF600E347d5eb4A9C28f9F24E55d4f-1774968947489,Equal-Sun
1784283319,2026-07-17T10:15:19+00:00,TAKER,BUY,208.92,0.4297826919,89.790199991748,34346344369232053856625600243385041649829955449229188946300591896191770327104,0xa44ed013f95e5b4f8d0316e7c4ff36672c10e97267e6c67386fdd9b0b569d247,Will the highest temperature in Madrid be 34°C on July 17?,highest-temperature-in-madrid-on-july-17-2026-34c,highest-temperature-in-madrid-on-july-17-2026,Yes,0,0xe39ff9b78a954cb771823732da56f9cfcf54ac270936b67027810feb7f116c9a,0xbddc2a7690BF600E347d5eb4A9C28f9F24E55d4f-1774968947489,Equal-Sun
1784284357,2026-07-17T10:32:37+00:00,TAKER,SELL,661.09,0.0353612973,23.377000032056998,70320871767286147892086374738360573754187897264121634626746045377923342307449,0x8cc6cc9903396853a1245d5bee011f8b27b40484d6ebcf53becf097d32045c1e,Will the highest temperature in Dallas be between 90-91°F on July 17?,highest-temperature-in-dallas-on-july-17-2026-90-91f,highest-temperature-in-dallas-on-july-17-2026,Yes,0,0x97a0f4d901c37ba2cd97a96c5687ace9889f42a2477844377acb83d6c62a14ee,0xbddc2a7690BF600E347d5eb4A9C28f9F24E55d4f-1774968947489,Equal-Sun
1784285146,2026-07-17T10:45:46+00:00,TAKER,BUY,304.209544,0.657441566,199.99999899950592,109568078708724422071595013017673774618538227925997714905063777482671398665314,0x249b5455ff0d2424117983a6e0345e421dda6848d240f6932671b8415da67950,Will the highest temperature in Tel Aviv be 34°C on July 18?,highest-temperature-in-tel-aviv-on-july-18-2026-34c,highest-temperature-in-tel-aviv-on-july-18-2026,Yes,0,0x775388d3de6f37e07edea979c9a046671b7bef596708c2e89f6fa19996bcd9b6,0xbddc2a7690BF600E347d5eb4A9C28f9F24E55d4f-1774968947489,Equal-Sun
1784287018,2026-07-17T11:16:58+00:00,TAKER,BUY,13.092438,0.3849549641,5.039999000271476,34346344369232053856625600243385041649829955449229188946300591896191770327104,0xa44ed013f95e5b4f8d0316e7c4ff36672c10e97267e6c67386fdd9b0b569d247,Will the highest temperature in Madrid be 34°C on July 17?,highest-temperature-in-madrid-on-july-17-2026-34c,highest-temperature-in-madrid-on-july-17-2026,Yes,0,0xa70c7e2e5c5af2bb0bc47e94022792d49103b5a773c9c1c1955a659f46da587d,0xbddc2a7690BF600E347d5eb4A9C28f9F24E55d4f-1774968947489,Equal-Sun
1784290690,2026-07-17T12:18:10+00:00,TAKER,BUY,161.983868,0.6173454137,99.99999800318618,26704112134696514709198031021929664244836736855678832065064499996507738132191,0x77b61b3f82d30ed38a93232c9c2777aaf073f143e5d0d2e0383a858a2dd2f7a8,Will the highest temperature in Ankara be 30°C on July 18?,highest-temperature-in-ankara-on-july-18-2026-30c,highest-temperature-in-ankara-on-july-18-2026,Yes,0,0x3781ac0ecb88bf13edf5aeb7779ab6451091e8ea36641bae861ca0380425faa4,0xbddc2a7690BF600E347d5eb4A9C28f9F24E55d4f-1774968947489,Equal-Sun
1784293440,2026-07-17T13:04:00+00:00,TAKER,BUY,159.089694,0.6285762169,99.99999800229863,89977328302873003281523022835802855540984611586920566179444401276345763247847,0xb54571cd5abee3b69bfdfd7a2e1adca90e285d25ae3ff953d9bcbbd160a8679c,Will the highest temperature in London be 28°C on July 17?,highest-temperature-in-london-on-july-17-2026-28c,highest-temperature-in-london-on-july-17-2026,Yes,0,0x25858ca4f265d2c80246cf336a9d76dd3a76fbe59e9a2cfd2c1c4da362abb257,0xbddc2a7690BF600E347d5eb4A9C28f9F24E55d4f-1774968947489,Equal-Sun
1784294212,2026-07-17T13:16:52+00:00,MAKER,SELL,158.05,0.997,157.57585,9798888091501819304117819328791325803755773808230702628636268086693917507688,0xc24557f8ab21212215b4a7fd4de6ac6f7c4c4d07b7e040ab67acfb81cc399b17,Will the highest temperature in Tel Aviv be 32°C on July 17?,highest-temperature-in-tel-aviv-on-july-17-2026-32c,highest-temperature-in-tel-aviv-on-july-17-2026,Yes,0,0xaa3c73969a1d2496625e0aa5173f99aad7e942c92015e8017f4ef5b020095080,0xbddc2a7690BF600E347d5eb4A9C28f9F24E55d4f-1774968947489,Equal-Sun
1784294230,2026-07-17T13:17:10+00:00,TAKER,SELL,54.36,0.39,21.200400000000002,103885971565521547439945692734675245586997184860715269766134132546602399422126,0x8e8d642f881f5add0c489cb34963fec52c88bf39684881dc71edef3889df4c68,Will the highest temperature in Madrid be 35°C on July 17?,highest-temperature-in-madrid-on-july-17-2026-35c,highest-temperature-in-madrid-on-july-17-2026,Yes,0,0xdc4b144fd4184c547bc305b432aa5b13af03b3be07c96b9bd76685d9bdd7af3a,0xbddc2a7690BF600E347d5eb4A9C28f9F24E55d4f-1774968947489,Equal-Sun
1784294232,2026-07-17T13:17:12+00:00,MAKER,SELL,12.82,0.39,4.9998000000000005,103885971565521547439945692734675245586997184860715269766134132546602399422126,0x8e8d642f881f5add0c489cb34963fec52c88bf39684881dc71edef3889df4c68,Will the highest temperature in Madrid be 35°C on July 17?,highest-temperature-in-madrid-on-july-17-2026-35c,highest-temperature-in-madrid-on-july-17-2026,Yes,0,0x0a7fefd58f5775b0e32f8b935fa6c3e0fe780179de94e3091c722d0ed2dc9aef,0xbddc2a7690BF600E347d5eb4A9C28f9F24E55d4f-1774968947489,Equal-Sun
1784294482,2026-07-17T13:21:22+00:00,MAKER,SELL,5.015044,0.9969998269,4.999997999895883,9798888091501819304117819328791325803755773808230702628636268086693917507688,0xc24557f8ab21212215b4a7fd4de6ac6f7c4c4d07b7e040ab67acfb81cc399b17,Will the highest temperature in Tel Aviv be 32°C on July 17?,highest-temperature-in-tel-aviv-on-july-17-2026-32c,highest-temperature-in-tel-aviv-on-july-17-2026,Yes,0,0x019b2c85efb140e54b45a02ccde82f7228a2547edba4105c29a5e3d0bd0bf347,0xbddc2a7690BF600E347d5eb4A9C28f9F24E55d4f-1774968947489,Equal-Sun
1784294551,2026-07-17T13:22:31+00:00,MAKER,SELL,100,0.997,99.7,9798888091501819304117819328791325803755773808230702628636268086693917507688,0xc24557f8ab21212215b4a7fd4de6ac6f7c4c4d07b7e040ab67acfb81cc399b17,Will the highest temperature in Tel Aviv be 32°C on July 17?,highest-temperature-in-tel-aviv-on-july-17-2026-32c,highest-temperature-in-tel-aviv-on-july-17-2026,Yes,0,0x08618fb46308df7a70e7fecce1931c7f1dfd1004151ec9b222c3788d4ce5062f,0xbddc2a7690BF600E347d5eb4A9C28f9F24E55d4f-1774968947489,Equal-Sun
1784294746,2026-07-17T13:25:46+00:00,MAKER,SELL,30.030089,0.9969999756,29.939998000265827,9798888091501819304117819328791325803755773808230702628636268086693917507688,0xc24557f8ab21212215b4a7fd4de6ac6f7c4c4d07b7e040ab67acfb81cc399b17,Will the highest temperature in Tel Aviv be 32°C on July 17?,highest-temperature-in-tel-aviv-on-july-17-2026-32c,highest-temperature-in-tel-aviv-on-july-17-2026,Yes,0,0x2e9203c6fb3051554def049cf1ee18b1ce7946932f92970ce8758251160451b3,0xbddc2a7690BF600E347d5eb4A9C28f9F24E55d4f-1774968947489,Equal-Sun
1784294947,2026-07-17T13:29:07+00:00,MAKER,SELL,25.641024,0.389999986,9.999999001025666,103885971565521547439945692734675245586997184860715269766134132546602399422126,0x8e8d642f881f5add0c489cb34963fec52c88bf39684881dc71edef3889df4c68,Will the highest temperature in Madrid be 35°C on July 17?,highest-temperature-in-madrid-on-july-17-2026-35c,highest-temperature-in-madrid-on-july-17-2026,Yes,0,0x3e30dea6e071ed92b66a5e4a36a61873ab437508b4899fe6a115f25d820bc2dc,0xbddc2a7690BF600E347d5eb4A9C28f9F24E55d4f-1774968947489,Equal-Sun
1784294991,2026-07-17T13:29:51+00:00,MAKER,SELL,10,0.997,9.97,9798888091501819304117819328791325803755773808230702628636268086693917507688,0xc24557f8ab21212215b4a7fd4de6ac6f7c4c4d07b7e040ab67acfb81cc399b17,Will the highest temperature in Tel Aviv be 32°C on July 17?,highest-temperature-in-tel-aviv-on-july-17-2026-32c,highest-temperature-in-tel-aviv-on-july-17-2026,Yes,0,0x13b52955d25fc27e72488e66ba39cac46fa4d26b4b286c613c886437deddcd73,0xbddc2a7690BF600E347d5eb4A9C28f9F24E55d4f-1774968947489,Equal-Sun
1784295031,2026-07-17T13:30:31+00:00,MAKER,SELL,1.01,0.997,1.00697,9798888091501819304117819328791325803755773808230702628636268086693917507688,0xc24557f8ab21212215b4a7fd4de6ac6f7c4c4d07b7e040ab67acfb81cc399b17,Will the highest temperature in Tel Aviv be 32°C on July 17?,highest-temperature-in-tel-aviv-on-july-17-2026-32c,highest-temperature-in-tel-aviv-on-july-17-2026,Yes,0,0x96cbb620cc3b5c71eb84e334ec4f7d4354314188852189c5566cbd4bef62e126,0xbddc2a7690BF600E347d5eb4A9C28f9F24E55d4f-1774968947489,Equal-Sun
1784295337,2026-07-17T13:35:37+00:00,MAKER,SELL,160,0.997,159.52,9798888091501819304117819328791325803755773808230702628636268086693917507688,0xc24557f8ab21212215b4a7fd4de6ac6f7c4c4d07b7e040ab67acfb81cc399b17,Will the highest temperature in Tel Aviv be 32°C on July 17?,highest-temperature-in-tel-aviv-on-july-17-2026-32c,highest-temperature-in-tel-aviv-on-july-17-2026,Yes,0,0x78e954a66d11a25b74ec08697512d194e204020a9a8b831dd340d596b0c92128,0xbddc2a7690BF600E347d5eb4A9C28f9F24E55d4f-1774968947489,Equal-Sun
1784295339,2026-07-17T13:35:39+00:00,MAKER,SELL,4.95,0.997,4.93515,9798888091501819304117819328791325803755773808230702628636268086693917507688,0xc24557f8ab21212215b4a7fd4de6ac6f7c4c4d07b7e040ab67acfb81cc399b17,Will the highest temperature in Tel Aviv be 32°C on July 17?,highest-temperature-in-tel-aviv-on-july-17-2026-32c,highest-temperature-in-tel-aviv-on-july-17-2026,Yes,0,0xb75044ea2151e490e12bf83e9ba06a5300e40a140576f6f3b9e5b9707c73255a,0xbddc2a7690BF600E347d5eb4A9C28f9F24E55d4f-1774968947489,Equal-Sun
1784295499,2026-07-17T13:38:19+00:00,MAKER,SELL,30,0.39,11.700000000000001,103885971565521547439945692734675245586997184860715269766134132546602399422126,0x8e8d642f881f5add0c489cb34963fec52c88bf39684881dc71edef3889df4c68,Will the highest temperature in Madrid be 35°C on July 17?,highest-temperature-in-madrid-on-july-17-2026-35c,highest-temperature-in-madrid-on-july-17-2026,Yes,0,0x0f2737c961a38b5415fbf23e17472b1597c4448dd7e521915726c164640b7c6a,0xbddc2a7690BF600E347d5eb4A9C28f9F24E55d4f-1774968947489,Equal-Sun
1784295501,2026-07-17T13:38:21+00:00,MAKER,SELL,5.16,0.39,2.0124,103885971565521547439945692734675245586997184860715269766134132546602399422126,0x8e8d642f881f5add0c489cb34963fec52c88bf39684881dc71edef3889df4c68,Will the highest temperature in Madrid be 35°C on July 17?,highest-temperature-in-madrid-on-july-17-2026-35c,highest-temperature-in-madrid-on-july-17-2026,Yes,0,0x9f45f337a5c5f8aa9181ad7605a8d1d217341fcad1ed1ae8796d2c5161220b5d,0xbddc2a7690BF600E347d5eb4A9C28f9F24E55d4f-1774968947489,Equal-Sun
1784295507,2026-07-17T13:38:27+00:00,MAKER,SELL,25.641024,0.389999986,9.999999001025666,103885971565521547439945692734675245586997184860715269766134132546602399422126,0x8e8d642f881f5add0c489cb34963fec52c88bf39684881dc71edef3889df4c68,Will the highest temperature in Madrid be 35°C on July 17?,highest-temperature-in-madrid-on-july-17-2026-35c,highest-temperature-in-madrid-on-july-17-2026,Yes,0,0xe9c90f0578ed3714d8bfab1eb4ce2e236e067097be96bf43f505617304858da9,0xbddc2a7690BF600E347d5eb4A9C28f9F24E55d4f-1774968947489,Equal-Sun
1784295516,2026-07-17T13:38:36+00:00,MAKER,SELL,50,0.39,19.5,103885971565521547439945692734675245586997184860715269766134132546602399422126,0x8e8d642f881f5add0c489cb34963fec52c88bf39684881dc71edef3889df4c68,Will the highest temperature in Madrid be 35°C on July 17?,highest-temperature-in-madrid-on-july-17-2026-35c,highest-temperature-in-madrid-on-july-17-2026,Yes,0,0x39921b80c9f3058118983c1abf9099e2e96e3cbbbe46bfdbe6abb16d4e2c48ad,0xbddc2a7690BF600E347d5eb4A9C28f9F24E55d4f-1774968947489,Equal-Sun
1784295523,2026-07-17T13:38:43+00:00,MAKER,SELL,30,0.39,11.700000000000001,103885971565521547439945692734675245586997184860715269766134132546602399422126,0x8e8d642f881f5add0c489cb34963fec52c88bf39684881dc71edef3889df4c68,Will the highest temperature in Madrid be 35°C on July 17?,highest-temperature-in-madrid-on-july-17-2026-35c,highest-temperature-in-madrid-on-july-17-2026,Yes,0,0xcee885fd1739d63b433316d457a5c8209ac914b30170d0673117ca45e5e85daf,0xbddc2a7690BF600E347d5eb4A9C28f9F24E55d4f-1774968947489,Equal-Sun
1784295525,2026-07-17T13:38:45+00:00,MAKER,SELL,28,0.39,10.92,103885971565521547439945692734675245586997184860715269766134132546602399422126,0x8e8d642f881f5add0c489cb34963fec52c88bf39684881dc71edef3889df4c68,Will the highest temperature in Madrid be 35°C on July 17?,highest-temperature-in-madrid-on-july-17-2026-35c,highest-temperature-in-madrid-on-july-17-2026,Yes,0,0x292f443c2fbf06c1c8375c531b9d1908c3b022a1d0040135f63c2faf2d993a02,0xbddc2a7690BF600E347d5eb4A9C28f9F24E55d4f-1774968947489,Equal-Sun
1784295606,2026-07-17T13:40:06+00:00,MAKER,SELL,39.95,0.39,15.580500000000002,103885971565521547439945692734675245586997184860715269766134132546602399422126,0x8e8d642f881f5add0c489cb34963fec52c88bf39684881dc71edef3889df4c68,Will the highest temperature in Madrid be 35°C on July 17?,highest-temperature-in-madrid-on-july-17-2026-35c,highest-temperature-in-madrid-on-july-17-2026,Yes,0,0xf4b3ecc98b710d44c489a0a099cd4976462a676569c12e93e87888414e5331e6,0xbddc2a7690BF600E347d5eb4A9C28f9F24E55d4f-1774968947489,Equal-Sun
1784295607,2026-07-17T13:40:07+00:00,MAKER,SELL,15.78,0.39,6.1542,103885971565521547439945692734675245586997184860715269766134132546602399422126,0x8e8d642f881f5add0c489cb34963fec52c88bf39684881dc71edef3889df4c68,Will the highest temperature in Madrid be 35°C on July 17?,highest-temperature-in-madrid-on-july-17-2026-35c,highest-temperature-in-madrid-on-july-17-2026,Yes,0,0x3b2156e9783045b181a5c86a432b76f349cfef8914b464149eb8cb104223c9c6,0xbddc2a7690BF600E347d5eb4A9C28f9F24E55d4f-1774968947489,Equal-Sun
1784295675,2026-07-17T13:41:15+00:00,MAKER,SELL,33.34,0.39,13.002600000000001,103885971565521547439945692734675245586997184860715269766134132546602399422126,0x8e8d642f881f5add0c489cb34963fec52c88bf39684881dc71edef3889df4c68,Will the highest temperature in Madrid be 35°C on July 17?,highest-temperature-in-madrid-on-july-17-2026-35c,highest-temperature-in-madrid-on-july-17-2026,Yes,0,0xd67e1582c683427a3520c98eed4b53b5d47b151019fa038d612e337f672e3abe,0xbddc2a7690BF600E347d5eb4A9C28f9F24E55d4f-1774968947489,Equal-Sun
1784295807,2026-07-17T13:43:27+00:00,MAKER,SELL,199.36832,0.994999998,198.37147800126337,20234387156489808000212842404772169926193105244606845231235182938805045970240,0x615eb586894a95ba29f3c0483438ef8b744eb6af61a4fac9f82b36514e636706,Will the highest temperature in Ankara be 30°C on July 17?,highest-temperature-in-ankara-on-july-17-2026-30c,highest-temperature-in-ankara-on-july-17-2026,Yes,0,0x7e3fbb7075c375051f228fd09de5e937e7140cbd19afe45a71de709dc1b7e2b5,0xbddc2a7690BF600E347d5eb4A9C28f9F24E55d4f-1774968947489,Equal-Sun
1784296122,2026-07-17T13:48:42+00:00,MAKER,SELL,2.564101,0.3899998479,0.9999990000002378,103885971565521547439945692734675245586997184860715269766134132546602399422126,0x8e8d642f881f5add0c489cb34963fec52c88bf39684881dc71edef3889df4c68,Will the highest temperature in Madrid be 35°C on July 17?,highest-temperature-in-madrid-on-july-17-2026-35c,highest-temperature-in-madrid-on-july-17-2026,Yes,0,0x6c167fb89effee8da1f610f96d5123a0c11347bcbb7c1a47077361e8bbe892a7,0xbddc2a7690BF600E347d5eb4A9C28f9F24E55d4f-1774968947489,Equal-Sun
1784296126,2026-07-17T13:48:46+00:00,MAKER,SELL,28,0.39,10.92,103885971565521547439945692734675245586997184860715269766134132546602399422126,0x8e8d642f881f5add0c489cb34963fec52c88bf39684881dc71edef3889df4c68,Will the highest temperature in Madrid be 35°C on July 17?,highest-temperature-in-madrid-on-july-17-2026-35c,highest-temperature-in-madrid-on-july-17-2026,Yes,0,0x3ae8dbab59357baddc3311a697a90c5e93fca641fb1a550e2265197d7db3da81,0xbddc2a7690BF600E347d5eb4A9C28f9F24E55d4f-1774968947489,Equal-Sun
1784296129,2026-07-17T13:48:49+00:00,MAKER,SELL,37.89,0.39,14.7771,103885971565521547439945692734675245586997184860715269766134132546602399422126,0x8e8d642f881f5add0c489cb34963fec52c88bf39684881dc71edef3889df4c68,Will the highest temperature in Madrid be 35°C on July 17?,highest-temperature-in-madrid-on-july-17-2026-35c,highest-temperature-in-madrid-on-july-17-2026,Yes,0,0xf6790403820aed2fc0787bb70a2dc5503bebb647140614710be4120afd611543,0xbddc2a7690BF600E347d5eb4A9C28f9F24E55d4f-1774968947489,Equal-Sun
1784296224,2026-07-17T13:50:24+00:00,MAKER,SELL,1.306531,0.9949997359,1.299997999945163,20234387156489808000212842404772169926193105244606845231235182938805045970240,0x615eb586894a95ba29f3c0483438ef8b744eb6af61a4fac9f82b36514e636706,Will the highest temperature in Ankara be 30°C on July 17?,highest-temperature-in-ankara-on-july-17-2026-30c,highest-temperature-in-ankara-on-july-17-2026,Yes,0,0x2c69be539919c077bf90768bfb83d32f31a1b239a4c6ab2cb90a30d47a1244c8,0xbddc2a7690BF600E347d5eb4A9C28f9F24E55d4f-1774968947489,Equal-Sun
1784297382,2026-07-17T14:09:42+00:00,MAKER,SELL,50.251255,0.9949999856,49.99999800138193,20234387156489808000212842404772169926193105244606845231235182938805045970240,0x615eb586894a95ba29f3c0483438ef8b744eb6af61a4fac9f82b36514e636706,Will the highest temperature in Ankara be 30°C on July 17?,highest-temperature-in-ankara-on-july-17-2026-30c,highest-temperature-in-ankara-on-july-17-2026,Yes,0,0xae96857068fbc48c076209f2dc09f59e801454d9ea3ef88adfab69ba600915e5,0xbddc2a7690BF600E347d5eb4A9C28f9F24E55d4f-1774968947489,Equal-Sun
1784297442,2026-07-17T14:10:42+00:00,MAKER,SELL,8.34,0.995,8.2983,20234387156489808000212842404772169926193105244606845231235182938805045970240,0x615eb586894a95ba29f3c0483438ef8b744eb6af61a4fac9f82b36514e636706,Will the highest temperature in Ankara be 30°C on July 17?,highest-temperature-in-ankara-on-july-17-2026-30c,highest-temperature-in-ankara-on-july-17-2026,Yes,0,0xe44893b87b201bf29575b08ad5040854b6451eb1fa93dda0b3db7e37babd88dc,0xbddc2a7690BF600E347d5eb4A9C28f9F24E55d4f-1774968947489,Equal-Sun
1784310783,2026-07-17T17:53:03+00:00,TAKER,BUY,319.84375,0.3126526624,99.9999999895,77124263779226402132452753660389526551169344717225617807195316014407073011519,0xeaeebfd0ac37130310f64b6337df9fa1e208e6f5a947cf115e84072214d3bd01,Will the highest temperature in New York City be between 80-81°F on July 18?,highest-temperature-in-nyc-on-july-18-2026-80-81f,highest-temperature-in-nyc-on-july-18-2026,Yes,0,0xf0db7e7b50dda988ece61ce2a0a69b5721d2e984ca6bb4c4aac68da27eb3736c,0xbddc2a7690BF600E347d5eb4A9C28f9F24E55d4f-1774968947489,Equal-Sun
1784315289,2026-07-17T19:08:09+00:00,TAKER,BUY,54.9,0.2906138434,15.954700002660001,48649816492827427219381838102703727986238935806397087373112528061396207329296,0x2bca798801c7dba27bfd3517b8b4638a464a8ab8202fb55383504317667a1eee,Will the highest temperature in Mexico City be 24°C on July 17?,highest-temperature-in-mexico-city-on-july-17-2026-24c,highest-temperature-in-mexico-city-on-july-17-2026,Yes,0,0x2b9e280cd5f19825d355bc87ea8cba235239747844b0a041151732b6adc62650,0xbddc2a7690BF600E347d5eb4A9C28f9F24E55d4f-1774968947489,Equal-Sun
1784316189,2026-07-17T19:23:09+00:00,TAKER,BUY,23.57,0.3257064064,7.676899998848,48649816492827427219381838102703727986238935806397087373112528061396207329296,0x2bca798801c7dba27bfd3517b8b4638a464a8ab8202fb55383504317667a1eee,Will the highest temperature in Mexico City be 24°C on July 17?,highest-temperature-in-mexico-city-on-july-17-2026-24c,highest-temperature-in-mexico-city-on-july-17-2026,Yes,0,0x8cc4cda0343cf5c369f3af21fed1529a33df776b1219c020d62744d920181c6a,0xbddc2a7690BF600E347d5eb4A9C28f9F24E55d4f-1774968947489,Equal-Sun
1784325132,2026-07-17T21:52:12+00:00,MAKER,BUY,139.02,0.34,47.2668,104019128356393842521633156597027787642905939851148028634849278285996618035406,0x29d596aa62c9ff943dd4f4f1d4bbf25fcca2f3846e075093642160813aeba435,Will the highest temperature in Chicago be between 90-91°F on July 17?,highest-temperature-in-chicago-on-july-17-2026-90-91f,highest-temperature-in-chicago-on-july-17-2026,Yes,0,0xe5637f0ffe4db0df8a20e6cd2b62d552feb6f664d3e2f05ec645fbb8c833803b,0xbddc2a7690BF600E347d5eb4A9C28f9F24E55d4f-1774968947489,Equal-Sun
1784333529,2026-07-18T00:12:09+00:00,TAKER,BUY,170.553558,0.5863260795,99.99999900691587,5727158178882274969225690473491824563537352029080332703199740342019994495911,0xa5be9be92daaa1281a1e8cebe9b4e6235ceccbf4e2be71420bafb5c1699ed285,Will the highest temperature in Karachi be 33°C on July 18?,highest-temperature-in-karachi-on-july-18-2026-33c,highest-temperature-in-karachi-on-july-18-2026,Yes,0,0x19a51517aba2aee98c48a3ab2484c69533efbae315470a1232f401fd5de74828,0xbddc2a7690BF600E347d5eb4A9C28f9F24E55d4f-1774968947489,Equal-Sun
1784336233,2026-07-18T00:57:13+00:00,TAKER,BUY,167.8,0.5959475566,99.99999999748,65779940626052379477519914141007628930923641438698233388626169041876739019010,0x9f9358ff479c162836a1f7eb3cddc5ce49e547d5bfa83e41577750e98d80c4b3,Will the highest temperature in Istanbul be 28°C on July 19?,highest-temperature-in-istanbul-on-july-19-2026-28c,highest-temperature-in-istanbul-on-july-19-2026,Yes,0,0x90cb8088fd4817e3b70381ae0fd7335ded4f235b91af673d68e88484a9a490c5,0xbddc2a7690BF600E347d5eb4A9C28f9F24E55d4f-1774968947489,Equal-Sun
1784338875,2026-07-18T01:41:15+00:00,TAKER,BUY,165.098358,0.6056995309,99.99999799296025,65779940626052379477519914141007628930923641438698233388626169041876739019010,0x9f9358ff479c162836a1f7eb3cddc5ce49e547d5bfa83e41577750e98d80c4b3,Will the highest temperature in Istanbul be 28°C on July 19?,highest-temperature-in-istanbul-on-july-19-2026-28c,highest-temperature-in-istanbul-on-july-19-2026,Yes,0,0x16c02a448750703dfa9dea49bb4398a6bd33bb586a07556780e05d7f4aa755aa,0xbddc2a7690BF600E347d5eb4A9C28f9F24E55d4f-1774968947489,Equal-Sun
1784342599,2026-07-18T02:43:19+00:00,TAKER,BUY,133.466664,0.7492507492,99.99999799522467,109568078708724422071595013017673774618538227925997714905063777482671398665314,0x249b5455ff0d2424117983a6e0345e421dda6848d240f6932671b8415da67950,Will the highest temperature in Tel Aviv be 34°C on July 18?,highest-temperature-in-tel-aviv-on-july-18-2026-34c,highest-temperature-in-tel-aviv-on-july-18-2026,Yes,0,0x35e79e5b18ea0ac04540890dd3e79bf097631dcb00dce3d2ceab01e85c6cb4db,0xbddc2a7690BF600E347d5eb4A9C28f9F24E55d4f-1774968947489,Equal-Sun
1784345337,2026-07-18T03:28:57+00:00,TAKER,BUY,368.930908,0.5421069221,199.99999900343826,72692315089533379115518993132067424858625629414210206294210539368986832956944,0x45873c7511062f7b88670653c8d29d4ce49ce923bab01177a8083df8a41ba666,Will the highest temperature in Madrid be 36°C on July 19?,highest-temperature-in-madrid-on-july-19-2026-36c,highest-temperature-in-madrid-on-july-19-2026,Yes,0,0x1e61e9ea8d63aca6c85411d26a2cab0f88739b36de7cf60ad22066da262c5d73,0xbddc2a7690BF600E347d5eb4A9C28f9F24E55d4f-1774968947489,Equal-Sun
1784350810,2026-07-18T05:00:10+00:00,TAKER,BUY,322.580644,0.309999998,99.99999899483872,93601367847098579407742182166900898235395444177858039071673987239278109712640,0x8a50ca073655d3e4117102bc8f0df529925380a457e1b743c774c45097ab2f4e,Will the highest temperature in Mexico City be 26°C on July 19?,highest-temperature-in-mexico-city-on-july-19-2026-26c,highest-temperature-in-mexico-city-on-july-19-2026,Yes,0,0x8ad43ef2524e22b531c4980ccbb7c616ede7633632246f356d8627ac16428ee6,0xbddc2a7690BF600E347d5eb4A9C28f9F24E55d4f-1774968947489,Equal-Sun
1784355382,2026-07-18T06:16:22+00:00,TAKER,BUY,198.144704,0.5046816644,99.99999900676532,29728376820715735798768979730807105061209678939287173622229874979644513844125,0x124d8e27d36408ee3b9482f5ba256ea9ccd6e75a79c009d583a527831271bf4b,Will the highest temperature in Chicago be between 80-81°F on July 19?,highest-temperature-in-chicago-on-july-19-2026-80-81f,highest-temperature-in-chicago-on-july-19-2026,Yes,0,0x7c88086b0f00a838c529766b07d1c0bf39796e1ccd66d0415d82ef2f825c5226,0xbddc2a7690BF600E347d5eb4A9C28f9F24E55d4f-1774968947489,Equal-Sun
1784364430,2026-07-18T08:47:10+00:00,TAKER,BUY,314.760311,0.3177020593,99.99999899060845,95700173150987248149481676392007322342311694090428271344461480599920523919465,0x983286387ac760697b456f7c0668e9f94e60b31b0bf1a3e68600e904f0c86436,Will the highest temperature in Dallas be between 96-97°F on July 19?,highest-temperature-in-dallas-on-july-19-2026-96-97f,highest-temperature-in-dallas-on-july-19-2026,Yes,0,0x2332f62e19e7be10a3caa3f4e3db23fed13c8abb081e988ba52ec3a4d1432b4e,0xbddc2a7690BF600E347d5eb4A9C28f9F24E55d4f-1774968947489,Equal-Sun
1784367165,2026-07-18T09:32:45+00:00,TAKER,BUY,398.60447,0.7526257721,299.9999969962613,96850323618460337784013871114266101583331473268275826237653297953292528301220,0xc588c01c2dde404a949699f0872e36bff93a9cf6ab577c2f65837d1e2892d2e6,Will the highest temperature in Madrid be 36°C on July 18?,highest-temperature-in-madrid-on-july-18-2026-36c,highest-temperature-in-madrid-on-july-18-2026,Yes,0,0x9c0bde55965620b94ddb65ddfbc92d116e893d2ebd8a2e516a035e158c3c7b7c,0xbddc2a7690BF600E347d5eb4A9C28f9F24E55d4f-1774968947489,Equal-Sun
1784371690,2026-07-18T10:48:10+00:00,TAKER,BUY,384.615383,0.5199999996,199.99999900615384,78634492905906996789348680979137558360336734873167303496259727507306467813056,0xee11058f842ea3c0254197bef35b16973654562a87b6b32f8df9a43b1f66951d,Will the highest temperature in Tel Aviv be 35°C on July 19?,highest-temperature-in-tel-aviv-on-july-19-2026-35c,highest-temperature-in-tel-aviv-on-july-19-2026,Yes,0,0xdb223699c4a012312c807911249e7210cf6c5d71c10fe91191e533f9de338710,0xbddc2a7690BF600E347d5eb4A9C28f9F24E55d4f-1774968947489,Equal-Sun
1784373841,2026-07-18T11:24:01+00:00,TAKER,BUY,101.79,0.55,55.98450000000001,78634492905906996789348680979137558360336734873167303496259727507306467813056,0xee11058f842ea3c0254197bef35b16973654562a87b6b32f8df9a43b1f66951d,Will the highest temperature in Tel Aviv be 35°C on July 19?,highest-temperature-in-tel-aviv-on-july-19-2026-35c,highest-temperature-in-tel-aviv-on-july-19-2026,Yes,0,0x114d147565c46319e10b03dae8ae2d5288dc02867f8574c97e42903098b66de9,0xbddc2a7690BF600E347d5eb4A9C28f9F24E55d4f-1774968947489,Equal-Sun
1784377131,2026-07-18T12:18:51+00:00,TAKER,BUY,256.410255,0.3899999982,99.99999898846154,82651776738041973388176614590113062897931010647071570071844364713999916167711,0x6d40f2b17068d6ff4147f099d3d03c6b8e8bc506f76dd4ce613c7a5847b19712,Will the highest temperature in Ankara be 32°C on July 19?,highest-temperature-in-ankara-on-july-19-2026-32c,highest-temperature-in-ankara-on-july-19-2026,Yes,0,0x91845bb1b1537633d7434c2792c8eac33f040547fcc1607554b3b4a74e1af441,0xbddc2a7690BF600E347d5eb4A9C28f9F24E55d4f-1774968947489,Equal-Sun
1784378893,2026-07-18T12:48:13+00:00,TAKER,BUY,16.66,0.22,3.6652,26704112134696514709198031021929664244836736855678832065064499996507738132191,0x77b61b3f82d30ed38a93232c9c2777aaf073f143e5d0d2e0383a858a2dd2f7a8,Will the highest temperature in Ankara be 30°C on July 18?,highest-temperature-in-ankara-on-july-18-2026-30c,highest-temperature-in-ankara-on-july-18-2026,Yes,0,0xb24f024453ddb6e29387fb6e1c2d2541ee79483425083e6b6bdca300188a420a,0xbddc2a7690BF600E347d5eb4A9C28f9F24E55d4f-1774968947489,Equal-Sun
1784378959,2026-07-18T12:49:19+00:00,TAKER,BUY,105.94,0.41,43.435399999999994,82651776738041973388176614590113062897931010647071570071844364713999916167711,0x6d40f2b17068d6ff4147f099d3d03c6b8e8bc506f76dd4ce613c7a5847b19712,Will the highest temperature in Ankara be 32°C on July 19?,highest-temperature-in-ankara-on-july-19-2026-32c,highest-temperature-in-ankara-on-july-19-2026,Yes,0,0xc1b9c4e3182e617d339c4e961c83fff77bc54269a830d67414575a52b0f9d5c4,0xbddc2a7690BF600E347d5eb4A9C28f9F24E55d4f-1774968947489,Equal-Sun
1784378964,2026-07-18T12:49:24+00:00,TAKER,BUY,40.4,0.41,16.564,82651776738041973388176614590113062897931010647071570071844364713999916167711,0x6d40f2b17068d6ff4147f099d3d03c6b8e8bc506f76dd4ce613c7a5847b19712,Will the highest temperature in Ankara be 32°C on July 19?,highest-temperature-in-ankara-on-july-19-2026-32c,highest-temperature-in-ankara-on-july-19-2026,Yes,0,0x12e1c15e3d4f726c009ea374f0ceaa3fb6e06700155fc63f9e3bc0a08ff00b78,0xbddc2a7690BF600E347d5eb4A9C28f9F24E55d4f-1774968947489,Equal-Sun
1784379850,2026-07-18T13:04:10+00:00,TAKER,BUY,312.5,0.64,200.0,65779940626052379477519914141007628930923641438698233388626169041876739019010,0x9f9358ff479c162836a1f7eb3cddc5ce49e547d5bfa83e41577750e98d80c4b3,Will the highest temperature in Istanbul be 28°C on July 19?,highest-temperature-in-istanbul-on-july-19-2026-28c,highest-temperature-in-istanbul-on-july-19-2026,Yes,0,0x8d1befa2d530d3b333d0559c02cfee19081ac8799b28a8398d2acc876cdadc6d,0xbddc2a7690BF600E347d5eb4A9C28f9F24E55d4f-1774968947489,Equal-Sun
1784380200,2026-07-18T13:10:00+00:00,TAKER,BUY,284.26,0.4579244354,130.169600006804,77124263779226402132452753660389526551169344717225617807195316014407073011519,0xeaeebfd0ac37130310f64b6337df9fa1e208e6f5a947cf115e84072214d3bd01,Will the highest temperature in New York City be between 80-81°F on July 18?,highest-temperature-in-nyc-on-july-18-2026-80-81f,highest-temperature-in-nyc-on-july-18-2026,Yes,0,0x1fecc68382a25ad0e828683f6a6d5ed52c1786c44d3dc05e06444a28d4b08d04,0xbddc2a7690BF600E347d5eb4A9C28f9F24E55d4f-1774968947489,Equal-Sun
1784386224,2026-07-18T14:50:24+00:00,TAKER,BUY,197.219802,0.5070484707,99.9999989958568,72692315089533379115518993132067424858625629414210206294210539368986832956944,0x45873c7511062f7b88670653c8d29d4ce49ce923bab01177a8083df8a41ba666,Will the highest temperature in Madrid be 36°C on July 19?,highest-temperature-in-madrid-on-july-19-2026-36c,highest-temperature-in-madrid-on-july-19-2026,Yes,0,0x7ac3034554389010aaa73d072690a7b20f6c7d62f5c2c719f3e80731b93bf21b,0xbddc2a7690BF600E347d5eb4A9C28f9F24E55d4f-1774968947489,Equal-Sun
1784386242,2026-07-18T14:50:42+00:00,TAKER,BUY,259,0.51,132.09,72692315089533379115518993132067424858625629414210206294210539368986832956944,0x45873c7511062f7b88670653c8d29d4ce49ce923bab01177a8083df8a41ba666,Will the highest temperature in Madrid be 36°C on July 19?,highest-temperature-in-madrid-on-july-19-2026-36c,highest-temperature-in-madrid-on-july-19-2026,Yes,0,0x20a56db1d3e95245d00329fcdd43863cc674501f9c0af46878920956f0b7f077,0xbddc2a7690BF600E347d5eb4A9C28f9F24E55d4f-1774968947489,Equal-Sun
1784393512,2026-07-18T16:51:52+00:00,TAKER,BUY,116.01,0.43,49.8843,78634492905906996789348680979137558360336734873167303496259727507306467813056,0xee11058f842ea3c0254197bef35b16973654562a87b6b32f8df9a43b1f66951d,Will the highest temperature in Tel Aviv be 35°C on July 19?,highest-temperature-in-tel-aviv-on-july-19-2026-35c,highest-temperature-in-tel-aviv-on-july-19-2026,Yes,0,0x6d65260fbb3e5ba0368d420fde244353e339015fdf9caa286c97f038fa9c138a,0xbddc2a7690BF600E347d5eb4A9C28f9F24E55d4f-1774968947489,Equal-Sun
1784400673,2026-07-18T18:51:13+00:00,TAKER,BUY,45.5,0.47,21.384999999999998,98490069469253595246371467153026041713458330861498115958625232408811086378815,0xc7290cd9b502b614a9e26ba0ee646aeb72caf0fd774d1bedabdfebad37575f82,Will the highest temperature in Mexico City be 24°C on July 18?,highest-temperature-in-mexico-city-on-july-18-2026-24c,highest-temperature-in-mexico-city-on-july-18-2026,Yes,0,0xdc32206b94e22b6dedfffa107ee04d1abe6cf8302c6bdba15023edcf63b0aa2a,0xbddc2a7690BF600E347d5eb4A9C28f9F24E55d4f-1774968947489,Equal-Sun
1784400678,2026-07-18T18:51:18+00:00,TAKER,BUY,22,0.4845454545,10.659999999,98490069469253595246371467153026041713458330861498115958625232408811086378815,0xc7290cd9b502b614a9e26ba0ee646aeb72caf0fd774d1bedabdfebad37575f82,Will the highest temperature in Mexico City be 24°C on July 18?,highest-temperature-in-mexico-city-on-july-18-2026-24c,highest-temperature-in-mexico-city-on-july-18-2026,Yes,0,0xd2e422ebe1eeb7a6479ea8a82752779ce92e95023d205daf76330ea9b5e745c9,0xbddc2a7690BF600E347d5eb4A9C28f9F24E55d4f-1774968947489,Equal-Sun
1784401695,2026-07-18T19:08:15+00:00,TAKER,BUY,30.59,0.584808761,17.88929999899,98490069469253595246371467153026041713458330861498115958625232408811086378815,0xc7290cd9b502b614a9e26ba0ee646aeb72caf0fd774d1bedabdfebad37575f82,Will the highest temperature in Mexico City be 24°C on July 18?,highest-temperature-in-mexico-city-on-july-18-2026-24c,highest-temperature-in-mexico-city-on-july-18-2026,Yes,0,0xe320278283a8b247d41007b74c9350e72b1a1a90eef30d38b750ffabe4849c83,0xbddc2a7690BF600E347d5eb4A9C28f9F24E55d4f-1774968947489,Equal-Sun
1784403507,2026-07-18T19:38:27+00:00,TAKER,BUY,24.45,0.653190184,15.970499998799998,98490069469253595246371467153026041713458330861498115958625232408811086378815,0xc7290cd9b502b614a9e26ba0ee646aeb72caf0fd774d1bedabdfebad37575f82,Will the highest temperature in Mexico City be 24°C on July 18?,highest-temperature-in-mexico-city-on-july-18-2026-24c,highest-temperature-in-mexico-city-on-july-18-2026,Yes,0,0x9b6172e4d60ff5087c4c3fe71612a27d1f494eca604c10d784f8faece424a889,0xbddc2a7690BF600E347d5eb4A9C28f9F24E55d4f-1774968947489,Equal-Sun
1784406217,2026-07-18T20:23:37+00:00,TAKER,BUY,73.14,0.6840415641,50.030799998274006,98490069469253595246371467153026041713458330861498115958625232408811086378815,0xc7290cd9b502b614a9e26ba0ee646aeb72caf0fd774d1bedabdfebad37575f82,Will the highest temperature in Mexico City be 24°C on July 18?,highest-temperature-in-mexico-city-on-july-18-2026-24c,highest-temperature-in-mexico-city-on-july-18-2026,Yes,0,0x6230c9a7cbe3bb183a70dffe0793333bb9228733dd75c2a82067a3d50b45d165,0xbddc2a7690BF600E347d5eb4A9C28f9F24E55d4f-1774968947489,Equal-Sun
1784408736,2026-07-18T21:05:36+00:00,TAKER,BUY,371.488779,0.4037806994,149.99999900387203,78634492905906996789348680979137558360336734873167303496259727507306467813056,0xee11058f842ea3c0254197bef35b16973654562a87b6b32f8df9a43b1f66951d,Will the highest temperature in Tel Aviv be 35°C on July 19?,highest-temperature-in-tel-aviv-on-july-19-2026-35c,highest-temperature-in-tel-aviv-on-july-19-2026,Yes,0,0x84d9daa038a3be3a50f70bc200c872d442efd1a8cbd2d850e7758f855e91e31e,0xbddc2a7690BF600E347d5eb4A9C28f9F24E55d4f-1774968947489,Equal-Sun
1784422621,2026-07-19T00:57:01+00:00,TAKER,BUY,196.07843,0.5099999985,99.99999900588236,89071852579251967914952352675571337148044007751700479664214883683449836858812,0x3e91c06dabfbcb9531ac6bab4d1ccd767ba1e1bbd6376460074f79b82f029794,Will the highest temperature in Istanbul be 29°C on July 20?,highest-temperature-in-istanbul-on-july-20-2026-29c,highest-temperature-in-istanbul-on-july-20-2026,Yes,0,0x48ca8e9e7d3b6c5b905bcdadca604e7aa8b9d77a5a5cb07e70a17252efc9fac9,0xbddc2a7690BF600E347d5eb4A9C28f9F24E55d4f-1774968947489,Equal-Sun
1784425864,2026-07-19T01:51:04+00:00,TAKER,BUY,121.37,0.51,61.898700000000005,89071852579251967914952352675571337148044007751700479664214883683449836858812,0x3e91c06dabfbcb9531ac6bab4d1ccd767ba1e1bbd6376460074f79b82f029794,Will the highest temperature in Istanbul be 29°C on July 20?,highest-temperature-in-istanbul-on-july-20-2026-29c,highest-temperature-in-istanbul-on-july-20-2026,Yes,0,0x8f82e4006d7ce5752a1f9c7be08eee6a7ab7258d859eba245029c84134c34eba,0xbddc2a7690BF600E347d5eb4A9C28f9F24E55d4f-1774968947489,Equal-Sun
1784428467,2026-07-19T02:34:27+00:00,TAKER,SELL,423.77,0.2540835831,107.673000010287,78634492905906996789348680979137558360336734873167303496259727507306467813056,0xee11058f842ea3c0254197bef35b16973654562a87b6b32f8df9a43b1f66951d,Will the highest temperature in Tel Aviv be 35°C on July 19?,highest-temperature-in-tel-aviv-on-july-19-2026-35c,highest-temperature-in-tel-aviv-on-july-19-2026,Yes,0,0x1a515cb21527853e16bf5ed2f4d2277cc7aa6c1697e02b6f59cafa0f8b3f9848,0xbddc2a7690BF600E347d5eb4A9C28f9F24E55d4f-1774968947489,Equal-Sun
1784428468,2026-07-19T02:34:28+00:00,MAKER,SELL,19.23,0.25,4.8075,78634492905906996789348680979137558360336734873167303496259727507306467813056,0xee11058f842ea3c0254197bef35b16973654562a87b6b32f8df9a43b1f66951d,Will the highest temperature in Tel Aviv be 35°C on July 19?,highest-temperature-in-tel-aviv-on-july-19-2026-35c,highest-temperature-in-tel-aviv-on-july-19-2026,Yes,0,0xdaf16e0d1ca9ec42daf124ca24632a2c8bc231d41bfba31c733ae9fb3c0e2016,0xbddc2a7690BF600E347d5eb4A9C28f9F24E55d4f-1774968947489,Equal-Sun
1784428933,2026-07-19T02:42:13+00:00,TAKER,BUY,344.827585,0.2899999981,99.99999899482758,78634492905906996789348680979137558360336734873167303496259727507306467813056,0xee11058f842ea3c0254197bef35b16973654562a87b6b32f8df9a43b1f66951d,Will the highest temperature in Tel Aviv be 35°C on July 19?,highest-temperature-in-tel-aviv-on-july-19-2026-35c,highest-temperature-in-tel-aviv-on-july-19-2026,Yes,0,0xf658b8cae246995440cc2031b0cfec2c86bf12db6d2d0087a96dc3c3e2d6d71a,0xbddc2a7690BF600E347d5eb4A9C28f9F24E55d4f-1774968947489,Equal-Sun
1784437174,2026-07-19T04:59:34+00:00,TAKER,BUY,240.619046,0.4155946949,99.99999900949906,63437093379343366494133092520223583357700899384868745913846199684258033138728,0x55f9508c3dbeaddf72998a369cfcb2a41c9f8f4eff4fdf9da1e0441583b606b8,Will the highest temperature in Mexico City be 27°C on July 20?,highest-temperature-in-mexico-city-on-july-20-2026-27c,highest-temperature-in-mexico-city-on-july-20-2026,Yes,0,0x9fb56cd630ca84419fa3080bd736fa24d7265f15873750228d5e8de1d3dd080b,0xbddc2a7690BF600E347d5eb4A9C28f9F24E55d4f-1774968947489,Equal-Sun
1784437416,2026-07-19T05:03:36+00:00,TAKER,SELL,604.1,0.999,603.4959,77124263779226402132452753660389526551169344717225617807195316014407073011519,0xeaeebfd0ac37130310f64b6337df9fa1e208e6f5a947cf115e84072214d3bd01,Will the highest temperature in New York City be between 80-81°F on July 18?,highest-temperature-in-nyc-on-july-18-2026-80-81f,highest-temperature-in-nyc-on-july-18-2026,Yes,0,0xb4a54584390e68d623cd459b7589769aaf5857ec2a9332b1faadacd820d34000,0xbddc2a7690BF600E347d5eb4A9C28f9F24E55d4f-1774968947489,Equal-Sun
1784438797,2026-07-19T05:26:37+00:00,TAKER,BUY,132.21,0.43,56.850300000000004,93601367847098579407742182166900898235395444177858039071673987239278109712640,0x8a50ca073655d3e4117102bc8f0df529925380a457e1b743c774c45097ab2f4e,Will the highest temperature in Mexico City be 26°C on July 19?,highest-temperature-in-mexico-city-on-july-19-2026-26c,highest-temperature-in-mexico-city-on-july-19-2026,Yes,0,0xe0cc49a68a2e2f9714ae3145b3ebcd42449a487f1b02ee7ffd2afeb9eff95c53,0xbddc2a7690BF600E347d5eb4A9C28f9F24E55d4f-1774968947489,Equal-Sun
1784445888,2026-07-19T07:24:48+00:00,TAKER,BUY,112.7,0.21,23.666999999999998,78634492905906996789348680979137558360336734873167303496259727507306467813056,0xee11058f842ea3c0254197bef35b16973654562a87b6b32f8df9a43b1f66951d,Will the highest temperature in Tel Aviv be 35°C on July 19?,highest-temperature-in-tel-aviv-on-july-19-2026-35c,highest-temperature-in-tel-aviv-on-july-19-2026,Yes,0,0xb77a32af168f65a09824a5791334d0be874b05de1ce2ec38d11b550b30603476,0xbddc2a7690BF600E347d5eb4A9C28f9F24E55d4f-1774968947489,Equal-Sun
1784450878,2026-07-19T08:47:58+00:00,TAKER,BUY,217.565216,0.4596322925,99.99999899833767,66310700136537185845088367040813672183639037958807773747661356170424412893366,0xfbe9c5f4aa7c549ae8dea6df542e39dd9f13d9fc8e66fce18e677bcd20f61347,Will the highest temperature in Dallas be between 100-101°F on July 20?,highest-temperature-in-dallas-on-july-20-2026-100-101f,highest-temperature-in-dallas-on-july-20-2026,Yes,0,0x3d998412becbbf76764338215efc7ac578849db7539823880a211f08bb7f7d07,0xbddc2a7690BF600E347d5eb4A9C28f9F24E55d4f-1774968947489,Equal-Sun
1784453593,2026-07-19T09:33:13+00:00,TAKER,BUY,375.125,0.7997334222,300.000000002775,72692315089533379115518993132067424858625629414210206294210539368986832956944,0x45873c7511062f7b88670653c8d29d4ce49ce923bab01177a8083df8a41ba666,Will the highest temperature in Madrid be 36°C on July 19?,highest-temperature-in-madrid-on-july-19-2026-36c,highest-temperature-in-madrid-on-july-19-2026,Yes,0,0x996f9b0bc4ca6794245ad598a217a56207cd9d2140ae8fb85b47ec88d7d89d0b,0xbddc2a7690BF600E347d5eb4A9C28f9F24E55d4f-1774968947489,Equal-Sun
1784460276,2026-07-19T11:24:36+00:00,TAKER,BUY,204.285713,0.4895104877,99.99999900077222,93601367847098579407742182166900898235395444177858039071673987239278109712640,0x8a50ca073655d3e4117102bc8f0df529925380a457e1b743c774c45097ab2f4e,Will the highest temperature in Mexico City be 26°C on July 19?,highest-temperature-in-mexico-city-on-july-19-2026-26c,highest-temperature-in-mexico-city-on-july-19-2026,Yes,0,0xe5d32a85f845cfac34041ce594bc93a8faff50aa286635080059e07c2798f6f4,0xbddc2a7690BF600E347d5eb4A9C28f9F24E55d4f-1774968947489,Equal-Sun
1784460891,2026-07-19T11:34:51+00:00,TAKER,BUY,493.208851,0.6082615882,299.9999990235571,46059543651699767416957267987298643591977224803680676712963408110966979751388,0x8de189f9ac12ae937c34fae7bf1268c5fba8cca6c0e0888a80d3d03270f49f7f,Will the highest temperature in Madrid be 36°C on July 20?,highest-temperature-in-madrid-on-july-20-2026-36c,highest-temperature-in-madrid-on-july-20-2026,Yes,0,0xbd2e2b3f8f938ddd1ae6b6a9b4d31f489e7a3e5437205df89c269c92452840e1,0xbddc2a7690BF600E347d5eb4A9C28f9F24E55d4f-1774968947489,Equal-Sun
1784462746,2026-07-19T12:05:46+00:00,TAKER,BUY,1213.866189,0.1647628057,199.99999904400647,32404167820235723228991623009335989773293106963142895713614322895234377230332,0xe9d634d46a75f43a308c8bd05be797688fb0ea406ddbc749abd466afa2fbd954,Will the highest temperature in Tel Aviv be 33°C on July 20?,highest-temperature-in-tel-aviv-on-july-20-2026-33c,highest-temperature-in-tel-aviv-on-july-20-2026,Yes,0,0x97769a3851b09bf52f2bb8374e309253f5ddfc049b4c7bd9a2e784e879a59384,0xbddc2a7690BF600E347d5eb4A9C28f9F24E55d4f-1774968947489,Equal-Sun
1784463645,2026-07-19T12:20:45+00:00,TAKER,BUY,162.92145,0.6137927142,99.99999899689959,104757260688050676017992104621890151625842283117097258262886875442818871263240,0xa14345e95fb61c59fdf36f3bb093a70fc941c3016df72ef8f712d13bdc4b060d,Will the highest temperature in Ankara be 34°C on July 20?,highest-temperature-in-ankara-on-july-20-2026-34c,highest-temperature-in-ankara-on-july-20-2026,Yes,0,0xae16e5edfede0c4bf433e0dd87a09e879404e396a1fab91f7da695d8e890544d,0xbddc2a7690BF600E347d5eb4A9C28f9F24E55d4f-1774968947489,Equal-Sun
1784466340,2026-07-19T13:05:40+00:00,TAKER,BUY,176.13,0.2423193096,42.679699999848,100071048677806917583720142464855424342574062016900279050003401564706711991357,0xbea7708825309c9c4c9438e656cd7669b222f77bd8787ffa4c9a8bedd83aa654,Will the highest temperature in London be 23°C on July 19?,highest-temperature-in-london-on-july-19-2026-23c,highest-temperature-in-london-on-july-19-2026,Yes,0,0x9828d9f604c6920eb7e5c1d44c625a6d2a810f7c53f1c49260720e953ffc045b,0xbddc2a7690BF600E347d5eb4A9C28f9F24E55d4f-1774968947489,Equal-Sun
1784467257,2026-07-19T13:20:57+00:00,TAKER,BUY,49.32,0.227620438,11.22624000216,100071048677806917583720142464855424342574062016900279050003401564706711991357,0xbea7708825309c9c4c9438e656cd7669b222f77bd8787ffa4c9a8bedd83aa654,Will the highest temperature in London be 23°C on July 19?,highest-temperature-in-london-on-july-19-2026-23c,highest-temperature-in-london-on-july-19-2026,Yes,0,0xd01c7fa84332592f2dd11441ab9c71ef9eea113ac46eb96113caa28fa811cad8,0xbddc2a7690BF600E347d5eb4A9C28f9F24E55d4f-1774968947489,Equal-Sun
1784468160,2026-07-19T13:36:00+00:00,TAKER,BUY,98.56,0.2379768669,23.455000001664,100071048677806917583720142464855424342574062016900279050003401564706711991357,0xbea7708825309c9c4c9438e656cd7669b222f77bd8787ffa4c9a8bedd83aa654,Will the highest temperature in London be 23°C on July 19?,highest-temperature-in-london-on-july-19-2026-23c,highest-temperature-in-london-on-july-19-2026,Yes,0,0x4aae17377961c40291e6c428164e97d5d489ad384f6f8efd5d44435f50e65f79,0xbddc2a7690BF600E347d5eb4A9C28f9F24E55d4f-1774968947489,Equal-Sun
1784471811,2026-07-19T14:36:51+00:00,TAKER,BUY,144.79,0.5043925685,73.030999993115,46059543651699767416957267987298643591977224803680676712963408110966979751388,0x8de189f9ac12ae937c34fae7bf1268c5fba8cca6c0e0888a80d3d03270f49f7f,Will the highest temperature in Madrid be 36°C on July 20?,highest-temperature-in-madrid-on-july-20-2026-36c,highest-temperature-in-madrid-on-july-20-2026,Yes,0,0x766c13f1b78ed430b334a8a13bad9df734338afa307eed8c0e61ca8ef6884a33,0xbddc2a7690BF600E347d5eb4A9C28f9F24E55d4f-1774968947489,Equal-Sun
1784471836,2026-07-19T14:37:16+00:00,TAKER,BUY,98.63,0.5184588867,51.13559999522099,46059543651699767416957267987298643591977224803680676712963408110966979751388,0x8de189f9ac12ae937c34fae7bf1268c5fba8cca6c0e0888a80d3d03270f49f7f,Will the highest temperature in Madrid be 36°C on July 20?,highest-temperature-in-madrid-on-july-20-2026-36c,highest-temperature-in-madrid-on-july-20-2026,Yes,0,0x1c641e320fdcaab1739a830b0cdc62c151a8cb515e7e411a81fd52d2b5ccc0aa,0xbddc2a7690BF600E347d5eb4A9C28f9F24E55d4f-1774968947489,Equal-Sun
1784471878,2026-07-19T14:37:58+00:00,TAKER,SELL,606.93,0.17,103.1781,32404167820235723228991623009335989773293106963142895713614322895234377230332,0xe9d634d46a75f43a308c8bd05be797688fb0ea406ddbc749abd466afa2fbd954,Will the highest temperature in Tel Aviv be 33°C on July 20?,highest-temperature-in-tel-aviv-on-july-20-2026-33c,highest-temperature-in-tel-aviv-on-july-20-2026,Yes,0,0xbdc79135585277ff7d60cc561bc65edd5672833c43231e50cb49406c6bef5911,0xbddc2a7690BF600E347d5eb4A9C28f9F24E55d4f-1774968947489,Equal-Sun
1784472730,2026-07-19T14:52:10+00:00,TAKER,BUY,128.205453,0.1765915448,22.639998997053794,100071048677806917583720142464855424342574062016900279050003401564706711991357,0xbea7708825309c9c4c9438e656cd7669b222f77bd8787ffa4c9a8bedd83aa654,Will the highest temperature in London be 23°C on July 19?,highest-temperature-in-london-on-july-19-2026-23c,highest-temperature-in-london-on-july-19-2026,Yes,0,0xbbf0d86e17dc6649a4e0c17be527bf9383bde0927a5cfbd6a8387bf8616d53eb,0xbddc2a7690BF600E347d5eb4A9C28f9F24E55d4f-1774968947489,Equal-Sun
1784488299,2026-07-19T19:11:39+00:00,TAKER,BUY,97.06,0.7584968061,73.619700000066,93601367847098579407742182166900898235395444177858039071673987239278109712640,0x8a50ca073655d3e4117102bc8f0df529925380a457e1b743c774c45097ab2f4e,Will the highest temperature in Mexico City be 26°C on July 19?,highest-temperature-in-mexico-city-on-july-19-2026-26c,highest-temperature-in-mexico-city-on-july-19-2026,Yes,0,0x51fa8dc0ae8732e3cab7579d2d154ff153aa0f9241661e905d062469d19984ff,0xbddc2a7690BF600E347d5eb4A9C28f9F24E55d4f-1774968947489,Equal-Sun
1784489202,2026-07-19T19:26:42+00:00,TAKER,BUY,5,0.66,3.3000000000000003,93601367847098579407742182166900898235395444177858039071673987239278109712640,0x8a50ca073655d3e4117102bc8f0df529925380a457e1b743c774c45097ab2f4e,Will the highest temperature in Mexico City be 26°C on July 19?,highest-temperature-in-mexico-city-on-july-19-2026-26c,highest-temperature-in-mexico-city-on-july-19-2026,Yes,0,0x6894f1f0928ce68c835264b08dda0d322dc3e00a74b7574c4f6529eb4168e01a,0xbddc2a7690BF600E347d5eb4A9C28f9F24E55d4f-1774968947489,Equal-Sun
1784490120,2026-07-19T19:42:00+00:00,TAKER,BUY,31.282296,0.737797475,23.0799990010026,93601367847098579407742182166900898235395444177858039071673987239278109712640,0x8a50ca073655d3e4117102bc8f0df529925380a457e1b743c774c45097ab2f4e,Will the highest temperature in Mexico City be 26°C on July 19?,highest-temperature-in-mexico-city-on-july-19-2026-26c,highest-temperature-in-mexico-city-on-july-19-2026,Yes,0,0x05b78900b370bddec359c301086bb31a8932ded02df1696eaad7f56d521edefa,0xbddc2a7690BF600E347d5eb4A9C28f9F24E55d4f-1774968947489,Equal-Sun
1784497729,2026-07-19T21:48:49+00:00,TAKER,BUY,257.84,0.39,100.5576,63437093379343366494133092520223583357700899384868745913846199684258033138728,0x55f9508c3dbeaddf72998a369cfcb2a41c9f8f4eff4fdf9da1e0441583b606b8,Will the highest temperature in Mexico City be 27°C on July 20?,highest-temperature-in-mexico-city-on-july-20-2026-27c,highest-temperature-in-mexico-city-on-july-20-2026,Yes,0,0x2cfc3768ab788ee7d67491681ec7d656828bc79d564e72b92a81c0a7852124ad,0xbddc2a7690BF600E347d5eb4A9C28f9F24E55d4f-1774968947489,Equal-Sun
1784499084,2026-07-19T22:11:24+00:00,TAKER,BUY,152.741967,0.6546989014,99.99999799257505,104757260688050676017992104621890151625842283117097258262886875442818871263240,0xa14345e95fb61c59fdf36f3bb093a70fc941c3016df72ef8f712d13bdc4b060d,Will the highest temperature in Ankara be 34°C on July 20?,highest-temperature-in-ankara-on-july-20-2026-34c,highest-temperature-in-ankara-on-july-20-2026,Yes,0,0x1c710a7c78b90d5ff48223b855d7f5834e14cde8e69415b1c8795ad9302186e9,0xbddc2a7690BF600E347d5eb4A9C28f9F24E55d4f-1774968947489,Equal-Sun
1784509231,2026-07-20T01:00:31+00:00,TAKER,BUY,213.082552,0.469301677,99.9999989930397,103223654459764012697678354605406674266902224509287339100035621759748134082480,0x46ee5b278c9c08fd092d447356e0e93398dec2b4653dd1b77a0574c7ab6c5636,Will the highest temperature in Istanbul be 29°C on July 21?,highest-temperature-in-istanbul-on-july-21-2026-29c,highest-temperature-in-istanbul-on-july-21-2026,Yes,0,0x9ce9c91446f041bae9005d0c82b488c4f85de2074fec88330a283391d67b8d73,0xbddc2a7690BF600E347d5eb4A9C28f9F24E55d4f-1774968947489,Equal-Sun
1784515248,2026-07-20T02:40:48+00:00,TAKER,BUY,509.91,0.47,239.6577,103223654459764012697678354605406674266902224509287339100035621759748134082480,0x46ee5b278c9c08fd092d447356e0e93398dec2b4653dd1b77a0574c7ab6c5636,Will the highest temperature in Istanbul be 29°C on July 21?,highest-temperature-in-istanbul-on-july-21-2026-29c,highest-temperature-in-istanbul-on-july-21-2026,Yes,0,0xb2f906c2e301ed1542c46b0c6982308ec4827c8de668af05bff6c00091f7b402,0xbddc2a7690BF600E347d5eb4A9C28f9F24E55d4f-1774968947489,Equal-Sun
1784515582,2026-07-20T02:46:22+00:00,TAKER,BUY,166.833332,0.5994005982,99.99999900049922,70624473567385010651998845903661133932726477868687755793174981633314348524895,0x6cbd2ff409db2fc42ff7577f73034ccf27350290a62f9f4259919dc9486420db,Will the highest temperature in Tel Aviv be 34°C on July 20?,highest-temperature-in-tel-aviv-on-july-20-2026-34c,highest-temperature-in-tel-aviv-on-july-20-2026,Yes,0,0xd34d80b131839f31614cfa3e4b6e107f1dcfce7239d9222f41b5cf26cfb987c9,0xbddc2a7690BF600E347d5eb4A9C28f9F24E55d4f-1774968947489,Equal-Sun
1784529187,2026-07-20T06:33:07+00:00,TAKER,BUY,296.902793,0.6736211437,199.99999898838433,46059543651699767416957267987298643591977224803680676712963408110966979751388,0x8de189f9ac12ae937c34fae7bf1268c5fba8cca6c0e0888a80d3d03270f49f7f,Will the highest temperature in Madrid be 36°C on July 20?,highest-temperature-in-madrid-on-july-20-2026-36c,highest-temperature-in-madrid-on-july-20-2026,Yes,0,0xac1e5d17e22fa844d2e759beafa264ecf7a5b70a0c1296cc742136fb1c8071ce,0xbddc2a7690BF600E347d5eb4A9C28f9F24E55d4f-1774968947489,Equal-Sun
1784530300,2026-07-20T06:51:40+00:00,MAKER,BUY,8,0.75,6.0,104757260688050676017992104621890151625842283117097258262886875442818871263240,0xa14345e95fb61c59fdf36f3bb093a70fc941c3016df72ef8f712d13bdc4b060d,Will the highest temperature in Ankara be 34°C on July 20?,highest-temperature-in-ankara-on-july-20-2026-34c,highest-temperature-in-ankara-on-july-20-2026,Yes,0,0xf7ad4d2f07e169fc1b4ff07f4b598327a2c825d8256f78c6d2002e89ad3b27af,0xbddc2a7690BF600E347d5eb4A9C28f9F24E55d4f-1774968947489,Equal-Sun
1784530302,2026-07-20T06:51:42+00:00,TAKER,BUY,133.8,0.7474738416,100.01200000608,104757260688050676017992104621890151625842283117097258262886875442818871263240,0xa14345e95fb61c59fdf36f3bb093a70fc941c3016df72ef8f712d13bdc4b060d,Will the highest temperature in Ankara be 34°C on July 20?,highest-temperature-in-ankara-on-july-20-2026-34c,highest-temperature-in-ankara-on-july-20-2026,Yes,0,0x0593f26c6d915b2a733a279710f78fc9e46eb3a76ca8b8eec3a0a6c4006b2a82,0xbddc2a7690BF600E347d5eb4A9C28f9F24E55d4f-1774968947489,Equal-Sun
1784530303,2026-07-20T06:51:43+00:00,MAKER,BUY,2,0.75,1.5,104757260688050676017992104621890151625842283117097258262886875442818871263240,0xa14345e95fb61c59fdf36f3bb093a70fc941c3016df72ef8f712d13bdc4b060d,Will the highest temperature in Ankara be 34°C on July 20?,highest-temperature-in-ankara-on-july-20-2026-34c,highest-temperature-in-ankara-on-july-20-2026,Yes,0,0x3f2601ced64fa6a09f3fbb37c4d14ee59fd54815cbfa005a29ce4820e480a68f,0xbddc2a7690BF600E347d5eb4A9C28f9F24E55d4f-1774968947489,Equal-Sun
1784536528,2026-07-20T08:35:28+00:00,TAKER,BUY,92.592591,0.5399999985,49.999999001111114,66679488940221219751404824784372580751793615437922899426339323958191740070048,0xa7bdd86dfa9b4af9d3248e68059e3d2e29d439be65a575f911bc8687c9fc7200,Will the highest temperature in Milan be 30°C on July 20?,highest-temperature-in-milan-on-july-20-2026-30c,highest-temperature-in-milan-on-july-20-2026,Yes,0,0xf3e820825516aa962a8e2aaca8b526303ecb5aa1fd8036e69e238f675c2e894b,0xbddc2a7690BF600E347d5eb4A9C28f9F24E55d4f-1774968947489,Equal-Sun
1784537448,2026-07-20T08:50:48+00:00,TAKER,BUY,86.206895,0.5799999988,49.999998996551724,66310700136537185845088367040813672183639037958807773747661356170424412893366,0xfbe9c5f4aa7c549ae8dea6df542e39dd9f13d9fc8e66fce18e677bcd20f61347,Will the highest temperature in Dallas be between 100-101°F on July 20?,highest-temperature-in-dallas-on-july-20-2026-100-101f,highest-temperature-in-dallas-on-july-20-2026,Yes,0,0x958e803ad82a1b9699347f5f80350a1b0360279304fe5fce33285846a2f11ad2,0xbddc2a7690BF600E347d5eb4A9C28f9F24E55d4f-1774968947489,Equal-Sun
1784540199,2026-07-20T09:36:39+00:00,TAKER,BUY,137.69,0.7142050984,98.33889999869601,46059543651699767416957267987298643591977224803680676712963408110966979751388,0x8de189f9ac12ae937c34fae7bf1268c5fba8cca6c0e0888a80d3d03270f49f7f,Will the highest temperature in Madrid be 36°C on July 20?,highest-temperature-in-madrid-on-july-20-2026-36c,highest-temperature-in-madrid-on-july-20-2026,Yes,0,0x19de197866da4267119c5775593bc59fa744e3ea1f3b8be05f5bb583e25a166e,0xbddc2a7690BF600E347d5eb4A9C28f9F24E55d4f-1774968947489,Equal-Sun
1784542002,2026-07-20T10:06:42+00:00,TAKER,BUY,246.615118,0.8177114227,201.65999899910835,46059543651699767416957267987298643591977224803680676712963408110966979751388,0x8de189f9ac12ae937c34fae7bf1268c5fba8cca6c0e0888a80d3d03270f49f7f,Will the highest temperature in Madrid be 36°C on July 20?,highest-temperature-in-madrid-on-july-20-2026-36c,highest-temperature-in-madrid-on-july-20-2026,Yes,0,0x9853c8d0075659b9cd07c8530298631bd907e1ef641d585a2a84fc45de251298,0xbddc2a7690BF600E347d5eb4A9C28f9F24E55d4f-1774968947489,Equal-Sun
1784547430,2026-07-20T11:37:10+00:00,TAKER,BUY,581.05,0.4242808708,246.52839997833996,43524793476858914047811166712312557331909513500127354660366655258069358620266,0x5b58b9f1d6b66b2f1e310f9c6ded73ecff780aba020ede6808a46859ecc347df,Will the highest temperature in Madrid be 38°C on July 21?,highest-temperature-in-madrid-on-july-21-2026-38c,highest-temperature-in-madrid-on-july-21-2026,Yes,0,0x78179bd5603e717e578df33ef4cc2d0ca30c80517e4163010d516ee4e02aac7e,0xbddc2a7690BF600E347d5eb4A9C28f9F24E55d4f-1774968947489,Equal-Sun
1784547433,2026-07-20T11:37:13+00:00,TAKER,BUY,162.881074,0.6139448589,99.99999799441046,61972748272226410307092137015287269979947163158916050746899605071953166326086,0x5c307516831e46138c7be9c794bd15f0fe6cee6181006ae8110dc3ebe9baed6b,Will the highest temperature in Paris be 24°C on July 20?,highest-temperature-in-paris-on-july-20-2026-24c,highest-temperature-in-paris-on-july-20-2026,Yes,0,0x7434c76e80189963b6ec7791575a9a6648514b5a8576a6d83446072e739f221a,0xbddc2a7690BF600E347d5eb4A9C28f9F24E55d4f-1774968947489,Equal-Sun
1784548012,2026-07-20T11:46:52+00:00,TAKER,BUY,120,0.4683333333,56.199999995999995,43524793476858914047811166712312557331909513500127354660366655258069358620266,0x5b58b9f1d6b66b2f1e310f9c6ded73ecff780aba020ede6808a46859ecc347df,Will the highest temperature in Madrid be 38°C on July 21?,highest-temperature-in-madrid-on-july-21-2026-38c,highest-temperature-in-madrid-on-july-21-2026,Yes,0,0x6def54d54af5e6350b3f0c743db3bce8688041d696412ea677ee21a324e86610,0xbddc2a7690BF600E347d5eb4A9C28f9F24E55d4f-1774968947489,Equal-Sun
1784548221,2026-07-20T11:50:21+00:00,TAKER,SELL,166.83,0.0531882755,8.873400001665,70624473567385010651998845903661133932726477868687755793174981633314348524895,0x6cbd2ff409db2fc42ff7577f73034ccf27350290a62f9f4259919dc9486420db,Will the highest temperature in Tel Aviv be 34°C on July 20?,highest-temperature-in-tel-aviv-on-july-20-2026-34c,highest-temperature-in-tel-aviv-on-july-20-2026,Yes,0,0xad0a4d96afd6f8c8946c525339083b4e561aa6ca355ee9edf3dd6857c27aefed,0xbddc2a7690BF600E347d5eb4A9C28f9F24E55d4f-1774968947489,Equal-Sun
1784548330,2026-07-20T11:52:10+00:00,TAKER,BUY,112.09959,0.4769865706,53.469998999766055,43524793476858914047811166712312557331909513500127354660366655258069358620266,0x5b58b9f1d6b66b2f1e310f9c6ded73ecff780aba020ede6808a46859ecc347df,Will the highest temperature in Madrid be 38°C on July 21?,highest-temperature-in-madrid-on-july-21-2026-38c,highest-temperature-in-madrid-on-july-21-2026,Yes,0,0xf83508c32ab19dfe63dfbcf085161b2e608fbdecf2ce862fa818b7e97182e420,0xbddc2a7690BF600E347d5eb4A9C28f9F24E55d4f-1774968947489,Equal-Sun
1784549232,2026-07-20T12:07:12+00:00,TAKER,BUY,192.307691,0.5199999983,99.99999899307693,6870515198746683513132613547385132714628487563979593526360642831151977519217,0x8a38664ffcd9c21f537b415599560bf6748248bf86bba8366993c4bcbfefc89b,Will the highest temperature in Ankara be 33°C on July 21?,highest-temperature-in-ankara-on-july-21-2026-33c,highest-temperature-in-ankara-on-july-21-2026,Yes,0,0xc8d9ddb3c77417a8d77c89a961c33f256ae32ed9311403879da79035de88bc87,0xbddc2a7690BF600E347d5eb4A9C28f9F24E55d4f-1774968947489,Equal-Sun
1784549505,2026-07-20T12:11:45+00:00,TAKER,BUY,378.4,0.52,196.768,6870515198746683513132613547385132714628487563979593526360642831151977519217,0x8a38664ffcd9c21f537b415599560bf6748248bf86bba8366993c4bcbfefc89b,Will the highest temperature in Ankara be 33°C on July 21?,highest-temperature-in-ankara-on-july-21-2026-33c,highest-temperature-in-ankara-on-july-21-2026,Yes,0,0x4eb43b80bf0d1072ee9bd6d59ab2c996bbc75defb15cadaa000dc1e398b68bc4,0xbddc2a7690BF600E347d5eb4A9C28f9F24E55d4f-1774968947489,Equal-Sun
1784549535,2026-07-20T12:12:15+00:00,TAKER,BUY,133.3,0.48,63.984,43524793476858914047811166712312557331909513500127354660366655258069358620266,0x5b58b9f1d6b66b2f1e310f9c6ded73ecff780aba020ede6808a46859ecc347df,Will the highest temperature in Madrid be 38°C on July 21?,highest-temperature-in-madrid-on-july-21-2026-38c,highest-temperature-in-madrid-on-july-21-2026,Yes,0,0xada5f8122d4f18e8f2641a88e9f60bb10669d3e3de271ac09da9647df207bcd7,0xbddc2a7690BF600E347d5eb4A9C28f9F24E55d4f-1774968947489,Equal-Sun
1784550145,2026-07-20T12:22:25+00:00,TAKER,BUY,520.521738,0.1921149333,99.99999897707009,36559115208805017646181618934481491963345819212227523378375576882278356418751,0xb91f4a2650854101dfc9da509f329de79c7c555258b6610f2dca38bd3f197054,Will the highest temperature in Karachi be 34°C on July 21?,highest-temperature-in-karachi-on-july-21-2026-34c,highest-temperature-in-karachi-on-july-21-2026,Yes,0,0x0422645572985674efc690e68b72c97b6fa812b4a657e731da3effe70821bd1f,0xbddc2a7690BF600E347d5eb4A9C28f9F24E55d4f-1774968947489,Equal-Sun
1784551791,2026-07-20T12:49:51+00:00,MAKER,SELL,5.015044,0.9969998269,4.999997999895883,32404167820235723228991623009335989773293106963142895713614322895234377230332,0xe9d634d46a75f43a308c8bd05be797688fb0ea406ddbc749abd466afa2fbd954,Will the highest temperature in Tel Aviv be 33°C on July 20?,highest-temperature-in-tel-aviv-on-july-20-2026-33c,highest-temperature-in-tel-aviv-on-july-20-2026,Yes,0,0xa2780a92d3b817f5182647e2f62efd52b02469e23893f1cd385f3d19e274d983,0xbddc2a7690BF600E347d5eb4A9C28f9F24E55d4f-1774968947489,Equal-Sun
1784552935,2026-07-20T13:08:55+00:00,TAKER,BUY,5,0.64,3.2,104757260688050676017992104621890151625842283117097258262886875442818871263240,0xa14345e95fb61c59fdf36f3bb093a70fc941c3016df72ef8f712d13bdc4b060d,Will the highest temperature in Ankara be 34°C on July 20?,highest-temperature-in-ankara-on-july-20-2026-34c,highest-temperature-in-ankara-on-july-20-2026,Yes,0,0xa26c51bde460d6237262aa690ec429e8f26a3a49fdad14834544c0d140323240,0xbddc2a7690BF600E347d5eb4A9C28f9F24E55d4f-1774968947489,Equal-Sun
1784556369,2026-07-20T14:06:09+00:00,TAKER,SELL,464.46,0.0842877751,39.148300022946,104757260688050676017992104621890151625842283117097258262886875442818871263240,0xa14345e95fb61c59fdf36f3bb093a70fc941c3016df72ef8f712d13bdc4b060d,Will the highest temperature in Ankara be 34°C on July 20?,highest-temperature-in-ankara-on-july-20-2026-34c,highest-temperature-in-ankara-on-july-20-2026,Yes,0,0xd5d89f298a24afb515a8f0783ab8b9239248b147c0e469f1b257b8c79eba50a3,0xbddc2a7690BF600E347d5eb4A9C28f9F24E55d4f-1774968947489,Equal-Sun
1784556394,2026-07-20T14:06:34+00:00,TAKER,SELL,317.44,0.003,0.95232,89071852579251967914952352675571337148044007751700479664214883683449836858812,0x3e91c06dabfbcb9531ac6bab4d1ccd767ba1e1bbd6376460074f79b82f029794,Will the highest temperature in Istanbul be 29°C on July 20?,highest-temperature-in-istanbul-on-july-20-2026-29c,highest-temperature-in-istanbul-on-july-20-2026,Yes,0,0x07f32e4cedadf6310ad1c60ff10b7666ee87419117dd8d43d9e0b71295f23d40,0xbddc2a7690BF600E347d5eb4A9C28f9F24E55d4f-1774968947489,Equal-Sun
1784556415,2026-07-20T14:06:55+00:00,TAKER,BUY,109.16,0.1635580799,17.854000001884,36559115208805017646181618934481491963345819212227523378375576882278356418751,0xb91f4a2650854101dfc9da509f329de79c7c555258b6610f2dca38bd3f197054,Will the highest temperature in Karachi be 34°C on July 21?,highest-temperature-in-karachi-on-july-21-2026-34c,highest-temperature-in-karachi-on-july-21-2026,Yes,0,0x6ed3c85b35427aa437f4f94152f3d4517664c1e47f4a45d82cd98507572e880f,0xbddc2a7690BF600E347d5eb4A9C28f9F24E55d4f-1774968947489,Equal-Sun
1784556490,2026-07-20T14:08:10+00:00,MAKER,SELL,5,0.997,4.985,32404167820235723228991623009335989773293106963142895713614322895234377230332,0xe9d634d46a75f43a308c8bd05be797688fb0ea406ddbc749abd466afa2fbd954,Will the highest temperature in Tel Aviv be 33°C on July 20?,highest-temperature-in-tel-aviv-on-july-20-2026-33c,highest-temperature-in-tel-aviv-on-july-20-2026,Yes,0,0xb507b1dbfa6111b926fbc452d4ffd401edad50e6cd6af661ab1b07c7905d8e0f,0xbddc2a7690BF600E347d5eb4A9C28f9F24E55d4f-1774968947489,Equal-Sun
1784557210,2026-07-20T14:20:10+00:00,MAKER,SELL,25.075224,0.9969999869,24.999997999514566,32404167820235723228991623009335989773293106963142895713614322895234377230332,0xe9d634d46a75f43a308c8bd05be797688fb0ea406ddbc749abd466afa2fbd954,Will the highest temperature in Tel Aviv be 33°C on July 20?,highest-temperature-in-tel-aviv-on-july-20-2026-33c,highest-temperature-in-tel-aviv-on-july-20-2026,Yes,0,0x632163a667a76268d26f466140d7581c1cdb85c3230a7786e90ecd1429314894,0xbddc2a7690BF600E347d5eb4A9C28f9F24E55d4f-1774968947489,Equal-Sun
1784557669,2026-07-20T14:27:49+00:00,MAKER,SELL,571.83,0.997,570.11451,32404167820235723228991623009335989773293106963142895713614322895234377230332,0xe9d634d46a75f43a308c8bd05be797688fb0ea406ddbc749abd466afa2fbd954,Will the highest temperature in Tel Aviv be 33°C on July 20?,highest-temperature-in-tel-aviv-on-july-20-2026-33c,highest-temperature-in-tel-aviv-on-july-20-2026,Yes,0,0x55ded3a72178ec6abafb5c7de64e62798ee704eeb2a4fbf2a71b7e7562e51f61,0xbddc2a7690BF600E347d5eb4A9C28f9F24E55d4f-1774968947489,Equal-Sun
1784558254,2026-07-20T14:37:34+00:00,TAKER,BUY,351.228069,0.5694305685,199.9999990038272,103223654459764012697678354605406674266902224509287339100035621759748134082480,0x46ee5b278c9c08fd092d447356e0e93398dec2b4653dd1b77a0574c7ab6c5636,Will the highest temperature in Istanbul be 29°C on July 21?,highest-temperature-in-istanbul-on-july-21-2026-29c,highest-temperature-in-istanbul-on-july-21-2026,Yes,0,0xb465d943cc96018d0811ac2a4a798298194ca8c69dc8baea9f6e75fd57d9f589,0xbddc2a7690BF600E347d5eb4A9C28f9F24E55d4f-1774968947489,Equal-Sun
1784559741,2026-07-20T15:02:21+00:00,TAKER,SELL,162.88,0.2172888016,35.392000004608,61972748272226410307092137015287269979947163158916050746899605071953166326086,0x5c307516831e46138c7be9c794bd15f0fe6cee6181006ae8110dc3ebe9baed6b,Will the highest temperature in Paris be 24°C on July 20?,highest-temperature-in-paris-on-july-20-2026-24c,highest-temperature-in-paris-on-july-20-2026,Yes,0,0xf0e3bfa6403cdefd4ea50ee35ce14e00564d5a30518a992235484278e03d5026,0xbddc2a7690BF600E347d5eb4A9C28f9F24E55d4f-1774968947489,Equal-Sun
1784561055,2026-07-20T15:24:15+00:00,TAKER,BUY,217.5,0.47,102.225,43524793476858914047811166712312557331909513500127354660366655258069358620266,0x5b58b9f1d6b66b2f1e310f9c6ded73ecff780aba020ede6808a46859ecc347df,Will the highest temperature in Madrid be 38°C on July 21?,highest-temperature-in-madrid-on-july-21-2026-38c,highest-temperature-in-madrid-on-july-21-2026,Yes,0,0xe7569c0277768a2be91cc02c374dd0c6267a81ed71f1bf5c8d4eec386e64aafb,0xbddc2a7690BF600E347d5eb4A9C28f9F24E55d4f-1774968947489,Equal-Sun
1784569152,2026-07-20T17:39:12+00:00,TAKER,BUY,72.07,0.6666490912,48.045400002784,42431545570007614767961640829025737225987325581425183155335544726851604562396,0x14989063eeb3140c46e6b3c552e401acf0551a04314d6338241780a5f1a7f718,Will the highest temperature in Austin be between 96-97°F on July 20?,highest-temperature-in-austin-on-july-20-2026-96-97f,highest-temperature-in-austin-on-july-20-2026,Yes,0,0xa104f33039224b0604b401ac69fea6256532b104c352f1728e33a03e8f116cc0,0xbddc2a7690BF600E347d5eb4A9C28f9F24E55d4f-1774968947489,Equal-Sun
1784570053,2026-07-20T17:54:13+00:00,TAKER,BUY,74.534164,0.696995783,51.949997997430415,42431545570007614767961640829025737225987325581425183155335544726851604562396,0x14989063eeb3140c46e6b3c552e401acf0551a04314d6338241780a5f1a7f718,Will the highest temperature in Austin be between 96-97°F on July 20?,highest-temperature-in-austin-on-july-20-2026-96-97f,highest-temperature-in-austin-on-july-20-2026,Yes,0,0x847d7c696644d88f1d1d0ea94071f5e8fe183a062bddc8b76fb8ba4ddf223d29,0xbddc2a7690BF600E347d5eb4A9C28f9F24E55d4f-1774968947489,Equal-Sun
1784592699,2026-07-21T00:11:39+00:00,TAKER,BUY,139.167221,0.3592799988,49.99999899387934,88002616964427649825024211822336106143619613124062468903623069027040545146065,0x540562f77f0671a5fecabec4091b281092df5b3ea1983b85e7805851eb67bbe2,Will the highest temperature in Karachi be 34°C on July 22?,highest-temperature-in-karachi-on-july-22-2026-34c,highest-temperature-in-karachi-on-july-22-2026,Yes,0,0x14c7429e427d74512e1d0f4efa62b0b1fd071a75b838b2d532b3f15db556f048,0xbddc2a7690BF600E347d5eb4A9C28f9F24E55d4f-1774968947489,Equal-Sun
1784592700,2026-07-21T00:11:40+00:00,TAKER,BUY,172.586204,0.5794205776,99.99999800747143,6870515198746683513132613547385132714628487563979593526360642831151977519217,0x8a38664ffcd9c21f537b415599560bf6748248bf86bba8366993c4bcbfefc89b,Will the highest temperature in Ankara be 33°C on July 21?,highest-temperature-in-ankara-on-july-21-2026-33c,highest-temperature-in-ankara-on-july-21-2026,Yes,0,0xa5a8c9ea0f8c6b66cc271656a7ab2a0453e99052db3f03e740e31d90c2cd0deb,0xbddc2a7690BF600E347d5eb4A9C28f9F24E55d4f-1774968947489,Equal-Sun
1784594535,2026-07-21T00:42:15+00:00,TAKER,BUY,317.460316,0.6299999997,199.99999898476187,65009753305086034355640281989386079714978109082586795635898757764114072988431,0xa102dddc6351f2c907a53a30bdd475b29581c6f98d0b63dce5da83b454571db9,Will the highest temperature in Tel Aviv be 33°C on July 21?,highest-temperature-in-tel-aviv-on-july-21-2026-33c,highest-temperature-in-tel-aviv-on-july-21-2026,Yes,0,0x04c8f24d8bff75b4c84977b9366cbd091856a6c3b7f7cec792fa6c5f624b277c,0xbddc2a7690BF600E347d5eb4A9C28f9F24E55d4f-1774968947489,Equal-Sun
1784594538,2026-07-21T00:42:18+00:00,TAKER,BUY,431.623332,0.2316834879,99.99999901677968,28996021900449002779452073843415007709491596406051924321999186302407877472266,0xa7aed1aacf8d42301a3c79d792da599bfb07a9c7289481ef5595f5a5f4200880,Will the highest temperature in Warsaw be 19°C on July 21?,highest-temperature-in-warsaw-on-july-21-2026-19c,highest-temperature-in-warsaw-on-july-21-2026,Yes,0,0x78ff21d318ea8a85212e442d49aba370b277eab37bfa37a081fe88147bd97373,0xbddc2a7690BF600E347d5eb4A9C28f9F24E55d4f-1774968947489,Equal-Sun
1784595435,2026-07-21T00:57:15+00:00,TAKER,BUY,360.607141,0.2773100908,99.99999901383842,79057266958156819594664324003724858716514313045542882246858431968268433539931,0x707fba588cb14c84964d6538e64202abc76f2ddc896443a0fca523ad14243e63,Will the highest temperature in Istanbul be 29°C on July 22?,highest-temperature-in-istanbul-on-july-22-2026-29c,highest-temperature-in-istanbul-on-july-22-2026,Yes,0,0x2e63c65b51fe16c64f6f54aa50d96f3070dfaacf32658ef16ed9819908b92340,0xbddc2a7690BF600E347d5eb4A9C28f9F24E55d4f-1774968947489,Equal-Sun
1784595799,2026-07-21T01:03:19+00:00,TAKER,BUY,109.29,0.31,33.8799,79057266958156819594664324003724858716514313045542882246858431968268433539931,0x707fba588cb14c84964d6538e64202abc76f2ddc896443a0fca523ad14243e63,Will the highest temperature in Istanbul be 29°C on July 22?,highest-temperature-in-istanbul-on-july-22-2026-29c,highest-temperature-in-istanbul-on-july-22-2026,Yes,0,0xb5836e70548ef6437f8dc4aa6d4af0ec3597ef5b3c21bee975bc84d92df8976f,0xbddc2a7690BF600E347d5eb4A9C28f9F24E55d4f-1774968947489,Equal-Sun
1784598474,2026-07-21T01:47:54+00:00,TAKER,BUY,314,0.3184713376,100.0000000064,79057266958156819594664324003724858716514313045542882246858431968268433539931,0x707fba588cb14c84964d6538e64202abc76f2ddc896443a0fca523ad14243e63,Will the highest temperature in Istanbul be 29°C on July 22?,highest-temperature-in-istanbul-on-july-22-2026-29c,highest-temperature-in-istanbul-on-july-22-2026,Yes,0,0x31e3d457f702a2bcbb5b61a9d54c3f090e3eb8fd4409d401a3dafd3cd4187b65,0xbddc2a7690BF600E347d5eb4A9C28f9F24E55d4f-1774968947489,Equal-Sun
1784605408,2026-07-21T03:43:28+00:00,TAKER,BUY,135.135134,0.3699999957,49.99999899891892,59073206137538315384483422197746384761364963773177919975218420736156588970533,0xfa5c209a4859b907645a1af3e2cbc5f5e3a8822014fef58892f48a4da30c18d1,Will the highest temperature in Milan be 31°C on July 21?,highest-temperature-in-milan-on-july-21-2026-31c,highest-temperature-in-milan-on-july-21-2026,Yes,0,0x60e53b94d3f5d54326d53ccddb9d9dbc10ea1d03711f12683339b6c0c0a10c4d,0xbddc2a7690BF600E347d5eb4A9C28f9F24E55d4f-1774968947489,Equal-Sun
1784610843,2026-07-21T05:14:03+00:00,TAKER,BUY,270.270269,0.369999998,99.99999898945946,17917935337324443520167135086776420269195072438279984258330851450101007749740,0x8c6e2a8f8611317a3eb477da40f49be4ef6ced2424488380d087b1de9ff908b1,Will the highest temperature in Wellington be 14°C on July 22?,highest-temperature-in-wellington-on-july-22-2026-14c,highest-temperature-in-wellington-on-july-22-2026,Yes,0,0xfc337fac1a8f3e4f639eed546b099add8ddb158330f7c278fd410b680871e4c5,0xbddc2a7690BF600E347d5eb4A9C28f9F24E55d4f-1774968947489,Equal-Sun
1784614746,2026-07-21T06:19:06+00:00,TAKER,BUY,15,0.39,5.8500000000000005,43524793476858914047811166712312557331909513500127354660366655258069358620266,0x5b58b9f1d6b66b2f1e310f9c6ded73ecff780aba020ede6808a46859ecc347df,Will the highest temperature in Madrid be 38°C on July 21?,highest-temperature-in-madrid-on-july-21-2026-38c,highest-temperature-in-madrid-on-july-21-2026,Yes,0,0xaa575347bff699f98eccca68c1711fa2be7b53a0f60485d079384a5e0aae252d,0xbddc2a7690BF600E347d5eb4A9C28f9F24E55d4f-1774968947489,Equal-Sun
1784614756,2026-07-21T06:19:16+00:00,TAKER,BUY,140,0.4,56.0,43524793476858914047811166712312557331909513500127354660366655258069358620266,0x5b58b9f1d6b66b2f1e310f9c6ded73ecff780aba020ede6808a46859ecc347df,Will the highest temperature in Madrid be 38°C on July 21?,highest-temperature-in-madrid-on-july-21-2026-38c,highest-temperature-in-madrid-on-july-21-2026,Yes,0,0x5b21f5985c6ca0865eef7d7753ddc6c2fe2a20f9890ea30cdbe5d5d8750da46b,0xbddc2a7690BF600E347d5eb4A9C28f9F24E55d4f-1774968947489,Equal-Sun
1784614759,2026-07-21T06:19:19+00:00,MAKER,BUY,0.93,0.39,0.3627,43524793476858914047811166712312557331909513500127354660366655258069358620266,0x5b58b9f1d6b66b2f1e310f9c6ded73ecff780aba020ede6808a46859ecc347df,Will the highest temperature in Madrid be 38°C on July 21?,highest-temperature-in-madrid-on-july-21-2026-38c,highest-temperature-in-madrid-on-july-21-2026,Yes,0,0x649d915865f149edddcda5198f09ce96a8967f60dd7b4145a25c8085ec2032c1,0xbddc2a7690BF600E347d5eb4A9C28f9F24E55d4f-1774968947489,Equal-Sun
1784616220,2026-07-21T06:43:40+00:00,TAKER,BUY,24.18,0.39,9.430200000000001,43524793476858914047811166712312557331909513500127354660366655258069358620266,0x5b58b9f1d6b66b2f1e310f9c6ded73ecff780aba020ede6808a46859ecc347df,Will the highest temperature in Madrid be 38°C on July 21?,highest-temperature-in-madrid-on-july-21-2026-38c,highest-temperature-in-madrid-on-july-21-2026,Yes,0,0x593e3d5b966e81c572bc0c8495015ad1022967d44c3c387a23cff6a1a1c4312e,0xbddc2a7690BF600E347d5eb4A9C28f9F24E55d4f-1774968947489,Equal-Sun
1784616259,2026-07-21T06:44:19+00:00,MAKER,BUY,7.6,0.39,2.964,43524793476858914047811166712312557331909513500127354660366655258069358620266,0x5b58b9f1d6b66b2f1e310f9c6ded73ecff780aba020ede6808a46859ecc347df,Will the highest temperature in Madrid be 38°C on July 21?,highest-temperature-in-madrid-on-july-21-2026-38c,highest-temperature-in-madrid-on-july-21-2026,Yes,0,0xb70e4940a9ba3e312631aa50077c1adf325a224331e9e0c51f0c6a7fae8831b4,0xbddc2a7690BF600E347d5eb4A9C28f9F24E55d4f-1774968947489,Equal-Sun
1784616499,2026-07-21T06:48:19+00:00,MAKER,BUY,16.67,0.39,6.5013000000000005,43524793476858914047811166712312557331909513500127354660366655258069358620266,0x5b58b9f1d6b66b2f1e310f9c6ded73ecff780aba020ede6808a46859ecc347df,Will the highest temperature in Madrid be 38°C on July 21?,highest-temperature-in-madrid-on-july-21-2026-38c,highest-temperature-in-madrid-on-july-21-2026,Yes,0,0x2bd0947e4dd709f008caf8a0575080d651fe0786fcf8eed6213cc0fc95e8a7b8,0xbddc2a7690BF600E347d5eb4A9C28f9F24E55d4f-1774968947489,Equal-Sun
1784616720,2026-07-21T06:52:00+00:00,MAKER,BUY,40,0.39,15.600000000000001,43524793476858914047811166712312557331909513500127354660366655258069358620266,0x5b58b9f1d6b66b2f1e310f9c6ded73ecff780aba020ede6808a46859ecc347df,Will the highest temperature in Madrid be 38°C on July 21?,highest-temperature-in-madrid-on-july-21-2026-38c,highest-temperature-in-madrid-on-july-21-2026,Yes,0,0xe67834256581b93f561d3ff268b1493ddcae8cae15ef00f77f7cd689dd89ac38,0xbddc2a7690BF600E347d5eb4A9C28f9F24E55d4f-1774968947489,Equal-Sun
1784616720,2026-07-21T06:52:00+00:00,MAKER,BUY,15.73,0.39,6.1347000000000005,43524793476858914047811166712312557331909513500127354660366655258069358620266,0x5b58b9f1d6b66b2f1e310f9c6ded73ecff780aba020ede6808a46859ecc347df,Will the highest temperature in Madrid be 38°C on July 21?,highest-temperature-in-madrid-on-july-21-2026-38c,highest-temperature-in-madrid-on-july-21-2026,Yes,0,0x2a32c21167187b7c871bb5d5ad5b7e3c180697cc815abd64da816cce1c6e31e1,0xbddc2a7690BF600E347d5eb4A9C28f9F24E55d4f-1774968947489,Equal-Sun
1784626260,2026-07-21T09:31:00+00:00,TAKER,BUY,211.07,0.7330928128,154.733899997696,106954830898767343172590675398682296886283760361881452319177105777857104309721,0x98053275c42bed75c6fdbd94bb047c516b9017aebd0d70403b8058736f6ddf0c,Will the highest temperature in Madrid be 37°C on July 21?,highest-temperature-in-madrid-on-july-21-2026-37c,highest-temperature-in-madrid-on-july-21-2026,Yes,0,0xcddefd582ce384efe93b75e3b23f93e6c941709d48656d95b04100c991377d58,0xbddc2a7690BF600E347d5eb4A9C28f9F24E55d4f-1774968947489,Equal-Sun
1784626636,2026-07-21T09:37:16+00:00,TAKER,BUY,97.11,0.46,44.6706,88002616964427649825024211822336106143619613124062468903623069027040545146065,0x540562f77f0671a5fecabec4091b281092df5b3ea1983b85e7805851eb67bbe2,Will the highest temperature in Karachi be 34°C on July 22?,highest-temperature-in-karachi-on-july-22-2026-34c,highest-temperature-in-karachi-on-july-22-2026,Yes,0,0x8c7b29fd7b69a3eff3d27d20db61cb3a75e38c392dbbbee48d700fd768fe4408,0xbddc2a7690BF600E347d5eb4A9C28f9F24E55d4f-1774968947489,Equal-Sun
1784626647,2026-07-21T09:37:27+00:00,TAKER,BUY,212.765956,0.4699999985,99.99999900085106,88002616964427649825024211822336106143619613124062468903623069027040545146065,0x540562f77f0671a5fecabec4091b281092df5b3ea1983b85e7805851eb67bbe2,Will the highest temperature in Karachi be 34°C on July 22?,highest-temperature-in-karachi-on-july-22-2026-34c,highest-temperature-in-karachi-on-july-22-2026,Yes,0,0xf8b4f913b4959037e201c36df804fd6a7eef0485f407a64d70bd02699446ecf7,0xbddc2a7690BF600E347d5eb4A9C28f9F24E55d4f-1774968947489,Equal-Sun
1784627160,2026-07-21T09:46:00+00:00,TAKER,BUY,189.151726,0.7680077844,145.26999800069586,106954830898767343172590675398682296886283760361881452319177105777857104309721,0x98053275c42bed75c6fdbd94bb047c516b9017aebd0d70403b8058736f6ddf0c,Will the highest temperature in Madrid be 37°C on July 21?,highest-temperature-in-madrid-on-july-21-2026-37c,highest-temperature-in-madrid-on-july-21-2026,Yes,0,0xb9a2d0cedde259729d905d1d7b68879b398ebf046eefd2b93ba3333f1f0ea732,0xbddc2a7690BF600E347d5eb4A9C28f9F24E55d4f-1774968947489,Equal-Sun
1784631685,2026-07-21T11:01:25+00:00,TAKER,BUY,779.185,0.2566784525,200.00000001121248,13565890910123426966775796193368435281874026420173941851694029849001596562768,0xd61c0c3e653f119776955ad577b51b924f70a33947387c56e3ef2bc510155e50,Will the highest temperature in Mexico City be 28°C on July 21?,highest-temperature-in-mexico-city-on-july-21-2026-28c,highest-temperature-in-mexico-city-on-july-21-2026,Yes,0,0x24755eb11590ba788f80f0034ad09a606b30270c56758e1b2014ffdef5e1f9bd,0xbddc2a7690BF600E347d5eb4A9C28f9F24E55d4f-1774968947489,Equal-Sun
1784633502,2026-07-21T11:31:42+00:00,TAKER,BUY,607.4264,0.493886996,299.9999999870944,70349822250697800636857551126837753586207012063575287117218483103539360778713,0xe5d9d5c89726cdf846d235d1f74cf7fd252cef84eea32f47328c08aaa9011c7f,Will the highest temperature in Madrid be 39°C on July 22?,highest-temperature-in-madrid-on-july-22-2026-39c,highest-temperature-in-madrid-on-july-22-2026,Yes,0,0x05d15a2880e6047faad4fbe3e62c8e18f8d50c858134bcc76c043c687973ba0d,0xbddc2a7690BF600E347d5eb4A9C28f9F24E55d4f-1774968947489,Equal-Sun
1784633505,2026-07-21T11:31:45+00:00,TAKER,BUY,349.24,0.21,73.3404,103295360739098050112882709351292938983073955202808151799756966580573861345599,0x83e36c66a3f263045804c11d3725f4839704dbc0e20af38c31664864f4872c04,Will the highest temperature in Paris be 25°C on July 21?,highest-temperature-in-paris-on-july-21-2026-25c,highest-temperature-in-paris-on-july-21-2026,Yes,0,0xf202de2dfc530c9df51b63c28827bbc30730c8336e238dd19681b77ce1dba97f,0xbddc2a7690BF600E347d5eb4A9C28f9F24E55d4f-1774968947489,Equal-Sun
1784634400,2026-07-21T11:46:40+00:00,TAKER,BUY,35,0.2228571429,7.8000000015,103295360739098050112882709351292938983073955202808151799756966580573861345599,0x83e36c66a3f263045804c11d3725f4839704dbc0e20af38c31664864f4872c04,Will the highest temperature in Paris be 25°C on July 21?,highest-temperature-in-paris-on-july-21-2026-25c,highest-temperature-in-paris-on-july-21-2026,Yes,0,0xec8c1c56917172b5570a4bc44d1ae5ba6a1ace10950812a2b04474694d42cf14,0xbddc2a7690BF600E347d5eb4A9C28f9F24E55d4f-1774968947489,Equal-Sun
1784635309,2026-07-21T12:01:49+00:00,TAKER,BUY,18.97,0.2052714813,3.894000000261,103295360739098050112882709351292938983073955202808151799756966580573861345599,0x83e36c66a3f263045804c11d3725f4839704dbc0e20af38c31664864f4872c04,Will the highest temperature in Paris be 25°C on July 21?,highest-temperature-in-paris-on-july-21-2026-25c,highest-temperature-in-paris-on-july-21-2026,Yes,0,0xc5f714fe346b88fcb24bf259e0b5999a232cb4c849d8f7cdc61dfeda6be7a2cb,0xbddc2a7690BF600E347d5eb4A9C28f9F24E55d4f-1774968947489,Equal-Sun
1784637121,2026-07-21T12:32:01+00:00,TAKER,BUY,53.140936,0.2817037133,14.96999899943765,103295360739098050112882709351292938983073955202808151799756966580573861345599,0x83e36c66a3f263045804c11d3725f4839704dbc0e20af38c31664864f4872c04,Will the highest temperature in Paris be 25°C on July 21?,highest-temperature-in-paris-on-july-21-2026-25c,highest-temperature-in-paris-on-july-21-2026,Yes,0,0x0fc6f4349460bd7b8aeedb038084dfa0e305c7d0e8e736a6f797febf9c1dad48,0xbddc2a7690BF600E347d5eb4A9C28f9F24E55d4f-1774968947489,Equal-Sun
1784638929,2026-07-21T13:02:09+00:00,TAKER,BUY,572,0.3496503497,200.0000000284,79057266958156819594664324003724858716514313045542882246858431968268433539931,0x707fba588cb14c84964d6538e64202abc76f2ddc896443a0fca523ad14243e63,Will the highest temperature in Istanbul be 29°C on July 22?,highest-temperature-in-istanbul-on-july-22-2026-29c,highest-temperature-in-istanbul-on-july-22-2026,Yes,0,0xfd0da336af11b2cdf14b47989c51ce984dea536c6debb042a59eccbe97c0e1dd,0xbddc2a7690BF600E347d5eb4A9C28f9F24E55d4f-1774968947489,Equal-Sun
1784640448,2026-07-21T13:27:28+00:00,TAKER,BUY,25,0.74,18.5,106954830898767343172590675398682296886283760361881452319177105777857104309721,0x98053275c42bed75c6fdbd94bb047c516b9017aebd0d70403b8058736f6ddf0c,Will the highest temperature in Madrid be 37°C on July 21?,highest-temperature-in-madrid-on-july-21-2026-37c,highest-temperature-in-madrid-on-july-21-2026,Yes,0,0x77b8967ad5f4b1780e25cbfe933c72801cedd7d126c133f9c9c44187cc1d130c,0xbddc2a7690BF600E347d5eb4A9C28f9F24E55d4f-1774968947489,Equal-Sun
1784640898,2026-07-21T13:34:58+00:00,MAKER,BUY,10,0.74,7.4,106954830898767343172590675398682296886283760361881452319177105777857104309721,0x98053275c42bed75c6fdbd94bb047c516b9017aebd0d70403b8058736f6ddf0c,Will the highest temperature in Madrid be 37°C on July 21?,highest-temperature-in-madrid-on-july-21-2026-37c,highest-temperature-in-madrid-on-july-21-2026,Yes,0,0x13976083afe13d39089fa1a173b1872c77bedc9282d9ae832625900c07323dd8,0xbddc2a7690BF600E347d5eb4A9C28f9F24E55d4f-1774968947489,Equal-Sun
1784642605,2026-07-21T14:03:25+00:00,TAKER,SELL,317.46,0.993038304,315.24993998784,65009753305086034355640281989386079714978109082586795635898757764114072988431,0xa102dddc6351f2c907a53a30bdd475b29581c6f98d0b63dce5da83b454571db9,Will the highest temperature in Tel Aviv be 33°C on July 21?,highest-temperature-in-tel-aviv-on-july-21-2026-33c,highest-temperature-in-tel-aviv-on-july-21-2026,Yes,0,0xfae82c52db74097b5e2579f82fcbf25fb661a427fe96b81508465ee782c28d4e,0xbddc2a7690BF600E347d5eb4A9C28f9F24E55d4f-1774968947489,Equal-Sun
1784643241,2026-07-21T14:14:01+00:00,TAKER,SELL,435.22,0.2415658747,105.134299986934,106954830898767343172590675398682296886283760361881452319177105777857104309721,0x98053275c42bed75c6fdbd94bb047c516b9017aebd0d70403b8058736f6ddf0c,Will the highest temperature in Madrid be 37°C on July 21?,highest-temperature-in-madrid-on-july-21-2026-37c,highest-temperature-in-madrid-on-july-21-2026,Yes,0,0xa0413f7bc284382e56148ad847e7aa482c836888c848dca1525f24ebead2ff1d,0xbddc2a7690BF600E347d5eb4A9C28f9F24E55d4f-1774968947489,Equal-Sun
1784644017,2026-07-21T14:26:57+00:00,MAKER,SELL,190.437121,0.9939999986,189.29449800738803,6870515198746683513132613547385132714628487563979593526360642831151977519217,0x8a38664ffcd9c21f537b415599560bf6748248bf86bba8366993c4bcbfefc89b,Will the highest temperature in Ankara be 33°C on July 21?,highest-temperature-in-ankara-on-july-21-2026-33c,highest-temperature-in-ankara-on-july-21-2026,Yes,0,0xf162cb3a63438652969e51ec8c0251560f29de70c572d74c44c7a9dda3f4d2ab,0xbddc2a7690BF600E347d5eb4A9C28f9F24E55d4f-1774968947489,Equal-Sun
1784644054,2026-07-21T14:27:34+00:00,MAKER,SELL,0.14,0.994,0.13916,6870515198746683513132613547385132714628487563979593526360642831151977519217,0x8a38664ffcd9c21f537b415599560bf6748248bf86bba8366993c4bcbfefc89b,Will the highest temperature in Ankara be 33°C on July 21?,highest-temperature-in-ankara-on-july-21-2026-33c,highest-temperature-in-ankara-on-july-21-2026,Yes,0,0xc1a18ab346400aa86d71946701d6d65ec397d4762124f75e99f6dc0610669938,0xbddc2a7690BF600E347d5eb4A9C28f9F24E55d4f-1774968947489,Equal-Sun
1784644203,2026-07-21T14:30:03+00:00,MAKER,SELL,340,0.994,337.96,6870515198746683513132613547385132714628487563979593526360642831151977519217,0x8a38664ffcd9c21f537b415599560bf6748248bf86bba8366993c4bcbfefc89b,Will the highest temperature in Ankara be 33°C on July 21?,highest-temperature-in-ankara-on-july-21-2026-33c,highest-temperature-in-ankara-on-july-21-2026,Yes,0,0x7af477d98c9ee4c4b4453420b33ea7cee55afcd2e80959dbb8c76648e4934595,0xbddc2a7690BF600E347d5eb4A9C28f9F24E55d4f-1774968947489,Equal-Sun
1784644575,2026-07-21T14:36:15+00:00,MAKER,SELL,7.42,0.994,7.37548,6870515198746683513132613547385132714628487563979593526360642831151977519217,0x8a38664ffcd9c21f537b415599560bf6748248bf86bba8366993c4bcbfefc89b,Will the highest temperature in Ankara be 33°C on July 21?,highest-temperature-in-ankara-on-july-21-2026-33c,highest-temperature-in-ankara-on-july-21-2026,Yes,0,0x28213b0299635732cfdcd0a72f6e4a3b9db066f1475e55ab58483a219b5b0e67,0xbddc2a7690BF600E347d5eb4A9C28f9F24E55d4f-1774968947489,Equal-Sun
1784644624,2026-07-21T14:37:04+00:00,MAKER,SELL,160.86519,0.9939999947,159.8999980074145,6870515198746683513132613547385132714628487563979593526360642831151977519217,0x8a38664ffcd9c21f537b415599560bf6748248bf86bba8366993c4bcbfefc89b,Will the highest temperature in Ankara be 33°C on July 21?,highest-temperature-in-ankara-on-july-21-2026-33c,highest-temperature-in-ankara-on-july-21-2026,Yes,0,0x037f6c8853bfdac7210eb6dc43c2cd0204d1be14341dec14c7d6371c9d2116f3,0xbddc2a7690BF600E347d5eb4A9C28f9F24E55d4f-1774968947489,Equal-Sun
1784644843,2026-07-21T14:40:43+00:00,MAKER,SELL,40,0.994,39.76,6870515198746683513132613547385132714628487563979593526360642831151977519217,0x8a38664ffcd9c21f537b415599560bf6748248bf86bba8366993c4bcbfefc89b,Will the highest temperature in Ankara be 33°C on July 21?,highest-temperature-in-ankara-on-july-21-2026-33c,highest-temperature-in-ankara-on-july-21-2026,Yes,0,0x5b5df1f0e20e387e3f8d26c8605cf2eae44ae26371abffb1c4f346242a7c893e,0xbddc2a7690BF600E347d5eb4A9C28f9F24E55d4f-1774968947489,Equal-Sun
1784644965,2026-07-21T14:42:45+00:00,MAKER,SELL,4.42,0.994,4.39348,6870515198746683513132613547385132714628487563979593526360642831151977519217,0x8a38664ffcd9c21f537b415599560bf6748248bf86bba8366993c4bcbfefc89b,Will the highest temperature in Ankara be 33°C on July 21?,highest-temperature-in-ankara-on-july-21-2026-33c,highest-temperature-in-ankara-on-july-21-2026,Yes,0,0x26fe3436ecf0533c783edc3a85e9f01023820d6e7b84621ddb79010e42dbf4bc,0xbddc2a7690BF600E347d5eb4A9C28f9F24E55d4f-1774968947489,Equal-Sun
1784667900,2026-07-21T21:05:00+00:00,TAKER,SELL,270.27,0.0858593259,23.205200010993,17917935337324443520167135086776420269195072438279984258330851450101007749740,0x8c6e2a8f8611317a3eb477da40f49be4ef6ced2424488380d087b1de9ff908b1,Will the highest temperature in Wellington be 14°C on July 22?,highest-temperature-in-wellington-on-july-22-2026-14c,highest-temperature-in-wellington-on-july-22-2026,Yes,0,0x52df695417de68cc16b6f49fa9c3d24ea40dcd74ef32639690dbc81e59fecc9c,0xbddc2a7690BF600E347d5eb4A9C28f9F24E55d4f-1774968947489,Equal-Sun
1784678959,2026-07-22T00:09:19+00:00,TAKER,BUY,252.3,0.3963535474,100.00000000902,87376424412918773599494356923314458126748992687549484156982226924179690274520,0x60f9179f4e4b0f2d329b92048cb11b7e38c20bfb940f69859aa2a02ac9b4e523,Will the highest temperature in Ankara be 32°C on July 22?,highest-temperature-in-ankara-on-july-22-2026-32c,highest-temperature-in-ankara-on-july-22-2026,Yes,0,0x89de87cd3aaee1d2c146b9cf6450d7072e1f7728dfe30277a61515160351d9bb,0xbddc2a7690BF600E347d5eb4A9C28f9F24E55d4f-1774968947489,Equal-Sun
1784679862,2026-07-22T00:24:22+00:00,TAKER,BUY,135.135134,0.3699999957,49.99999899891892,114473106040890368210403629978084714247002114469029887869028503687351050727364,0x5f220565e86b287206f21509f073185208fee50eda29953a42f33ac315c6cba1,Will the highest temperature in Karachi be 35°C on July 23?,highest-temperature-in-karachi-on-july-23-2026-35c,highest-temperature-in-karachi-on-july-23-2026,Yes,0,0x171f6ba1ff5731a88d3a5827b2884640abd7610d7161e0d6b769b7a43a829fef,0xbddc2a7690BF600E347d5eb4A9C28f9F24E55d4f-1774968947489,Equal-Sun
1784680765,2026-07-22T00:39:25+00:00,TAKER,BUY,364.998,0.5479482079,199.99999998708418,31164507633314498444877233773720045597572596798292301118150647118157910494263,0x44f2668969a4b140653c5f47ec889f489cab8f6bf09cf523c4d31ef91eac0355,Will the highest temperature in Tel Aviv be 33°C on July 22?,highest-temperature-in-tel-aviv-on-july-22-2026-33c,highest-temperature-in-tel-aviv-on-july-22-2026,Yes,0,0x8c0f55e038dd5b348f6e4ab64c6787cfb80e8ac22fb4904b1499f76539241fda,0xbddc2a7690BF600E347d5eb4A9C28f9F24E55d4f-1774968947489,Equal-Sun
1784681676,2026-07-22T00:54:36+00:00,TAKER,BUY,270.270269,0.369999998,99.99999898945946,40493772660537607317425105281414023179699603995651717651249796484301270569896,0xea3a547f6cbb2afa2846e9f1a804791cfb99edb61352d0be534ccc5da60d8ad4,Will the highest temperature in Istanbul be 24°C on July 23?,highest-temperature-in-istanbul-on-july-23-2026-24c,highest-temperature-in-istanbul-on-july-23-2026,Yes,0,0xaa92947205ffbe2344894ade96225566ec70e3286a269640d3fd8c81861be1b6,0xbddc2a7690BF600E347d5eb4A9C28f9F24E55d4f-1774968947489,Equal-Sun
1784685352,2026-07-22T01:55:52+00:00,TAKER,BUY,116.279068,0.4299999979,49.999998995813954,94607978887561055125178534863409492912849300236764529375688665034946772474203,0x1e757da6bc42ec95592d61f450faff619cabfb08301f5456870335297b45ff3f,Will the highest temperature in Milan be 30°C on July 22?,highest-temperature-in-milan-on-july-22-2026-30c,highest-temperature-in-milan-on-july-22-2026,Yes,0,0x2576dadcfde2b7b5fedfa2ee555288d8380d01bece859952089da796931b7160,0xbddc2a7690BF600E347d5eb4A9C28f9F24E55d4f-1774968947489,Equal-Sun
1784703754,2026-07-22T07:02:34+00:00,TAKER,BUY,110,0.4695454545,51.649999995,79057266958156819594664324003724858716514313045542882246858431968268433539931,0x707fba588cb14c84964d6538e64202abc76f2ddc896443a0fca523ad14243e63,Will the highest temperature in Istanbul be 29°C on July 22?,highest-temperature-in-istanbul-on-july-22-2026-29c,highest-temperature-in-istanbul-on-july-22-2026,Yes,0,0x1062df7ac6063c2bc208b9cf3231a802e46cf6ed0245c44d0c11b763b7718451,0xbddc2a7690BF600E347d5eb4A9C28f9F24E55d4f-1774968947489,Equal-Sun
1784704101,2026-07-22T07:08:21+00:00,TAKER,BUY,5,0.48,2.4,79057266958156819594664324003724858716514313045542882246858431968268433539931,0x707fba588cb14c84964d6538e64202abc76f2ddc896443a0fca523ad14243e63,Will the highest temperature in Istanbul be 29°C on July 22?,highest-temperature-in-istanbul-on-july-22-2026-29c,highest-temperature-in-istanbul-on-july-22-2026,Yes,0,0x4b9a3333a40860a6dac4878c59eb6f7d63a4f87e713d1b08787d1cde7c0d2ea6,0xbddc2a7690BF600E347d5eb4A9C28f9F24E55d4f-1774968947489,Equal-Sun
1784704113,2026-07-22T07:08:33+00:00,TAKER,BUY,10,0.48,4.8,79057266958156819594664324003724858716514313045542882246858431968268433539931,0x707fba588cb14c84964d6538e64202abc76f2ddc896443a0fca523ad14243e63,Will the highest temperature in Istanbul be 29°C on July 22?,highest-temperature-in-istanbul-on-july-22-2026-29c,highest-temperature-in-istanbul-on-july-22-2026,Yes,0,0x654f2492ae9af08326af6e0bc7ef8f27dcfa34f8ece0b4af9f2831263ade90ba,0xbddc2a7690BF600E347d5eb4A9C28f9F24E55d4f-1774968947489,Equal-Sun
1784704123,2026-07-22T07:08:43+00:00,TAKER,BUY,8,0.48,3.84,79057266958156819594664324003724858716514313045542882246858431968268433539931,0x707fba588cb14c84964d6538e64202abc76f2ddc896443a0fca523ad14243e63,Will the highest temperature in Istanbul be 29°C on July 22?,highest-temperature-in-istanbul-on-july-22-2026-29c,highest-temperature-in-istanbul-on-july-22-2026,Yes,0,0xf082a39af6cd5d5511aea6add89ff996a266c07aa28d46fa937bdb4676fb687a,0xbddc2a7690BF600E347d5eb4A9C28f9F24E55d4f-1774968947489,Equal-Sun
1784705266,2026-07-22T07:27:46+00:00,TAKER,BUY,64.39,0.37,23.8243,40493772660537607317425105281414023179699603995651717651249796484301270569896,0xea3a547f6cbb2afa2846e9f1a804791cfb99edb61352d0be534ccc5da60d8ad4,Will the highest temperature in Istanbul be 24°C on July 23?,highest-temperature-in-istanbul-on-july-23-2026-24c,highest-temperature-in-istanbul-on-july-23-2026,Yes,0,0xc0a200588d4b89df28c382b6e4dc271f20d4288b0c582125a1d2eb9d1a43a6b1,0xbddc2a7690BF600E347d5eb4A9C28f9F24E55d4f-1774968947489,Equal-Sun
1784712499,2026-07-22T09:28:19+00:00,TAKER,BUY,152.064847,0.3288070845,49.99999899700857,20246937733035823945814856112782924411108354893180331019612472407206646904567,0x6390a6eba23b58c1295bdedbbc970f4052a13424eb162f80297420e2ab5a9ae3,Will the highest temperature in Austin be between 100-101°F on July 23?,highest-temperature-in-austin-on-july-23-2026-100-101f,highest-temperature-in-austin-on-july-23-2026,Yes,0,0x512ddb79f72aee3cc949167c66e29be9213a5422561893e75f0239dca59576c4,0xbddc2a7690BF600E347d5eb4A9C28f9F24E55d4f-1774968947489,Equal-Sun
1784713401,2026-07-22T09:43:21+00:00,TAKER,BUY,222.62,0.7016728057,156.206400004934,70349822250697800636857551126837753586207012063575287117218483103539360778713,0xe5d9d5c89726cdf846d235d1f74cf7fd252cef84eea32f47328c08aaa9011c7f,Will the highest temperature in Madrid be 39°C on July 22?,highest-temperature-in-madrid-on-july-22-2026-39c,highest-temperature-in-madrid-on-july-22-2026,Yes,0,0xc5c5783a4d1955134a83138a7a91281039ed90b6d2bc47e9448f564ebc937e51,0xbddc2a7690BF600E347d5eb4A9C28f9F24E55d4f-1774968947489,Equal-Sun
1784716101,2026-07-22T10:28:21+00:00,TAKER,BUY,58.523459,0.7482469209,43.7899979971674,70349822250697800636857551126837753586207012063575287117218483103539360778713,0xe5d9d5c89726cdf846d235d1f74cf7fd252cef84eea32f47328c08aaa9011c7f,Will the highest temperature in Madrid be 39°C on July 22?,highest-temperature-in-madrid-on-july-22-2026-39c,highest-temperature-in-madrid-on-july-22-2026,Yes,0,0xf6d92e1237020105ebaf018401341990ce71158e146c85d7fe442ec10d1c9588,0xbddc2a7690BF600E347d5eb4A9C28f9F24E55d4f-1774968947489,Equal-Sun
1784718802,2026-07-22T11:13:22+00:00,TAKER,BUY,667,0.2242578711,149.5800000237,46861689285856535561280347850352161221414631756424687363346687099326009374055,0xf50d7d1bb0a0a8907e7fd5203773f26728388bc4e0f3120862680d640de30996,Will the highest temperature in Mexico City be 28°C on July 22?,highest-temperature-in-mexico-city-on-july-22-2026-28c,highest-temperature-in-mexico-city-on-july-22-2026,Yes,0,0xf5839dfc7d8c33b58e9ce65c3501cdd0066c486c9cecc7e25b8aca22534d1c3d,0xbddc2a7690BF600E347d5eb4A9C28f9F24E55d4f-1774968947489,Equal-Sun
1784719702,2026-07-22T11:28:22+00:00,TAKER,BUY,339.295931,0.5894559313,199.99999899390554,59778436363850758239120923706196998207802436397547762641804915725598964751130,0x8de340f075224a95630b3e33359be81e74959cc7202a0a72f3827a293b8c25f7,Will the highest temperature in Madrid be 38°C on July 23?,highest-temperature-in-madrid-on-july-23-2026-38c,highest-temperature-in-madrid-on-july-23-2026,Yes,0,0xc3aeb3ee14adbcb4d7dc7a0fac169c78d9fa4c867bc3d4e10a9660692bb723f9,0xbddc2a7690BF600E347d5eb4A9C28f9F24E55d4f-1774968947489,Equal-Sun
1784719705,2026-07-22T11:28:25+00:00,TAKER,BUY,120,0.4433333333,53.199999996,60573534198924265923850660565464047491309722877423650995111375513583974906069,0x290aa4b0f8a0d350eca48f5b97c79509f368122c37f531e8397d0cbd6e116feb,Will the highest temperature in Paris be 26°C on July 22?,highest-temperature-in-paris-on-july-22-2026-26c,highest-temperature-in-paris-on-july-22-2026,Yes,0,0x2d718a007f07b39f14ec85deec7e1ef63692c62bc716e587135d9aec450c1b9d,0xbddc2a7690BF600E347d5eb4A9C28f9F24E55d4f-1774968947489,Equal-Sun
1784719708,2026-07-22T11:28:28+00:00,TAKER,BUY,194.115383,0.2597424183,50.41999900965071,46861689285856535561280347850352161221414631756424687363346687099326009374055,0xf50d7d1bb0a0a8907e7fd5203773f26728388bc4e0f3120862680d640de30996,Will the highest temperature in Mexico City be 28°C on July 22?,highest-temperature-in-mexico-city-on-july-22-2026-28c,highest-temperature-in-mexico-city-on-july-22-2026,Yes,0,0x8b72abadd99a3e4ee49535398ed3adb5ba8ba1d8395280c65b29b8a8ad83d98b,0xbddc2a7690BF600E347d5eb4A9C28f9F24E55d4f-1774968947489,Equal-Sun
1784722390,2026-07-22T12:13:10+00:00,MAKER,SELL,449,0.997,447.653,88002616964427649825024211822336106143619613124062468903623069027040545146065,0x540562f77f0671a5fecabec4091b281092df5b3ea1983b85e7805851eb67bbe2,Will the highest temperature in Karachi be 34°C on July 22?,highest-temperature-in-karachi-on-july-22-2026-34c,highest-temperature-in-karachi-on-july-22-2026,Yes,0,0xbdd768d95c9c7c57d5ecf2e374599dc9f15da5fb1915a4b28469d335ceaa53eb,0xbddc2a7690BF600E347d5eb4A9C28f9F24E55d4f-1774968947489,Equal-Sun
1784722404,2026-07-22T12:13:24+00:00,TAKER,BUY,92.044628,0.5084489993,46.79999899754076,60573534198924265923850660565464047491309722877423650995111375513583974906069,0x290aa4b0f8a0d350eca48f5b97c79509f368122c37f531e8397d0cbd6e116feb,Will the highest temperature in Paris be 26°C on July 22?,highest-temperature-in-paris-on-july-22-2026-26c,highest-temperature-in-paris-on-july-22-2026,Yes,0,0x83d3f04f9a690efa15ef6dfb96923785a5e10d571e511abe2ecfceaa51b49315,0xbddc2a7690BF600E347d5eb4A9C28f9F24E55d4f-1774968947489,Equal-Sun
1784723028,2026-07-22T12:23:48+00:00,MAKER,SELL,113.335727,0.9949999968,112.76904800232568,31164507633314498444877233773720045597572596798292301118150647118157910494263,0x44f2668969a4b140653c5f47ec889f489cab8f6bf09cf523c4d31ef91eac0355,Will the highest temperature in Tel Aviv be 33°C on July 22?,highest-temperature-in-tel-aviv-on-july-22-2026-33c,highest-temperature-in-tel-aviv-on-july-22-2026,Yes,0,0xda2f70a4d77eee50313edaee370c69528bf275b9e17e2e26c733b07edad0d7cc,0xbddc2a7690BF600E347d5eb4A9C28f9F24E55d4f-1774968947489,Equal-Sun
1784723799,2026-07-22T12:36:39+00:00,TAKER,SELL,286.24,0.2530128563,72.42239998731199,46861689285856535561280347850352161221414631756424687363346687099326009374055,0xf50d7d1bb0a0a8907e7fd5203773f26728388bc4e0f3120862680d640de30996,Will the highest temperature in Mexico City be 28°C on July 22?,highest-temperature-in-mexico-city-on-july-22-2026-28c,highest-temperature-in-mexico-city-on-july-22-2026,Yes,0,0x6f5cfbf27d9e025d13bb68b36b1f3f13e4420a51ce68f0435ba850686c993c00,0xbddc2a7690BF600E347d5eb4A9C28f9F24E55d4f-1774968947489,Equal-Sun
1784723829,2026-07-22T12:37:09+00:00,TAKER,SELL,300,0.23,69.0,46861689285856535561280347850352161221414631756424687363346687099326009374055,0xf50d7d1bb0a0a8907e7fd5203773f26728388bc4e0f3120862680d640de30996,Will the highest temperature in Mexico City be 28°C on July 22?,highest-temperature-in-mexico-city-on-july-22-2026-28c,highest-temperature-in-mexico-city-on-july-22-2026,Yes,0,0xc54b5cbcfb69f940d85a93876c2dce1bf3abb6518c74f4984707a6de460abfd5,0xbddc2a7690BF600E347d5eb4A9C28f9F24E55d4f-1774968947489,Equal-Sun
1784723857,2026-07-22T12:37:37+00:00,MAKER,SELL,3.363717,0.9949998766,3.346897999917322,31164507633314498444877233773720045597572596798292301118150647118157910494263,0x44f2668969a4b140653c5f47ec889f489cab8f6bf09cf523c4d31ef91eac0355,Will the highest temperature in Tel Aviv be 33°C on July 22?,highest-temperature-in-tel-aviv-on-july-22-2026-33c,highest-temperature-in-tel-aviv-on-july-22-2026,Yes,0,0x47b9c832f9225f9ee066932b8b59feb5aa5822a7438c6f994fc36867f5bb694a,0xbddc2a7690BF600E347d5eb4A9C28f9F24E55d4f-1774968947489,Equal-Sun
1784723865,2026-07-22T12:37:45+00:00,MAKER,SELL,10.05025,0.9949999254,9.99999800025135,31164507633314498444877233773720045597572596798292301118150647118157910494263,0x44f2668969a4b140653c5f47ec889f489cab8f6bf09cf523c4d31ef91eac0355,Will the highest temperature in Tel Aviv be 33°C on July 22?,highest-temperature-in-tel-aviv-on-july-22-2026-33c,highest-temperature-in-tel-aviv-on-july-22-2026,Yes,0,0x19e43246f119183e41236e1351f3bea2b63533c32e1a71e51f8c536615113e1d,0xbddc2a7690BF600E347d5eb4A9C28f9F24E55d4f-1774968947489,Equal-Sun
1784723871,2026-07-22T12:37:51+00:00,MAKER,SELL,10.05025,0.9949999254,9.99999800025135,31164507633314498444877233773720045597572596798292301118150647118157910494263,0x44f2668969a4b140653c5f47ec889f489cab8f6bf09cf523c4d31ef91eac0355,Will the highest temperature in Tel Aviv be 33°C on July 22?,highest-temperature-in-tel-aviv-on-july-22-2026-33c,highest-temperature-in-tel-aviv-on-july-22-2026,Yes,0,0x94534ebc2b40643556a81b51f8179d94cfb7a5a8580dd462d00024b5d467c259,0xbddc2a7690BF600E347d5eb4A9C28f9F24E55d4f-1774968947489,Equal-Sun
1784723874,2026-07-22T12:37:54+00:00,MAKER,SELL,10.05025,0.9949999254,9.99999800025135,31164507633314498444877233773720045597572596798292301118150647118157910494263,0x44f2668969a4b140653c5f47ec889f489cab8f6bf09cf523c4d31ef91eac0355,Will the highest temperature in Tel Aviv be 33°C on July 22?,highest-temperature-in-tel-aviv-on-july-22-2026-33c,highest-temperature-in-tel-aviv-on-july-22-2026,Yes,0,0xd1e8a016b495f8b02547b0697c2dd13c6cbb674f2ab37b4f0c4d7e2d60365938,0xbddc2a7690BF600E347d5eb4A9C28f9F24E55d4f-1774968947489,Equal-Sun
1784723901,2026-07-22T12:38:21+00:00,MAKER,SELL,10.05025,0.9949999254,9.99999800025135,31164507633314498444877233773720045597572596798292301118150647118157910494263,0x44f2668969a4b140653c5f47ec889f489cab8f6bf09cf523c4d31ef91eac0355,Will the highest temperature in Tel Aviv be 33°C on July 22?,highest-temperature-in-tel-aviv-on-july-22-2026-33c,highest-temperature-in-tel-aviv-on-july-22-2026,Yes,0,0x1452245b409b6091024abc80f5e287dac51e94b1a24565654cd0a9eeef57525f,0xbddc2a7690BF600E347d5eb4A9C28f9F24E55d4f-1774968947489,Equal-Sun
1784724673,2026-07-22T12:51:13+00:00,MAKER,SELL,5.075375,0.9949999754,5.049998000145775,31164507633314498444877233773720045597572596798292301118150647118157910494263,0x44f2668969a4b140653c5f47ec889f489cab8f6bf09cf523c4d31ef91eac0355,Will the highest temperature in Tel Aviv be 33°C on July 22?,highest-temperature-in-tel-aviv-on-july-22-2026-33c,highest-temperature-in-tel-aviv-on-july-22-2026,Yes,0,0xf91c299f4d1f9989f284014a38bd65b7705e390c23a12a25d4719c6d2e84fb7c,0xbddc2a7690BF600E347d5eb4A9C28f9F24E55d4f-1774968947489,Equal-Sun
1784724684,2026-07-22T12:51:24+00:00,MAKER,SELL,4.875456,0.9949998523,4.851077999895148,31164507633314498444877233773720045597572596798292301118150647118157910494263,0x44f2668969a4b140653c5f47ec889f489cab8f6bf09cf523c4d31ef91eac0355,Will the highest temperature in Tel Aviv be 33°C on July 22?,highest-temperature-in-tel-aviv-on-july-22-2026-33c,highest-temperature-in-tel-aviv-on-july-22-2026,Yes,0,0xc3ddf1be72c1691c5d3d65da06407bcb59995be4f163490b5e616b8d8e4e74fb,0xbddc2a7690BF600E347d5eb4A9C28f9F24E55d4f-1774968947489,Equal-Sun
1784724691,2026-07-22T12:51:31+00:00,MAKER,SELL,10.05025,0.9949999254,9.99999800025135,31164507633314498444877233773720045597572596798292301118150647118157910494263,0x44f2668969a4b140653c5f47ec889f489cab8f6bf09cf523c4d31ef91eac0355,Will the highest temperature in Tel Aviv be 33°C on July 22?,highest-temperature-in-tel-aviv-on-july-22-2026-33c,highest-temperature-in-tel-aviv-on-july-22-2026,Yes,0,0xe1c0b0633c348607704a82145c640b1ff115d7c90fd361e68d6386564453b300,0xbddc2a7690BF600E347d5eb4A9C28f9F24E55d4f-1774968947489,Equal-Sun
1784724702,2026-07-22T12:51:42+00:00,MAKER,SELL,10.05025,0.9949999254,9.99999800025135,31164507633314498444877233773720045597572596798292301118150647118157910494263,0x44f2668969a4b140653c5f47ec889f489cab8f6bf09cf523c4d31ef91eac0355,Will the highest temperature in Tel Aviv be 33°C on July 22?,highest-temperature-in-tel-aviv-on-july-22-2026-33c,highest-temperature-in-tel-aviv-on-july-22-2026,Yes,0,0x4de8fe1357c860292bcd722aea176ad9337dec9742e72c2e8096df3a45f37a8a,0xbddc2a7690BF600E347d5eb4A9C28f9F24E55d4f-1774968947489,Equal-Sun
1784725107,2026-07-22T12:58:27+00:00,TAKER,BUY,558.75,0.3579418345,200.000000026875,40493772660537607317425105281414023179699603995651717651249796484301270569896,0xea3a547f6cbb2afa2846e9f1a804791cfb99edb61352d0be534ccc5da60d8ad4,Will the highest temperature in Istanbul be 24°C on July 23?,highest-temperature-in-istanbul-on-july-23-2026-24c,highest-temperature-in-istanbul-on-july-23-2026,Yes,0,0xf1ea942c08238fa7e27f3fcde501aa313e94f568450e4ec15530f0ff60847385,0xbddc2a7690BF600E347d5eb4A9C28f9F24E55d4f-1774968947489,Equal-Sun
1784726007,2026-07-22T13:13:27+00:00,TAKER,BUY,192.993075,0.2590766482,49.999998996811215,46861689285856535561280347850352161221414631756424687363346687099326009374055,0xf50d7d1bb0a0a8907e7fd5203773f26728388bc4e0f3120862680d640de30996,Will the highest temperature in Mexico City be 28°C on July 22?,highest-temperature-in-mexico-city-on-july-22-2026-28c,highest-temperature-in-mexico-city-on-july-22-2026,Yes,0,0x33d5d8ae63eb4a31188aa335183043f34baaa55ba6c8e8fe4f0bea3fc4be9158,0xbddc2a7690BF600E347d5eb4A9C28f9F24E55d4f-1774968947489,Equal-Sun
1784726905,2026-07-22T13:28:25+00:00,TAKER,BUY,76.02,0.4672954486,35.523800002571996,94691292098352451606299372690125414730520480620433754707703497554723742250570,0xea50f6b5dbaae35f98748472298f7ea4cd9de8b6a502fb6f485818a4b2302e07,Will the highest temperature in Munich be 25°C on July 22?,highest-temperature-in-munich-on-july-22-2026-25c,highest-temperature-in-munich-on-july-22-2026,Yes,0,0xf158636202d54f3a9b1f686023581dc44554d6ecc83deec1f9253cc595444826,0xbddc2a7690BF600E347d5eb4A9C28f9F24E55d4f-1774968947489,Equal-Sun
1784727043,2026-07-22T13:30:43+00:00,MAKER,SELL,1.01,0.995,1.00495,31164507633314498444877233773720045597572596798292301118150647118157910494263,0x44f2668969a4b140653c5f47ec889f489cab8f6bf09cf523c4d31ef91eac0355,Will the highest temperature in Tel Aviv be 33°C on July 22?,highest-temperature-in-tel-aviv-on-july-22-2026-33c,highest-temperature-in-tel-aviv-on-july-22-2026,Yes,0,0x19cbb7c00b4204eb96e2536e5f4a0c36826b6b56581186c1933e8b3264cc5e5f,0xbddc2a7690BF600E347d5eb4A9C28f9F24E55d4f-1774968947489,Equal-Sun
1784727805,2026-07-22T13:43:25+00:00,TAKER,BUY,31.361701,0.4617096184,14.479999001084899,94691292098352451606299372690125414730520480620433754707703497554723742250570,0xea50f6b5dbaae35f98748472298f7ea4cd9de8b6a502fb6f485818a4b2302e07,Will the highest temperature in Munich be 25°C on July 22?,highest-temperature-in-munich-on-july-22-2026-25c,highest-temperature-in-munich-on-july-22-2026,Yes,0,0x0e7df9c8dc66c9cc12e108c7370cae216347573281a65529bb2a049976970d6c,0xbddc2a7690BF600E347d5eb4A9C28f9F24E55d4f-1774968947489,Equal-Sun
1784727934,2026-07-22T13:45:34+00:00,TAKER,BUY,13.289472,0.3762375962,4.9999990000472065,94691292098352451606299372690125414730520480620433754707703497554723742250570,0xea50f6b5dbaae35f98748472298f7ea4cd9de8b6a502fb6f485818a4b2302e07,Will the highest temperature in Munich be 25°C on July 22?,highest-temperature-in-munich-on-july-22-2026-25c,highest-temperature-in-munich-on-july-22-2026,Yes,0,0xe6ceca6122c652109ca97260bd98ada74af2dcc59f047bd9c30ac61e1a4d9985,0xbddc2a7690BF600E347d5eb4A9C28f9F24E55d4f-1774968947489,Equal-Sun
1784727937,2026-07-22T13:45:37+00:00,TAKER,BUY,13.321051,0.3753456841,4.99999900052599,94691292098352451606299372690125414730520480620433754707703497554723742250570,0xea50f6b5dbaae35f98748472298f7ea4cd9de8b6a502fb6f485818a4b2302e07,Will the highest temperature in Munich be 25°C on July 22?,highest-temperature-in-munich-on-july-22-2026-25c,highest-temperature-in-munich-on-july-22-2026,Yes,0,0x52b439d140e24901b8e9c213c8c0221d3f3e4b30efa3378e63569e6b2bcfb486,0xbddc2a7690BF600E347d5eb4A9C28f9F24E55d4f-1774968947489,Equal-Sun
1784727942,2026-07-22T13:45:42+00:00,TAKER,BUY,13.237104,0.3777260494,4.999998999416937,94691292098352451606299372690125414730520480620433754707703497554723742250570,0xea50f6b5dbaae35f98748472298f7ea4cd9de8b6a502fb6f485818a4b2302e07,Will the highest temperature in Munich be 25°C on July 22?,highest-temperature-in-munich-on-july-22-2026-25c,highest-temperature-in-munich-on-july-22-2026,Yes,0,0x1544c33008979c2394791e6749fe2cbd604c405bbc2175413f1c516ad9f5e87f,0xbddc2a7690BF600E347d5eb4A9C28f9F24E55d4f-1774968947489,Equal-Sun
1784728332,2026-07-22T13:52:12+00:00,TAKER,BUY,47.35,0.95,44.9825,94691292098352451606299372690125414730520480620433754707703497554723742250570,0xea50f6b5dbaae35f98748472298f7ea4cd9de8b6a502fb6f485818a4b2302e07,Will the highest temperature in Munich be 25°C on July 22?,highest-temperature-in-munich-on-july-22-2026-25c,highest-temperature-in-munich-on-july-22-2026,Yes,0,0xfee2bf7cc146596cece93f60d0570254212375afcd236d3a228bb08f477709ee,0xbddc2a7690BF600E347d5eb4A9C28f9F24E55d4f-1774968947489,Equal-Sun
1784728338,2026-07-22T13:52:18+00:00,TAKER,BUY,72.05,0.946925746,68.2259999993,94691292098352451606299372690125414730520480620433754707703497554723742250570,0xea50f6b5dbaae35f98748472298f7ea4cd9de8b6a502fb6f485818a4b2302e07,Will the highest temperature in Munich be 25°C on July 22?,highest-temperature-in-munich-on-july-22-2026-25c,highest-temperature-in-munich-on-july-22-2026,Yes,0,0xd460597020a28183c219d3a55606fe769f41c8bc41b6de6a06266547aed3d0bc,0xbddc2a7690BF600E347d5eb4A9C28f9F24E55d4f-1774968947489,Equal-Sun
1784728569,2026-07-22T13:56:09+00:00,MAKER,SELL,5.075375,0.9949999754,5.049998000145775,31164507633314498444877233773720045597572596798292301118150647118157910494263,0x44f2668969a4b140653c5f47ec889f489cab8f6bf09cf523c4d31ef91eac0355,Will the highest temperature in Tel Aviv be 33°C on July 22?,highest-temperature-in-tel-aviv-on-july-22-2026-33c,highest-temperature-in-tel-aviv-on-july-22-2026,Yes,0,0xa60cc33f529962c3ed3ea6fba95c4f6fb516e868b1d459a30fe4cc2aa16c8472,0xbddc2a7690BF600E347d5eb4A9C28f9F24E55d4f-1774968947489,Equal-Sun
1784728572,2026-07-22T13:56:12+00:00,MAKER,SELL,4.965365,0.9949999648,4.940538000219152,31164507633314498444877233773720045597572596798292301118150647118157910494263,0x44f2668969a4b140653c5f47ec889f489cab8f6bf09cf523c4d31ef91eac0355,Will the highest temperature in Tel Aviv be 33°C on July 22?,highest-temperature-in-tel-aviv-on-july-22-2026-33c,highest-temperature-in-tel-aviv-on-july-22-2026,Yes,0,0x5fb3368f0feff9d98adf84562919eb1630e369dceacca3e22f1c1f57224edd8f,0xbddc2a7690BF600E347d5eb4A9C28f9F24E55d4f-1774968947489,Equal-Sun
1784728581,2026-07-22T13:56:21+00:00,MAKER,SELL,10.05025,0.9949999254,9.99999800025135,31164507633314498444877233773720045597572596798292301118150647118157910494263,0x44f2668969a4b140653c5f47ec889f489cab8f6bf09cf523c4d31ef91eac0355,Will the highest temperature in Tel Aviv be 33°C on July 22?,highest-temperature-in-tel-aviv-on-july-22-2026-33c,highest-temperature-in-tel-aviv-on-july-22-2026,Yes,0,0x708cd29c99c5fc3bbfa44e71c399469436b8b6b3e9d88f3a6cd6faa2ee266906,0xbddc2a7690BF600E347d5eb4A9C28f9F24E55d4f-1774968947489,Equal-Sun
1784728587,2026-07-22T13:56:27+00:00,MAKER,SELL,10.05025,0.9949999254,9.99999800025135,31164507633314498444877233773720045597572596798292301118150647118157910494263,0x44f2668969a4b140653c5f47ec889f489cab8f6bf09cf523c4d31ef91eac0355,Will the highest temperature in Tel Aviv be 33°C on July 22?,highest-temperature-in-tel-aviv-on-july-22-2026-33c,highest-temperature-in-tel-aviv-on-july-22-2026,Yes,0,0x10fb9ea93aa99116b7970e3643b661ef12d2e762ad1247203f3f8d85f07e36a7,0xbddc2a7690BF600E347d5eb4A9C28f9F24E55d4f-1774968947489,Equal-Sun
1784728591,2026-07-22T13:56:31+00:00,MAKER,SELL,10.05025,0.9949999254,9.99999800025135,31164507633314498444877233773720045597572596798292301118150647118157910494263,0x44f2668969a4b140653c5f47ec889f489cab8f6bf09cf523c4d31ef91eac0355,Will the highest temperature in Tel Aviv be 33°C on July 22?,highest-temperature-in-tel-aviv-on-july-22-2026-33c,highest-temperature-in-tel-aviv-on-july-22-2026,Yes,0,0xab52129788641ddac697bc5944ef204492ec134b195f74e960c91f0b259be172,0xbddc2a7690BF600E347d5eb4A9C28f9F24E55d4f-1774968947489,Equal-Sun
1784728615,2026-07-22T13:56:55+00:00,MAKER,SELL,10.05025,0.9949999254,9.99999800025135,31164507633314498444877233773720045597572596798292301118150647118157910494263,0x44f2668969a4b140653c5f47ec889f489cab8f6bf09cf523c4d31ef91eac0355,Will the highest temperature in Tel Aviv be 33°C on July 22?,highest-temperature-in-tel-aviv-on-july-22-2026-33c,highest-temperature-in-tel-aviv-on-july-22-2026,Yes,0,0xb607f670fccfd46bf77a573b358b17ec70baf69aa112a3c3182e1b5e575277ab,0xbddc2a7690BF600E347d5eb4A9C28f9F24E55d4f-1774968947489,Equal-Sun
1784728758,2026-07-22T13:59:18+00:00,MAKER,SELL,5.075375,0.9949999754,5.049998000145775,31164507633314498444877233773720045597572596798292301118150647118157910494263,0x44f2668969a4b140653c5f47ec889f489cab8f6bf09cf523c4d31ef91eac0355,Will the highest temperature in Tel Aviv be 33°C on July 22?,highest-temperature-in-tel-aviv-on-july-22-2026-33c,highest-temperature-in-tel-aviv-on-july-22-2026,Yes,0,0x5bab7084553cfb52adf5f13cea45fab92f4118914653382c0e94cd3e22e2065e,0xbddc2a7690BF600E347d5eb4A9C28f9F24E55d4f-1774968947489,Equal-Sun
1784728767,2026-07-22T13:59:27+00:00,MAKER,SELL,5.045285,0.994999886,5.02005799983751,31164507633314498444877233773720045597572596798292301118150647118157910494263,0x44f2668969a4b140653c5f47ec889f489cab8f6bf09cf523c4d31ef91eac0355,Will the highest temperature in Tel Aviv be 33°C on July 22?,highest-temperature-in-tel-aviv-on-july-22-2026-33c,highest-temperature-in-tel-aviv-on-july-22-2026,Yes,0,0x08c41ca6de758dbcde20e0b7e9968da05a427d10cf01bed75a5d904350355bcc,0xbddc2a7690BF600E347d5eb4A9C28f9F24E55d4f-1774968947489,Equal-Sun
1784728771,2026-07-22T13:59:31+00:00,MAKER,SELL,10.05025,0.9949999254,9.99999800025135,31164507633314498444877233773720045597572596798292301118150647118157910494263,0x44f2668969a4b140653c5f47ec889f489cab8f6bf09cf523c4d31ef91eac0355,Will the highest temperature in Tel Aviv be 33°C on July 22?,highest-temperature-in-tel-aviv-on-july-22-2026-33c,highest-temperature-in-tel-aviv-on-july-22-2026,Yes,0,0xc8ad66c962619610202db27afccf460790c649e10ddccd69b60c120556c34aeb,0xbddc2a7690BF600E347d5eb4A9C28f9F24E55d4f-1774968947489,Equal-Sun
1784728776,2026-07-22T13:59:36+00:00,MAKER,SELL,10.05025,0.9949999254,9.99999800025135,31164507633314498444877233773720045597572596798292301118150647118157910494263,0x44f2668969a4b140653c5f47ec889f489cab8f6bf09cf523c4d31ef91eac0355,Will the highest temperature in Tel Aviv be 33°C on July 22?,highest-temperature-in-tel-aviv-on-july-22-2026-33c,highest-temperature-in-tel-aviv-on-july-22-2026,Yes,0,0x14e6f9c960ba69693a7a3f399fccb74831792db959dd2531f6a8c6205d5b22e7,0xbddc2a7690BF600E347d5eb4A9C28f9F24E55d4f-1774968947489,Equal-Sun
1784728782,2026-07-22T13:59:42+00:00,MAKER,SELL,10.05025,0.9949999254,9.99999800025135,31164507633314498444877233773720045597572596798292301118150647118157910494263,0x44f2668969a4b140653c5f47ec889f489cab8f6bf09cf523c4d31ef91eac0355,Will the highest temperature in Tel Aviv be 33°C on July 22?,highest-temperature-in-tel-aviv-on-july-22-2026-33c,highest-temperature-in-tel-aviv-on-july-22-2026,Yes,0,0xd11fdeff0617ed1e869cff0044a2be24046e905c82d1772dc4da35de1572146c,0xbddc2a7690BF600E347d5eb4A9C28f9F24E55d4f-1774968947489,Equal-Sun
1784729373,2026-07-22T14:09:33+00:00,MAKER,SELL,5.075375,0.9949999754,5.049998000145775,31164507633314498444877233773720045597572596798292301118150647118157910494263,0x44f2668969a4b140653c5f47ec889f489cab8f6bf09cf523c4d31ef91eac0355,Will the highest temperature in Tel Aviv be 33°C on July 22?,highest-temperature-in-tel-aviv-on-july-22-2026-33c,highest-temperature-in-tel-aviv-on-july-22-2026,Yes,0,0x942a83c477c3b4e23dc8400c79d0179fd254bcf8ea1ce0b389d96d73358fc60e,0xbddc2a7690BF600E347d5eb4A9C28f9F24E55d4f-1774968947489,Equal-Sun
1784729376,2026-07-22T14:09:36+00:00,MAKER,SELL,5.035295,0.9949998957,5.010117999818731,31164507633314498444877233773720045597572596798292301118150647118157910494263,0x44f2668969a4b140653c5f47ec889f489cab8f6bf09cf523c4d31ef91eac0355,Will the highest temperature in Tel Aviv be 33°C on July 22?,highest-temperature-in-tel-aviv-on-july-22-2026-33c,highest-temperature-in-tel-aviv-on-july-22-2026,Yes,0,0x8536778459a006fdcaf85a6702e8ce898e3081bff9206eaa57bfd1c84bb3a2d0,0xbddc2a7690BF600E347d5eb4A9C28f9F24E55d4f-1774968947489,Equal-Sun
1784729392,2026-07-22T14:09:52+00:00,MAKER,SELL,10.05025,0.9949999254,9.99999800025135,31164507633314498444877233773720045597572596798292301118150647118157910494263,0x44f2668969a4b140653c5f47ec889f489cab8f6bf09cf523c4d31ef91eac0355,Will the highest temperature in Tel Aviv be 33°C on July 22?,highest-temperature-in-tel-aviv-on-july-22-2026-33c,highest-temperature-in-tel-aviv-on-july-22-2026,Yes,0,0x8f6b987a3da69e0178a5fb4680977f4d29390e5102d9cbe4fa8fbf9f1bb97f4e,0xbddc2a7690BF600E347d5eb4A9C28f9F24E55d4f-1774968947489,Equal-Sun
1784729397,2026-07-22T14:09:57+00:00,MAKER,SELL,10.05025,0.9949999254,9.99999800025135,31164507633314498444877233773720045597572596798292301118150647118157910494263,0x44f2668969a4b140653c5f47ec889f489cab8f6bf09cf523c4d31ef91eac0355,Will the highest temperature in Tel Aviv be 33°C on July 22?,highest-temperature-in-tel-aviv-on-july-22-2026-33c,highest-temperature-in-tel-aviv-on-july-22-2026,Yes,0,0xbeff2423ed78d9a99b98bc5c49904b063ae325676c73bb8644eda1972854a32d,0xbddc2a7690BF600E347d5eb4A9C28f9F24E55d4f-1774968947489,Equal-Sun
1784729401,2026-07-22T14:10:01+00:00,MAKER,SELL,10.05025,0.9949999254,9.99999800025135,31164507633314498444877233773720045597572596798292301118150647118157910494263,0x44f2668969a4b140653c5f47ec889f489cab8f6bf09cf523c4d31ef91eac0355,Will the highest temperature in Tel Aviv be 33°C on July 22?,highest-temperature-in-tel-aviv-on-july-22-2026-33c,highest-temperature-in-tel-aviv-on-july-22-2026,Yes,0,0xcdf922986730d96686ed7e9e7fd2a6a5edc66657d9de31e9a69e5e240cbddcec,0xbddc2a7690BF600E347d5eb4A9C28f9F24E55d4f-1774968947489,Equal-Sun
1784729406,2026-07-22T14:10:06+00:00,MAKER,SELL,10.05025,0.9949999254,9.99999800025135,31164507633314498444877233773720045597572596798292301118150647118157910494263,0x44f2668969a4b140653c5f47ec889f489cab8f6bf09cf523c4d31ef91eac0355,Will the highest temperature in Tel Aviv be 33°C on July 22?,highest-temperature-in-tel-aviv-on-july-22-2026-33c,highest-temperature-in-tel-aviv-on-july-22-2026,Yes,0,0x9f9aa2e91e0e0b152944b577e66dfa0dee81c477645dc9ea0c77b936c57f6052,0xbddc2a7690BF600E347d5eb4A9C28f9F24E55d4f-1774968947489,Equal-Sun
1784729410,2026-07-22T14:10:10+00:00,MAKER,SELL,10.05025,0.9949999254,9.99999800025135,31164507633314498444877233773720045597572596798292301118150647118157910494263,0x44f2668969a4b140653c5f47ec889f489cab8f6bf09cf523c4d31ef91eac0355,Will the highest temperature in Tel Aviv be 33°C on July 22?,highest-temperature-in-tel-aviv-on-july-22-2026-33c,highest-temperature-in-tel-aviv-on-july-22-2026,Yes,0,0xb5fadc07c943f926189c63818ecbfccae8c24b203ee0169e69781f063395a952,0xbddc2a7690BF600E347d5eb4A9C28f9F24E55d4f-1774968947489,Equal-Sun
1784729425,2026-07-22T14:10:25+00:00,MAKER,SELL,10.05025,0.9949999254,9.99999800025135,31164507633314498444877233773720045597572596798292301118150647118157910494263,0x44f2668969a4b140653c5f47ec889f489cab8f6bf09cf523c4d31ef91eac0355,Will the highest temperature in Tel Aviv be 33°C on July 22?,highest-temperature-in-tel-aviv-on-july-22-2026-33c,highest-temperature-in-tel-aviv-on-july-22-2026,Yes,0,0x25998f98d3701783454cb90b07a46b7dcd3920a07ac674c535cf9ae859d98a2a,0xbddc2a7690BF600E347d5eb4A9C28f9F24E55d4f-1774968947489,Equal-Sun
1784729428,2026-07-22T14:10:28+00:00,MAKER,SELL,10.05025,0.9949999254,9.99999800025135,31164507633314498444877233773720045597572596798292301118150647118157910494263,0x44f2668969a4b140653c5f47ec889f489cab8f6bf09cf523c4d31ef91eac0355,Will the highest temperature in Tel Aviv be 33°C on July 22?,highest-temperature-in-tel-aviv-on-july-22-2026-33c,highest-temperature-in-tel-aviv-on-july-22-2026,Yes,0,0xe6bcd53557f35d74317a97049e3c5717dfc5ad63c651be4a72ff6e255a2db7cc,0xbddc2a7690BF600E347d5eb4A9C28f9F24E55d4f-1774968947489,Equal-Sun
1784729433,2026-07-22T14:10:33+00:00,MAKER,SELL,5.81,0.995,5.78095,31164507633314498444877233773720045597572596798292301118150647118157910494263,0x44f2668969a4b140653c5f47ec889f489cab8f6bf09cf523c4d31ef91eac0355,Will the highest temperature in Tel Aviv be 33°C on July 22?,highest-temperature-in-tel-aviv-on-july-22-2026-33c,highest-temperature-in-tel-aviv-on-july-22-2026,Yes,0,0x4fe784fd8ccfc0beb44293f0cc04c51bd5f752f2e6cf55228c88265b488f3477,0xbddc2a7690BF600E347d5eb4A9C28f9F24E55d4f-1774968947489,Equal-Sun
1784731486,2026-07-22T14:44:46+00:00,TAKER,SELL,0.25,0.997,0.24925,31164507633314498444877233773720045597572596798292301118150647118157910494263,0x44f2668969a4b140653c5f47ec889f489cab8f6bf09cf523c4d31ef91eac0355,Will the highest temperature in Tel Aviv be 33°C on July 22?,highest-temperature-in-tel-aviv-on-july-22-2026-33c,highest-temperature-in-tel-aviv-on-july-22-2026,Yes,0,0x64f046627f99e8e2fae096b9b898231f477ea3d5937147ec1a62ff3004676679,0xbddc2a7690BF600E347d5eb4A9C28f9F24E55d4f-1774968947489,Equal-Sun
1784732341,2026-07-22T14:59:01+00:00,TAKER,BUY,589.333332,0.1696832566,99.999998996689,12077107964048001474072483951130693105372800176687365425738950169783662666409,0x29765cdddb2dd18be6008a0b6791ba1685d52ba9aa455d1748f596168b240515,Will the highest temperature in Karachi be 36°C on July 23?,highest-temperature-in-karachi-on-july-23-2026-36c,highest-temperature-in-karachi-on-july-23-2026,Yes,0,0x31e0fe86eb23b4d3e8fefb54c010899685d7e756bad935ce87e77babcf36bba4,0xbddc2a7690BF600E347d5eb4A9C28f9F24E55d4f-1774968947489,Equal-Sun
1784737462,2026-07-22T16:24:22+00:00,MAKER,SELL,70.350201,0.9899999859,69.64669799806217,70349822250697800636857551126837753586207012063575287117218483103539360778713,0xe5d9d5c89726cdf846d235d1f74cf7fd252cef84eea32f47328c08aaa9011c7f,Will the highest temperature in Madrid be 39°C on July 22?,highest-temperature-in-madrid-on-july-22-2026-39c,highest-temperature-in-madrid-on-july-22-2026,Yes,0,0x9b8c1c830244f6b5f0e7894fcde9b63f6a8f65579c4637d248add51422ab037f,0xbddc2a7690BF600E347d5eb4A9C28f9F24E55d4f-1774968947489,Equal-Sun
1784737683,2026-07-22T16:28:03+00:00,MAKER,SELL,202.020201,0.9899999951,199.99999800010102,70349822250697800636857551126837753586207012063575287117218483103539360778713,0xe5d9d5c89726cdf846d235d1f74cf7fd252cef84eea32f47328c08aaa9011c7f,Will the highest temperature in Madrid be 39°C on July 22?,highest-temperature-in-madrid-on-july-22-2026-39c,highest-temperature-in-madrid-on-july-22-2026,Yes,0,0xe3c2395b5c8f22c92e511057bd751d00616aa8bb7996f0c7fd8af62e731f1500,0xbddc2a7690BF600E347d5eb4A9C28f9F24E55d4f-1774968947489,Equal-Sun
1784737812,2026-07-22T16:30:12+00:00,MAKER,SELL,10.101009,0.9899999099,9.999997999899088,70349822250697800636857551126837753586207012063575287117218483103539360778713,0xe5d9d5c89726cdf846d235d1f74cf7fd252cef84eea32f47328c08aaa9011c7f,Will the highest temperature in Madrid be 39°C on July 22?,highest-temperature-in-madrid-on-july-22-2026-39c,highest-temperature-in-madrid-on-july-22-2026,Yes,0,0xb6a905996e031fb4836f37bbba3e972241638a3db68598cf1a838df4417891ac,0xbddc2a7690BF600E347d5eb4A9C28f9F24E55d4f-1774968947489,Equal-Sun
1784737876,2026-07-22T16:31:16+00:00,MAKER,SELL,37.373736,0.9899999829,36.999998000909116,70349822250697800636857551126837753586207012063575287117218483103539360778713,0xe5d9d5c89726cdf846d235d1f74cf7fd252cef84eea32f47328c08aaa9011c7f,Will the highest temperature in Madrid be 39°C on July 22?,highest-temperature-in-madrid-on-july-22-2026-39c,highest-temperature-in-madrid-on-july-22-2026,Yes,0,0x3e99cb454e5f04e8655e76be88118b9ad619cb22147606e0e02fb7ae3d606f1e,0xbddc2a7690BF600E347d5eb4A9C28f9F24E55d4f-1774968947489,Equal-Sun
1784738110,2026-07-22T16:35:10+00:00,MAKER,SELL,200,0.99,198.0,70349822250697800636857551126837753586207012063575287117218483103539360778713,0xe5d9d5c89726cdf846d235d1f74cf7fd252cef84eea32f47328c08aaa9011c7f,Will the highest temperature in Madrid be 39°C on July 22?,highest-temperature-in-madrid-on-july-22-2026-39c,highest-temperature-in-madrid-on-july-22-2026,Yes,0,0x318d1dc5d29360a436e117d9c1c5d63a607b494483aa234a51bdd98909d12476,0xbddc2a7690BF600E347d5eb4A9C28f9F24E55d4f-1774968947489,Equal-Sun
1784738209,2026-07-22T16:36:49+00:00,MAKER,SELL,4.040403,0.9899997599,3.9999979998992403,70349822250697800636857551126837753586207012063575287117218483103539360778713,0xe5d9d5c89726cdf846d235d1f74cf7fd252cef84eea32f47328c08aaa9011c7f,Will the highest temperature in Madrid be 39°C on July 22?,highest-temperature-in-madrid-on-july-22-2026-39c,highest-temperature-in-madrid-on-july-22-2026,Yes,0,0xfbb2a752e13cdad25f7cb92fd107d57e1a291bff74c238e271b15a896aa9f38f,0xbddc2a7690BF600E347d5eb4A9C28f9F24E55d4f-1774968947489,Equal-Sun
1784738230,2026-07-22T16:37:10+00:00,MAKER,SELL,100,0.99,99.0,70349822250697800636857551126837753586207012063575287117218483103539360778713,0xe5d9d5c89726cdf846d235d1f74cf7fd252cef84eea32f47328c08aaa9011c7f,Will the highest temperature in Madrid be 39°C on July 22?,highest-temperature-in-madrid-on-july-22-2026-39c,highest-temperature-in-madrid-on-july-22-2026,Yes,0,0x45d1f305c55da4b5915fdccd7313b0720d8358638c55a23cadb0051b98d4643c,0xbddc2a7690BF600E347d5eb4A9C28f9F24E55d4f-1774968947489,Equal-Sun
1784738238,2026-07-22T16:37:18+00:00,MAKER,SELL,200,0.99,198.0,70349822250697800636857551126837753586207012063575287117218483103539360778713,0xe5d9d5c89726cdf846d235d1f74cf7fd252cef84eea32f47328c08aaa9011c7f,Will the highest temperature in Madrid be 39°C on July 22?,highest-temperature-in-madrid-on-july-22-2026-39c,highest-temperature-in-madrid-on-july-22-2026,Yes,0,0x52e5b1589e2b6950295e627ad0cf338c37aa6b309e6927133362f965d648fdc0,0xbddc2a7690BF600E347d5eb4A9C28f9F24E55d4f-1774968947489,Equal-Sun
1784738256,2026-07-22T16:37:36+00:00,MAKER,SELL,64.63,0.99,63.98369999999999,70349822250697800636857551126837753586207012063575287117218483103539360778713,0xe5d9d5c89726cdf846d235d1f74cf7fd252cef84eea32f47328c08aaa9011c7f,Will the highest temperature in Madrid be 39°C on July 22?,highest-temperature-in-madrid-on-july-22-2026-39c,highest-temperature-in-madrid-on-july-22-2026,Yes,0,0x18daa0e54c2b312e55516d6bb8c8f53464b83a5f5c3b41918f4b28e29a716437,0xbddc2a7690BF600E347d5eb4A9C28f9F24E55d4f-1774968947489,Equal-Sun
1784741400,2026-07-22T17:30:00+00:00,TAKER,BUY,135.5,0.5090774908,68.9800000034,70118974783014261064864972768761598236899201681484957623599645490295235549439,0xf9dcb7fc84423f5062c65f454c1e0cabffe3773a80f486639da65c11ae3c1376,Will the highest temperature in Austin be between 104-105°F on July 22?,highest-temperature-in-austin-on-july-22-2026-104-105f,highest-temperature-in-austin-on-july-22-2026,Yes,0,0x909599846ad50c7f6b9924c691f8eb15d781d5f2227fbbb26f2d6ba8fab5d4ec,0xbddc2a7690BF600E347d5eb4A9C28f9F24E55d4f-1774968947489,Equal-Sun
1784743209,2026-07-22T18:00:09+00:00,TAKER,BUY,55.858332,0.5553334281,31.019998997507926,70118974783014261064864972768761598236899201681484957623599645490295235549439,0xf9dcb7fc84423f5062c65f454c1e0cabffe3773a80f486639da65c11ae3c1376,Will the highest temperature in Austin be between 104-105°F on July 22?,highest-temperature-in-austin-on-july-22-2026-104-105f,highest-temperature-in-austin-on-july-22-2026,Yes,0,0x8736334a70152eec55fb154b7a3b78b2ae9c42e6c2ee5d7f1cdb81e1c27efb64,0xbddc2a7690BF600E347d5eb4A9C28f9F24E55d4f-1774968947489,Equal-Sun
1784761647,2026-07-22T23:07:27+00:00,TAKER,SELL,589.33,0.15,88.3995,12077107964048001474072483951130693105372800176687365425738950169783662666409,0x29765cdddb2dd18be6008a0b6791ba1685d52ba9aa455d1748f596168b240515,Will the highest temperature in Karachi be 36°C on July 23?,highest-temperature-in-karachi-on-july-23-2026-36c,highest-temperature-in-karachi-on-july-23-2026,Yes,0,0x10fbdc46ac0a6467d0616e29ad0a3096641f4196d88f78033e9632faf461ca3e,0xbddc2a7690BF600E347d5eb4A9C28f9F24E55d4f-1774968947489,Equal-Sun
1784765899,2026-07-23T00:18:19+00:00,TAKER,BUY,233,0.4291845494,100.0000000102,100277578199052292080574594299653762346465172237027281406552848380742025880579,0x54f8c06cb5a7a68ef65029b104c5f47e3779c47c66c6d9da6a5b172250c66625,Will the highest temperature in Ankara be 30°C on July 23?,highest-temperature-in-ankara-on-july-23-2026-30c,highest-temperature-in-ankara-on-july-23-2026,Yes,0,0x18eb58c2f5ca1100bafdac9c8a7e5f4f3a6fe9cade06e4771b88e2cfdc740d31,0xbddc2a7690BF600E347d5eb4A9C28f9F24E55d4f-1774968947489,Equal-Sun
1784767590,2026-07-23T00:46:30+00:00,TAKER,BUY,80.68,0.68,54.86240000000001,59778436363850758239120923706196998207802436397547762641804915725598964751130,0x8de340f075224a95630b3e33359be81e74959cc7202a0a72f3827a293b8c25f7,Will the highest temperature in Madrid be 38°C on July 23?,highest-temperature-in-madrid-on-july-23-2026-38c,highest-temperature-in-madrid-on-july-23-2026,Yes,0,0x71cff4d884254a13c105e17117a7e5775ee68620be9b33fd641a4ece5ff40164,0xbddc2a7690BF600E347d5eb4A9C28f9F24E55d4f-1774968947489,Equal-Sun
1784767603,2026-07-23T00:46:43+00:00,TAKER,BUY,49.98,0.45,22.491,114473106040890368210403629978084714247002114469029887869028503687351050727364,0x5f220565e86b287206f21509f073185208fee50eda29953a42f33ac315c6cba1,Will the highest temperature in Karachi be 35°C on July 23?,highest-temperature-in-karachi-on-july-23-2026-35c,highest-temperature-in-karachi-on-july-23-2026,Yes,0,0xe0241a8588b6f5704dd17e04a2215b65e2f6ff3ef2c86ba2556f790f2abcd191,0xbddc2a7690BF600E347d5eb4A9C28f9F24E55d4f-1774968947489,Equal-Sun
1784772637,2026-07-23T02:10:37+00:00,TAKER,BUY,592.84,0.46,272.70640000000003,114473106040890368210403629978084714247002114469029887869028503687351050727364,0x5f220565e86b287206f21509f073185208fee50eda29953a42f33ac315c6cba1,Will the highest temperature in Karachi be 35°C on July 23?,highest-temperature-in-karachi-on-july-23-2026-35c,highest-temperature-in-karachi-on-july-23-2026,Yes,0,0xc54c736eaf8551ff0e9a65060bfa6d3336bfdd3011694617c0e8f81297c8bdba,0xbddc2a7690BF600E347d5eb4A9C28f9F24E55d4f-1774968947489,Equal-Sun
1784777793,2026-07-23T03:36:33+00:00,TAKER,BUY,244.14634,0.4095904079,99.9999989878921,25069196375127356203498185050824796231141850693449928050906677180815983087048,0x6fe17e30799204094d93d4aad7be823651868975047b62be1e5aad9189e387fb,Will the highest temperature in Tel Aviv be 33°C on July 23?,highest-temperature-in-tel-aviv-on-july-23-2026-33c,highest-temperature-in-tel-aviv-on-july-23-2026,Yes,0,0x20c50db559c21f5bb1d58728d8340834f116ed05aaa4c311ba4fa10e0b9e7fe4,0xbddc2a7690BF600E347d5eb4A9C28f9F24E55d4f-1774968947489,Equal-Sun
1784777796,2026-07-23T03:36:36+00:00,TAKER,BUY,111.11111,0.4499999955,49.99999900000001,107179508345142016382753117901537315813187444245694616767429119952972520670612,0xef9612f704fc8b3fdc0d3535dd64dcbd0af1e55ec59f7e31b689a5624f1a17da,Will the highest temperature in Karachi be 34°C on July 24?,highest-temperature-in-karachi-on-july-24-2026-34c,highest-temperature-in-karachi-on-july-24-2026,Yes,0,0xc06c2d492d038b7cfb7bb057709288b5cfc873a91a366b8bca00baf5ba3278ea,0xbddc2a7690BF600E347d5eb4A9C28f9F24E55d4f-1774968947489,Equal-Sun
1784782297,2026-07-23T04:51:37+00:00,TAKER,BUY,121.951218,0.4099999969,49.999999001951224,60492613163322321634617301521082297850685428873017602113990685640752379368032,0x1f597c3e2eeeea20e9bd8886a0fc5258da13ff025c43d457fef2d80bdeedf85e,Will the highest temperature in Dallas be between 96-97°F on July 24?,highest-temperature-in-dallas-on-july-24-2026-96-97f,highest-temperature-in-dallas-on-july-24-2026,Yes,0,0xdea9e7f83b2fdba0aac702ae7163da86adffa3615b32fafae8ac456dc71c12fe,0xbddc2a7690BF600E347d5eb4A9C28f9F24E55d4f-1774968947489,Equal-Sun
1784783200,2026-07-23T05:06:40+00:00,TAKER,BUY,165.82131,0.6030587926,99.9999989959503,48898696392468711157336201222567920056792903182893117458107791322782801678032,0x813ca6fb4807a13a624741848f29f4c0a8e63af9e04e0577ccb45414bc6accf8,Will the highest temperature in Wellington be 14°C on July 24?,highest-temperature-in-wellington-on-july-24-2026-14c,highest-temperature-in-wellington-on-july-24-2026,Yes,0,0x88acb8cd904e9d5358ba0b21743cf557337a359b31a302c6c332888e2e81bb4e,0xbddc2a7690BF600E347d5eb4A9C28f9F24E55d4f-1774968947489,Equal-Sun
1784785902,2026-07-23T05:51:42+00:00,TAKER,BUY,89.285713,0.5599999969,49.99999900321429,16806900457713130959074787202651853738818668768759814088398779159815337736032,0x0fb37b1dbffbc3b5a48777f5eb1b435291386a01d284983317e0f9b37ce6fe88,Will the highest temperature in Milan be 31°C on July 23?,highest-temperature-in-milan-on-july-23-2026-31c,highest-temperature-in-milan-on-july-23-2026,Yes,0,0x80d5789c1ec6a9eb038c3e9d406e815eb20e36bf2d7f0162db48b8bfd0c2e8ab,0xbddc2a7690BF600E347d5eb4A9C28f9F24E55d4f-1774968947489,Equal-Sun
1784788611,2026-07-23T06:36:51+00:00,TAKER,BUY,200.9894,0.4975386762,100.00000000623227,25069196375127356203498185050824796231141850693449928050906677180815983087048,0x6fe17e30799204094d93d4aad7be823651868975047b62be1e5aad9189e387fb,Will the highest temperature in Tel Aviv be 33°C on July 23?,highest-temperature-in-tel-aviv-on-july-23-2026-33c,highest-temperature-in-tel-aviv-on-july-23-2026,Yes,0,0xceff68bedc4c606e8fe01cfdfbc56be0c2644ccf606e51718193f58218821f01,0xbddc2a7690BF600E347d5eb4A9C28f9F24E55d4f-1774968947489,Equal-Sun
1784791045,2026-07-23T07:17:25+00:00,TAKER,SELL,116.5,0.2474703863,28.83030000395,100277578199052292080574594299653762346465172237027281406552848380742025880579,0x54f8c06cb5a7a68ef65029b104c5f47e3779c47c66c6d9da6a5b172250c66625,Will the highest temperature in Ankara be 30°C on July 23?,highest-temperature-in-ankara-on-july-23-2026-30c,highest-temperature-in-ankara-on-july-23-2026,Yes,0,0xb32d94d4668aedba3b13a071a30710587198604e38f92d4d21e3d4a7396fc136,0xbddc2a7690BF600E347d5eb4A9C28f9F24E55d4f-1774968947489,Equal-Sun
1784791092,2026-07-23T07:18:12+00:00,TAKER,BUY,105,0.47,49.349999999999994,16806900457713130959074787202651853738818668768759814088398779159815337736032,0x0fb37b1dbffbc3b5a48777f5eb1b435291386a01d284983317e0f9b37ce6fe88,Will the highest temperature in Milan be 31°C on July 23?,highest-temperature-in-milan-on-july-23-2026-31c,highest-temperature-in-milan-on-july-23-2026,Yes,0,0x57bfa379cff952af383a059f9d923c58f6ac024618a28734e7a653f151fc68b0,0xbddc2a7690BF600E347d5eb4A9C28f9F24E55d4f-1774968947489,Equal-Sun
1784799456,2026-07-23T09:37:36+00:00,TAKER,BUY,386.109613,0.7769814268,299.99999800993584,59778436363850758239120923706196998207802436397547762641804915725598964751130,0x8de340f075224a95630b3e33359be81e74959cc7202a0a72f3827a293b8c25f7,Will the highest temperature in Madrid be 38°C on July 23?,highest-temperature-in-madrid-on-july-23-2026-38c,highest-temperature-in-madrid-on-july-23-2026,Yes,0,0x7a27cb1923aa19bb1937520adaedb533bbb5460df67bded4db62865484972a0c,0xbddc2a7690BF600E347d5eb4A9C28f9F24E55d4f-1774968947489,Equal-Sun
1784804848,2026-07-23T11:07:28+00:00,TAKER,BUY,13.69,0.75,10.2675,59778436363850758239120923706196998207802436397547762641804915725598964751130,0x8de340f075224a95630b3e33359be81e74959cc7202a0a72f3827a293b8c25f7,Will the highest temperature in Madrid be 38°C on July 23?,highest-temperature-in-madrid-on-july-23-2026-38c,highest-temperature-in-madrid-on-july-23-2026,Yes,0,0xe8c1d31c07056ef5dd0b2d2ac1beac9710495a503c5d43b3c047f96f9d9d147e,0xbddc2a7690BF600E347d5eb4A9C28f9F24E55d4f-1774968947489,Equal-Sun
1784805211,2026-07-23T11:13:31+00:00,TAKER,SELL,116.5,0.0778918455,9.07440000075,100277578199052292080574594299653762346465172237027281406552848380742025880579,0x54f8c06cb5a7a68ef65029b104c5f47e3779c47c66c6d9da6a5b172250c66625,Will the highest temperature in Ankara be 30°C on July 23?,highest-temperature-in-ankara-on-july-23-2026-30c,highest-temperature-in-ankara-on-july-23-2026,Yes,0,0xc4d9c76f33cab548d4c1b0aad386513f4a676b18328b107ee8b545bd61431aad,0xbddc2a7690BF600E347d5eb4A9C28f9F24E55d4f-1774968947489,Equal-Sun
1784805849,2026-07-23T11:24:09+00:00,TAKER,BUY,154.865452,0.6457217973,99.99999800511688,29877118238035170105060115789807159978512181999783426888041529080999290402983,0xff2dc04870472207747ef8e5183ef4e48e43c73743f7d130a364333a87556a3c,Will the highest temperature in Paris be 25°C on July 23?,highest-temperature-in-paris-on-july-23-2026-25c,highest-temperature-in-paris-on-july-23-2026,Yes,0,0xa854e6c7a2904b7d3e6c622602c7b1bccf4057f260ad4bdb75d62559c20f6b8a,0xbddc2a7690BF600E347d5eb4A9C28f9F24E55d4f-1774968947489,Equal-Sun
1784806755,2026-07-23T11:39:15+00:00,TAKER,BUY,436.847825,0.4578253285,199.99999898513553,89288020124587103627806677495605902425227020315754490468051229601143591252042,0x024d470332fa713424a39c2535d010a2e23f8d1d575878a74768742bf657bb6f,Will the highest temperature in Madrid be 33°C on July 24?,highest-temperature-in-madrid-on-july-24-2026-33c,highest-temperature-in-madrid-on-july-24-2026,Yes,0,0x78f5e273b2cfd7192ef2e088e17b3c14b5d7f2556535e974a2f6191bdc16203b,0xbddc2a7690BF600E347d5eb4A9C28f9F24E55d4f-1774968947489,Equal-Sun
1784809528,2026-07-23T12:25:28+00:00,TAKER,BUY,35.99,0.4897360378,17.625600000422,101363114541798280698016169301646045245855178600781145209420702438621068984086,0xd4f9aa5557a0c303997919115509f03c83970351557c63229d773369c1341eca,Will the highest temperature in Munich be 22°C on July 23?,highest-temperature-in-munich-on-july-23-2026-22c,highest-temperature-in-munich-on-july-23-2026,Yes,0,0x200408e2fd7b6ef1a6e3aad28469b0ab56cb706b2938b3f63ea2f8a3a0e0c783,0xbddc2a7690BF600E347d5eb4A9C28f9F24E55d4f-1774968947489,Equal-Sun
1784809876,2026-07-23T12:31:16+00:00,TAKER,BUY,53.26,0.61,32.4886,101363114541798280698016169301646045245855178600781145209420702438621068984086,0xd4f9aa5557a0c303997919115509f03c83970351557c63229d773369c1341eca,Will the highest temperature in Munich be 22°C on July 23?,highest-temperature-in-munich-on-july-23-2026-22c,highest-temperature-in-munich-on-july-23-2026,Yes,0,0x22d47b1adc18786c888fda488da1178eb018da6dc7c3d2071285c218854e4794,0xbddc2a7690BF600E347d5eb4A9C28f9F24E55d4f-1774968947489,Equal-Sun
1784815452,2026-07-23T14:04:12+00:00,MAKER,SELL,777.95,0.999,777.17205,114473106040890368210403629978084714247002114469029887869028503687351050727364,0x5f220565e86b287206f21509f073185208fee50eda29953a42f33ac315c6cba1,Will the highest temperature in Karachi be 35°C on July 23?,highest-temperature-in-karachi-on-july-23-2026-35c,highest-temperature-in-karachi-on-july-23-2026,Yes,0,0x753ac68ed913f109697ec124cd6f394607d0746b6a04d23284229a74d476f986,0xbddc2a7690BF600E347d5eb4A9C28f9F24E55d4f-1774968947489,Equal-Sun
1784815503,2026-07-23T14:05:03+00:00,MAKER,SELL,145.13,0.997,144.69460999999998,25069196375127356203498185050824796231141850693449928050906677180815983087048,0x6fe17e30799204094d93d4aad7be823651868975047b62be1e5aad9189e387fb,Will the highest temperature in Tel Aviv be 33°C on July 23?,highest-temperature-in-tel-aviv-on-july-23-2026-33c,highest-temperature-in-tel-aviv-on-july-23-2026,Yes,0,0x7d41d85a861541103d86551651d59c227d9a6969d5129235749ced5c836edf05,0xbddc2a7690BF600E347d5eb4A9C28f9F24E55d4f-1774968947489,Equal-Sun
1784816061,2026-07-23T14:14:21+00:00,TAKER,BUY,184.44,0.34,62.7096,60492613163322321634617301521082297850685428873017602113990685640752379368032,0x1f597c3e2eeeea20e9bd8886a0fc5258da13ff025c43d457fef2d80bdeedf85e,Will the highest temperature in Dallas be between 96-97°F on July 24?,highest-temperature-in-dallas-on-july-24-2026-96-97f,highest-temperature-in-dallas-on-july-24-2026,Yes,0,0xa9bdb88ad46501ff34468966fc3333e07a92a518c45cd94ff7c7c8af38f3a9ba,0xbddc2a7690BF600E347d5eb4A9C28f9F24E55d4f-1774968947489,Equal-Sun
1784818554,2026-07-23T14:55:54+00:00,MAKER,SELL,300,0.997,299.1,25069196375127356203498185050824796231141850693449928050906677180815983087048,0x6fe17e30799204094d93d4aad7be823651868975047b62be1e5aad9189e387fb,Will the highest temperature in Tel Aviv be 33°C on July 23?,highest-temperature-in-tel-aviv-on-july-23-2026-33c,highest-temperature-in-tel-aviv-on-july-23-2026,Yes,0,0x0440acc6d68c185c8b29fae31fc6e3fdf742b97798e2b7809c9202d1e5df26b2,0xbddc2a7690BF600E347d5eb4A9C28f9F24E55d4f-1774968947489,Equal-Sun
1784818621,2026-07-23T14:57:01+00:00,TAKER,BUY,147.717914,0.6769659501,99.99999799780011,79513334847340125674331667107908204490867427323241080356834870394845842990996,0xcbabbf9a445b0aee25f0d9144d224ff64d6c124939aad5493fe766aab355fed5,Will the highest temperature in Miami be between 92-93°F on July 23?,highest-temperature-in-miami-on-july-23-2026-92-93f,highest-temperature-in-miami-on-july-23-2026,Yes,0,0xc62e3451dc31495d85d8520e23a24f85396f75653cb349a78268c6dca77ad101,0xbddc2a7690BF600E347d5eb4A9C28f9F24E55d4f-1774968947489,Equal-Sun
1784820376,2026-07-23T15:26:16+00:00,TAKER,BUY,446.888887,0.4475385377,199.99999900236054,71033237571518544791228024008218576654816466047172847377804682632737691630564,0x90faa54673618256e3a6dc7f09e6721cedd9ed6ba0989944f295eee9667b2a9b,Will the highest temperature in Mexico City be 28°C on July 23?,highest-temperature-in-mexico-city-on-july-23-2026-28c,highest-temperature-in-mexico-city-on-july-23-2026,Yes,0,0xdc0c288059a7141f1ffbc13e0d581841e0f1fd79be70bbdb2bc79a370c905182,0xbddc2a7690BF600E347d5eb4A9C28f9F24E55d4f-1774968947489,Equal-Sun
1784824041,2026-07-23T16:27:21+00:00,TAKER,BUY,7.14,0.55,3.927,71033237571518544791228024008218576654816466047172847377804682632737691630564,0x90faa54673618256e3a6dc7f09e6721cedd9ed6ba0989944f295eee9667b2a9b,Will the highest temperature in Mexico City be 28°C on July 23?,highest-temperature-in-mexico-city-on-july-23-2026-28c,highest-temperature-in-mexico-city-on-july-23-2026,Yes,0,0xee91c9993b5208915aaf532f89e0439c05ac84c44aaac642044db3933e63a14d,0xbddc2a7690BF600E347d5eb4A9C28f9F24E55d4f-1774968947489,Equal-Sun
1784824077,2026-07-23T16:27:57+00:00,TAKER,BUY,40,0.36,14.399999999999999,60492613163322321634617301521082297850685428873017602113990685640752379368032,0x1f597c3e2eeeea20e9bd8886a0fc5258da13ff025c43d457fef2d80bdeedf85e,Will the highest temperature in Dallas be between 96-97°F on July 24?,highest-temperature-in-dallas-on-july-24-2026-96-97f,highest-temperature-in-dallas-on-july-24-2026,Yes,0,0xfa6e61811e4971559e26471628fb51c7c4df8e2a37a951bd0dadb26b3fb2ce0f,0xbddc2a7690BF600E347d5eb4A9C28f9F24E55d4f-1774968947489,Equal-Sun
1784824122,2026-07-23T16:28:42+00:00,TAKER,BUY,200.6,0.38,76.228,107179508345142016382753117901537315813187444245694616767429119952972520670612,0xef9612f704fc8b3fdc0d3535dd64dcbd0af1e55ec59f7e31b689a5624f1a17da,Will the highest temperature in Karachi be 34°C on July 24?,highest-temperature-in-karachi-on-july-24-2026-34c,highest-temperature-in-karachi-on-july-24-2026,Yes,0,0x11e925b08c93778681b9956079a3ec44d0993692b9c68862704769f417986875,0xbddc2a7690BF600E347d5eb4A9C28f9F24E55d4f-1774968947489,Equal-Sun
1784843953,2026-07-23T21:59:13+00:00,TAKER,BUY,147.566426,0.6776609064,99.99999799736852,89288020124587103627806677495605902425227020315754490468051229601143591252042,0x024d470332fa713424a39c2535d010a2e23f8d1d575878a74768742bf657bb6f,Will the highest temperature in Madrid be 33°C on July 24?,highest-temperature-in-madrid-on-july-24-2026-33c,highest-temperature-in-madrid-on-july-24-2026,Yes,0,0x1c247d49a1e664f2a241bede76c174ef6f30512eae8b6526015f0c7c6fa63998,0xbddc2a7690BF600E347d5eb4A9C28f9F24E55d4f-1774968947489,Equal-Sun
1784843983,2026-07-23T21:59:43+00:00,TAKER,BUY,166.3,0.3,49.89,107179508345142016382753117901537315813187444245694616767429119952972520670612,0xef9612f704fc8b3fdc0d3535dd64dcbd0af1e55ec59f7e31b689a5624f1a17da,Will the highest temperature in Karachi be 34°C on July 24?,highest-temperature-in-karachi-on-july-24-2026-34c,highest-temperature-in-karachi-on-july-24-2026,Yes,0,0x7f2555a3bea4c86bdfec8be6a868d6defadac6fa2fe294e9d7c13e5adeb14998,0xbddc2a7690BF600E347d5eb4A9C28f9F24E55d4f-1774968947489,Equal-Sun
1784852283,2026-07-24T00:18:03+00:00,TAKER,BUY,212.765956,0.4699999985,99.99999900085106,108404545242238064706211715472632473897760488141716313051507746294099965257394,0x3ea3044991886ad75505dbe166c3249872958c5bc4841f25b90e82fdc0bb44af,Will the highest temperature in Ankara be 28°C on July 24?,highest-temperature-in-ankara-on-july-24-2026-28c,highest-temperature-in-ankara-on-july-24-2026,Yes,0,0x1b187a13dacefec5a2e5d0bf25cf4a0d5a23171300a113b40e629322fcb6348a,0xbddc2a7690BF600E347d5eb4A9C28f9F24E55d4f-1774968947489,Equal-Sun
1784853307,2026-07-24T00:35:07+00:00,TAKER,SELL,478.01,0.1330495178,63.59900000357799,107179508345142016382753117901537315813187444245694616767429119952972520670612,0xef9612f704fc8b3fdc0d3535dd64dcbd0af1e55ec59f7e31b689a5624f1a17da,Will the highest temperature in Karachi be 34°C on July 24?,highest-temperature-in-karachi-on-july-24-2026-34c,highest-temperature-in-karachi-on-july-24-2026,Yes,0,0xc49d02e5744b9ea9b806f8cae89a523c68d86552c21e6da4e5e64e02a15619c6,0xbddc2a7690BF600E347d5eb4A9C28f9F24E55d4f-1774968947489,Equal-Sun
1784853330,2026-07-24T00:35:30+00:00,TAKER,BUY,98.18,0.48,47.126400000000004,108404545242238064706211715472632473897760488141716313051507746294099965257394,0x3ea3044991886ad75505dbe166c3249872958c5bc4841f25b90e82fdc0bb44af,Will the highest temperature in Ankara be 28°C on July 24?,highest-temperature-in-ankara-on-july-24-2026-28c,highest-temperature-in-ankara-on-july-24-2026,Yes,0,0xd546b058e3ed29b9598ed8d3a355d9cb3aec576a63c4052464132cab60113748,0xbddc2a7690BF600E347d5eb4A9C28f9F24E55d4f-1774968947489,Equal-Sun
1784853340,2026-07-24T00:35:40+00:00,TAKER,BUY,80.16,0.499001996,39.99999999936,108404545242238064706211715472632473897760488141716313051507746294099965257394,0x3ea3044991886ad75505dbe166c3249872958c5bc4841f25b90e82fdc0bb44af,Will the highest temperature in Ankara be 28°C on July 24?,highest-temperature-in-ankara-on-july-24-2026-28c,highest-temperature-in-ankara-on-july-24-2026,Yes,0,0x0c71f05841b1a01b54958ba3c33bbdc234bd1b74864eeea3703f9ec2abbec42f,0xbddc2a7690BF600E347d5eb4A9C28f9F24E55d4f-1774968947489,Equal-Sun
1784853361,2026-07-24T00:36:01+00:00,TAKER,BUY,15.05,0.41,6.1705,60492613163322321634617301521082297850685428873017602113990685640752379368032,0x1f597c3e2eeeea20e9bd8886a0fc5258da13ff025c43d457fef2d80bdeedf85e,Will the highest temperature in Dallas be between 96-97°F on July 24?,highest-temperature-in-dallas-on-july-24-2026-96-97f,highest-temperature-in-dallas-on-july-24-2026,Yes,0,0x616c6ebcfdc710c6492cae0016f18976994da98829388b28d86a969fadb869e4,0xbddc2a7690BF600E347d5eb4A9C28f9F24E55d4f-1774968947489,Equal-Sun
1784862252,2026-07-24T03:04:12+00:00,TAKER,BUY,258.315,0.1935621238,50.000000009397006,69381776092589273102631805987862298787032805979301949409095010015401045704204,0x52a9572574b20d8d9ca7c52e8b4f5190f7b319fcc4c65b585d0fd3d9b5b878e2,Will the highest temperature in Chongqing be 39°C on July 25?,highest-temperature-in-chongqing-on-july-25-2026-39c,highest-temperature-in-chongqing-on-july-25-2026,Yes,0,0x8cc1d6d02f456a3f30594c5401f8c9eed4d78ce4e53a1da97d4533713c852fc9,0xbddc2a7690BF600E347d5eb4A9C28f9F24E55d4f-1774968947489,Equal-Sun
1784863149,2026-07-24T03:19:09+00:00,TAKER,BUY,100.09,0.67,67.06030000000001,89288020124587103627806677495605902425227020315754490468051229601143591252042,0x024d470332fa713424a39c2535d010a2e23f8d1d575878a74768742bf657bb6f,Will the highest temperature in Madrid be 33°C on July 24?,highest-temperature-in-madrid-on-july-24-2026-33c,highest-temperature-in-madrid-on-july-24-2026,Yes,0,0x30b6b48ca5dc8d158098858ce70c119adceeadf594779164742fd11c3c61ace8,0xbddc2a7690BF600E347d5eb4A9C28f9F24E55d4f-1774968947489,Equal-Sun
1784868579,2026-07-24T04:49:39+00:00,TAKER,BUY,161.854837,0.6178375627,99.99999800328578,10694528934281273150755901285883890646903274469815955680257071343775281804783,0xcaf542104a4a0e9bd94f14fca7c68cb80f3d0b4fd4a3d949c8a0b725343957c6,Will the highest temperature in Istanbul be 25°C on July 24?,highest-temperature-in-istanbul-on-july-24-2026-25c,highest-temperature-in-istanbul-on-july-24-2026,Yes,0,0x1be1eb25af3f8068a63c1d49eb184bdb45c39287750dedcee58f2e2337b4c17a,0xbddc2a7690BF600E347d5eb4A9C28f9F24E55d4f-1774968947489,Equal-Sun
1784868582,2026-07-24T04:49:42+00:00,TAKER,BUY,256.921903,0.1946116638,49.99999900949221,113481364781456997440687137004828757028671052538458977043208822952974907352220,0x467193ce6bd0412f98c5cd59ec171a31574830180e9344d42b6dd645301cd680,Will the highest temperature in Dallas be between 102-103°F on July 25?,highest-temperature-in-dallas-on-july-25-2026-102-103f,highest-temperature-in-dallas-on-july-25-2026,Yes,0,0x40716c748b97ca40cea84ca1e4d8ad9609e85ab3c6465cfdb46b42698e291489,0xbddc2a7690BF600E347d5eb4A9C28f9F24E55d4f-1774968947489,Equal-Sun
1784871579,2026-07-24T05:39:39+00:00,TAKER,SELL,256.92,0.0891160673,22.895700010716002,113481364781456997440687137004828757028671052538458977043208822952974907352220,0x467193ce6bd0412f98c5cd59ec171a31574830180e9344d42b6dd645301cd680,Will the highest temperature in Dallas be between 102-103°F on July 25?,highest-temperature-in-dallas-on-july-25-2026-102-103f,highest-temperature-in-dallas-on-july-25-2026,Yes,0,0xefd9ae128bfd5a116b083e42aa119e19ce732c12b3c2f5c6bebd4f5d20453d6d,0xbddc2a7690BF600E347d5eb4A9C28f9F24E55d4f-1774968947489,Equal-Sun
1784871583,2026-07-24T05:39:43+00:00,TAKER,SELL,258.31,0.1958135574,50.580600011994,69381776092589273102631805987862298787032805979301949409095010015401045704204,0x52a9572574b20d8d9ca7c52e8b4f5190f7b319fcc4c65b585d0fd3d9b5b878e2,Will the highest temperature in Chongqing be 39°C on July 25?,highest-temperature-in-chongqing-on-july-25-2026-39c,highest-temperature-in-chongqing-on-july-25-2026,Yes,0,0xbdddca95839dbef648c4a413fe16cf23cf2ec6cb107f6696d97d74aa5834bc39,0xbddc2a7690BF600E347d5eb4A9C28f9F24E55d4f-1774968947489,Equal-Sun
1784871777,2026-07-24T05:42:57+00:00,TAKER,BUY,434.5,0.4,173.8,60492613163322321634617301521082297850685428873017602113990685640752379368032,0x1f597c3e2eeeea20e9bd8886a0fc5258da13ff025c43d457fef2d80bdeedf85e,Will the highest temperature in Dallas be between 96-97°F on July 24?,highest-temperature-in-dallas-on-july-24-2026-96-97f,highest-temperature-in-dallas-on-july-24-2026,Yes,0,0x5cdde0a0084d91b974abd46fb52ff085fe524596fd7982b9133f3edff264c56e,0xbddc2a7690BF600E347d5eb4A9C28f9F24E55d4f-1774968947489,Equal-Sun
1784872843,2026-07-24T06:00:43+00:00,TAKER,BUY,103,0.65,66.95,10694528934281273150755901285883890646903274469815955680257071343775281804783,0xcaf542104a4a0e9bd94f14fca7c68cb80f3d0b4fd4a3d949c8a0b725343957c6,Will the highest temperature in Istanbul be 25°C on July 24?,highest-temperature-in-istanbul-on-july-24-2026-25c,highest-temperature-in-istanbul-on-july-24-2026,Yes,0,0x82fb8c84845efafd6f8867f3635cf80a1c679ddb9531cc8603774c83edce7d91,0xbddc2a7690BF600E347d5eb4A9C28f9F24E55d4f-1774968947489,Equal-Sun
1784874927,2026-07-24T06:35:27+00:00,TAKER,BUY,133.65615,0.7481885196,99.99999700393553,76190501893393082234197837846585187443629394128872670897213964736596485196178,0x9b14fbc71be4687dba4888d71d9a8e53e8f97bfa10876390642ee6318552fdb5,Will the highest temperature in Tel Aviv be 32°C on July 24?,highest-temperature-in-tel-aviv-on-july-24-2026-32c,highest-temperature-in-tel-aviv-on-july-24-2026,Yes,0,0xba8d817f659ed6680edf27d0655db1759d3cd42ff3b42f174b3348ac837ed59b,0xbddc2a7690BF600E347d5eb4A9C28f9F24E55d4f-1774968947489,Equal-Sun
1784876395,2026-07-24T06:59:55+00:00,TAKER,BUY,25.29,0.72,18.2088,76190501893393082234197837846585187443629394128872670897213964736596485196178,0x9b14fbc71be4687dba4888d71d9a8e53e8f97bfa10876390642ee6318552fdb5,Will the highest temperature in Tel Aviv be 32°C on July 24?,highest-temperature-in-tel-aviv-on-july-24-2026-32c,highest-temperature-in-tel-aviv-on-july-24-2026,Yes,0,0x60f67329b3fe2f93be042c2e157312826b649203ca6f1a455adaf5cd118355c8,0xbddc2a7690BF600E347d5eb4A9C28f9F24E55d4f-1774968947489,Equal-Sun
1784876403,2026-07-24T07:00:03+00:00,TAKER,BUY,100,0.73,73.0,76190501893393082234197837846585187443629394128872670897213964736596485196178,0x9b14fbc71be4687dba4888d71d9a8e53e8f97bfa10876390642ee6318552fdb5,Will the highest temperature in Tel Aviv be 32°C on July 24?,highest-temperature-in-tel-aviv-on-july-24-2026-32c,highest-temperature-in-tel-aviv-on-july-24-2026,Yes,0,0xc8d7a40bfbeb1fa85897fc9ddc4ea17a9b35e235073a0e5ef9916f097a7a0a90,0xbddc2a7690BF600E347d5eb4A9C28f9F24E55d4f-1774968947489,Equal-Sun
1784876751,2026-07-24T07:05:51+00:00,TAKER,BUY,91.090908,0.5489021912,49.9999989995976,1822465682365076906814721233662121676675510060871899225490558602020476731668,0x3fd2a4345333138c8c403da9874d64a00fc1f4d98c2cde4b81779d02a4ef9303,Will the highest temperature in New York City be between 82-83°F on July 24?,highest-temperature-in-nyc-on-july-24-2026-82-83f,highest-temperature-in-nyc-on-july-24-2026,Yes,0,0xcf84da49c15a7fd60ac5cc54ccafc7cc3a369352a7dfe92fbf34557e8bb51502,0xbddc2a7690BF600E347d5eb4A9C28f9F24E55d4f-1774968947489,Equal-Sun
1784878554,2026-07-24T07:35:54+00:00,TAKER,BUY,149.405941,0.6693174202,99.99999899267341,10694528934281273150755901285883890646903274469815955680257071343775281804783,0xcaf542104a4a0e9bd94f14fca7c68cb80f3d0b4fd4a3d949c8a0b725343957c6,Will the highest temperature in Istanbul be 25°C on July 24?,highest-temperature-in-istanbul-on-july-24-2026-25c,highest-temperature-in-istanbul-on-july-24-2026,Yes,0,0xefd911cbc31c441358e96858d4a31fbe7d4eb3fd9321c2c696ece3c179a8ab07,0xbddc2a7690BF600E347d5eb4A9C28f9F24E55d4f-1774968947489,Equal-Sun
1784882199,2026-07-24T08:36:39+00:00,TAKER,BUY,166.666665,0.299999997,49.99999900000001,80637715211120031619837986741583394077935571003974289808754649118767704410526,0xf01d61f19e5122feeb429684de87970a724b0387642a98633d54b5fe96c7ca9f,Will the highest temperature in Warsaw be 24°C on July 25?,highest-temperature-in-warsaw-on-july-25-2026-24c,highest-temperature-in-warsaw-on-july-25-2026,Yes,0,0x96a6cf64f9944a338c97ce2836eb79aed192065b4c6dc43ff5b6c79c0b47e3da,0xbddc2a7690BF600E347d5eb4A9C28f9F24E55d4f-1774968947489,Equal-Sun
1784882206,2026-07-24T08:36:46+00:00,TAKER,BUY,15,0.49,7.35,1822465682365076906814721233662121676675510060871899225490558602020476731668,0x3fd2a4345333138c8c403da9874d64a00fc1f4d98c2cde4b81779d02a4ef9303,Will the highest temperature in New York City be between 82-83°F on July 24?,highest-temperature-in-nyc-on-july-24-2026-82-83f,highest-temperature-in-nyc-on-july-24-2026,Yes,0,0xc4a3f9c07791b9ccd323a39c89153156adbef2e1a1d178bfd0c517fca32f452d,0xbddc2a7690BF600E347d5eb4A9C28f9F24E55d4f-1774968947489,Equal-Sun
1784883133,2026-07-24T08:52:13+00:00,TAKER,BUY,326.94,0.2098978406,68.624000005764,4563986153909234408942783434085072712085784241341748207512713582597784578290,0xb74cb4e8fade8482cf47bfe716c7af7568dcea790b2a19cbc874de422df4f45f,Will the highest temperature in Singapore be 28°C on July 26?,highest-temperature-in-singapore-on-july-26-2026-28c,highest-temperature-in-singapore-on-july-26-2026,Yes,0,0x1c3770cfc68f2996ad389cf81a978be998dac2dedec001bbeff827174e88d06c,0xbddc2a7690BF600E347d5eb4A9C28f9F24E55d4f-1774968947489,Equal-Sun
1784885829,2026-07-24T09:37:09+00:00,TAKER,BUY,129.36,0.2425788497,31.379999997192,4563986153909234408942783434085072712085784241341748207512713582597784578290,0xb74cb4e8fade8482cf47bfe716c7af7568dcea790b2a19cbc874de422df4f45f,Will the highest temperature in Singapore be 28°C on July 26?,highest-temperature-in-singapore-on-july-26-2026-28c,highest-temperature-in-singapore-on-july-26-2026,Yes,0,0xb28f3625bf2f1963014a8c70a7f4861364fb879b508855911b5f56b7b6ce85f6,0xbddc2a7690BF600E347d5eb4A9C28f9F24E55d4f-1774968947489,Equal-Sun
1784885833,2026-07-24T09:37:13+00:00,TAKER,BUY,308.48,0.7295954357,225.065600004736,89288020124587103627806677495605902425227020315754490468051229601143591252042,0x024d470332fa713424a39c2535d010a2e23f8d1d575878a74768742bf657bb6f,Will the highest temperature in Madrid be 33°C on July 24?,highest-temperature-in-madrid-on-july-24-2026-33c,highest-temperature-in-madrid-on-july-24-2026,Yes,0,0x045eb01f8c721efd6b5072db3ef773db846586a2726a8038bc1b6d23e95ffc9d,0xbddc2a7690BF600E347d5eb4A9C28f9F24E55d4f-1774968947489,Equal-Sun
1784886739,2026-07-24T09:52:19+00:00,TAKER,BUY,237.01,0.7380701236,174.929999994436,89288020124587103627806677495605902425227020315754490468051229601143591252042,0x024d470332fa713424a39c2535d010a2e23f8d1d575878a74768742bf657bb6f,Will the highest temperature in Madrid be 33°C on July 24?,highest-temperature-in-madrid-on-july-24-2026-33c,highest-temperature-in-madrid-on-july-24-2026,Yes,0,0x88281b779f5f69e4b5918d3253efd7fffcb885c4c50d53093ff87401ccaaf1c0,0xbddc2a7690BF600E347d5eb4A9C28f9F24E55d4f-1774968947489,Equal-Sun
1784887642,2026-07-24T10:07:22+00:00,TAKER,BUY,141.359588,0.7074157502,99.99999899298292,76190501893393082234197837846585187443629394128872670897213964736596485196178,0x9b14fbc71be4687dba4888d71d9a8e53e8f97bfa10876390642ee6318552fdb5,Will the highest temperature in Tel Aviv be 32°C on July 24?,highest-temperature-in-tel-aviv-on-july-24-2026-32c,highest-temperature-in-tel-aviv-on-july-24-2026,Yes,0,0x57725a6e2a6ba434453a507e273d2e4130b60b90acdcfec6d1e5cf282b29f40e,0xbddc2a7690BF600E347d5eb4A9C28f9F24E55d4f-1774968947489,Equal-Sun
1784893081,2026-07-24T11:38:01+00:00,TAKER,BUY,711.71,0.3897840413,277.413200033623,31022385979697934863645038469021977855771200764576427064293040088281754269177,0x54132eb280bab24bc7b6dae75d27bb4a9f8c26f76659af21df853aceb4b556f5,Will the highest temperature in Madrid be 30°C on July 25?,highest-temperature-in-madrid-on-july-25-2026-30c,highest-temperature-in-madrid-on-july-25-2026,Yes,0,0x32c50b606e8bb3ed6b6b65046987021da8216d2f1cbcc09eadcab9fbcaae070e,0xbddc2a7690BF600E347d5eb4A9C28f9F24E55d4f-1774968947489,Equal-Sun
1784893084,2026-07-24T11:38:04+00:00,TAKER,BUY,146.92,0.6029077049,88.579200003908,64160189563685489680093683099472863231488339237995596527328834486629043858282,0xcd1c31293b53b996545445fe310fa6f3a5d511a9411e215a4c126276ba318672,Will the highest temperature in Paris be 28°C on July 24?,highest-temperature-in-paris-on-july-24-2026-28c,highest-temperature-in-paris-on-july-24-2026,Yes,0,0xe1127fd39b5ba442523d244f2933b8cbc734dd78ea7f84d7d0c30d5a277aaf67,0xbddc2a7690BF600E347d5eb4A9C28f9F24E55d4f-1774968947489,Equal-Sun
1784893990,2026-07-24T11:53:10+00:00,TAKER,BUY,57.225,0.394757536,22.589999997600003,31022385979697934863645038469021977855771200764576427064293040088281754269177,0x54132eb280bab24bc7b6dae75d27bb4a9f8c26f76659af21df853aceb4b556f5,Will the highest temperature in Madrid be 30°C on July 25?,highest-temperature-in-madrid-on-july-25-2026-30c,highest-temperature-in-madrid-on-july-25-2026,Yes,0,0xb8e66a1b186603cd51190d4e8d4d2039691fdc3ae648036963a67fc059da216c,0xbddc2a7690BF600E347d5eb4A9C28f9F24E55d4f-1774968947489,Equal-Sun
1784893995,2026-07-24T11:53:15+00:00,TAKER,BUY,21.466963,0.5319801874,11.419998999648865,64160189563685489680093683099472863231488339237995596527328834486629043858282,0xcd1c31293b53b996545445fe310fa6f3a5d511a9411e215a4c126276ba318672,Will the highest temperature in Paris be 28°C on July 24?,highest-temperature-in-paris-on-july-24-2026-28c,highest-temperature-in-paris-on-july-24-2026,Yes,0,0xe037b1ad7227c701a3759f4469ae064e18e2719477811a5ad58fa1406bc573c7,0xbddc2a7690BF600E347d5eb4A9C28f9F24E55d4f-1774968947489,Equal-Sun
1784894016,2026-07-24T11:53:36+00:00,TAKER,BUY,44.489564,0.4495436053,19.999998998785088,108404545242238064706211715472632473897760488141716313051507746294099965257394,0x3ea3044991886ad75505dbe166c3249872958c5bc4841f25b90e82fdc0bb44af,Will the highest temperature in Ankara be 28°C on July 24?,highest-temperature-in-ankara-on-july-24-2026-28c,highest-temperature-in-ankara-on-july-24-2026,Yes,0,0x6aa045c190ef1846b5284b6ec457aadd0b0f6fb5854ed12339f213ddfb9d0c3e,0xbddc2a7690BF600E347d5eb4A9C28f9F24E55d4f-1774968947489,Equal-Sun
1784895820,2026-07-24T12:23:40+00:00,TAKER,BUY,83.106556,0.6016372403,49.999999002677406,8760912642089544631133304386085312678001617319032815835800424947407255899543,0x21586b4ca701bdc6984254d83786ccfc4e76e491e4624beda8b55f2124eb99c9,Will the highest temperature in Munich be 25°C on July 24?,highest-temperature-in-munich-on-july-24-2026-25c,highest-temperature-in-munich-on-july-24-2026,Yes,0,0xface398fed31fc1b7c9e86d28af8b173a80a804f1ff1e52f59ba6847eb1cc7a0,0xbddc2a7690BF600E347d5eb4A9C28f9F24E55d4f-1774968947489,Equal-Sun
1784897044,2026-07-24T12:44:04+00:00,TAKER,BUY,54.99,0.39,21.4461,31022385979697934863645038469021977855771200764576427064293040088281754269177,0x54132eb280bab24bc7b6dae75d27bb4a9f8c26f76659af21df853aceb4b556f5,Will the highest temperature in Madrid be 30°C on July 25?,highest-temperature-in-madrid-on-july-25-2026-30c,highest-temperature-in-madrid-on-july-25-2026,Yes,0,0xdf29936bebd49b5677f2a859c50d12d52bada0cc1eb8055af8844f78ce74bf61,0xbddc2a7690BF600E347d5eb4A9C28f9F24E55d4f-1774968947489,Equal-Sun
1784897778,2026-07-24T12:56:18+00:00,TAKER,BUY,15.01,0.34,5.103400000000001,60492613163322321634617301521082297850685428873017602113990685640752379368032,0x1f597c3e2eeeea20e9bd8886a0fc5258da13ff025c43d457fef2d80bdeedf85e,Will the highest temperature in Dallas be between 96-97°F on July 24?,highest-temperature-in-dallas-on-july-24-2026-96-97f,highest-temperature-in-dallas-on-july-24-2026,Yes,0,0xcbb6d6e584340eac30b770c9b3e2390997103612b32f439c0c42e720d58efe30,0xbddc2a7690BF600E347d5eb4A9C28f9F24E55d4f-1774968947489,Equal-Sun
1784900728,2026-07-24T13:45:28+00:00,TAKER,SELL,456.3,0.1001542845,45.70040001735,4563986153909234408942783434085072712085784241341748207512713582597784578290,0xb74cb4e8fade8482cf47bfe716c7af7568dcea790b2a19cbc874de422df4f45f,Will the highest temperature in Singapore be 28°C on July 26?,highest-temperature-in-singapore-on-july-26-2026-28c,highest-temperature-in-singapore-on-july-26-2026,Yes,0,0x0134f93a77af6af114bbdb74436b3186af47a44f3e7229b3412b383fd170a79d,0xbddc2a7690BF600E347d5eb4A9C28f9F24E55d4f-1774968947489,Equal-Sun
1784903949,2026-07-24T14:39:09+00:00,TAKER,BUY,67.567565,0.7399999985,49.99999799864865,89935381574208943798846096044548548394341982080372247341989491988954209196306,0x020a5e70dd1681fd03cab48561803c7cb6b477822d48071d31edc4bc6aafb890,Will the highest temperature in Denver be between 96-97°F on July 24?,highest-temperature-in-denver-on-july-24-2026-96-97f,highest-temperature-in-denver-on-july-24-2026,Yes,0,0x410a40c4e2274447e3b107de06cd86af4f1fda8a40cbbcec728f79ff9985fb37,0xbddc2a7690BF600E347d5eb4A9C28f9F24E55d4f-1774968947489,Equal-Sun
1784904852,2026-07-24T14:54:12+00:00,TAKER,BUY,156.66,0.6377537342,99.910499999772,114873253622204729522331478121656736061229412619824962590048502443006810996277,0x480c845b31e2c7d6d095a9d2fe5fe0deddf594185f4354990de44acb7a05e17d,Will the highest temperature in Miami be between 90-91°F on July 24?,highest-temperature-in-miami-on-july-24-2026-90-91f,highest-temperature-in-miami-on-july-24-2026,Yes,0,0x3868c262229edb730be73ddd02198984ce90d71be39151b7c7739442a653e1d3,0xbddc2a7690BF600E347d5eb4A9C28f9F24E55d4f-1774968947489,Equal-Sun
1784906170,2026-07-24T15:16:10+00:00,TAKER,BUY,5.55,0.64,3.552,114873253622204729522331478121656736061229412619824962590048502443006810996277,0x480c845b31e2c7d6d095a9d2fe5fe0deddf594185f4354990de44acb7a05e17d,Will the highest temperature in Miami be between 90-91°F on July 24?,highest-temperature-in-miami-on-july-24-2026-90-91f,highest-temperature-in-miami-on-july-24-2026,Yes,0,0x90ba9135b0bdfcbd80cec367b6186f13e55bc80f4fb6eef22eae254ca6aa379c,0xbddc2a7690BF600E347d5eb4A9C28f9F24E55d4f-1774968947489,Equal-Sun
1784906173,2026-07-24T15:16:13+00:00,TAKER,BUY,36,0.65,23.400000000000002,114873253622204729522331478121656736061229412619824962590048502443006810996277,0x480c845b31e2c7d6d095a9d2fe5fe0deddf594185f4354990de44acb7a05e17d,Will the highest temperature in Miami be between 90-91°F on July 24?,highest-temperature-in-miami-on-july-24-2026-90-91f,highest-temperature-in-miami-on-july-24-2026,Yes,0,0xba7c906b98667e62d72741d49d1efaedd7908a80907d1f1e03c5624002ea1e35,0xbddc2a7690BF600E347d5eb4A9C28f9F24E55d4f-1774968947489,Equal-Sun
1784906178,2026-07-24T15:16:18+00:00,TAKER,BUY,15.79,0.65,10.2635,114873253622204729522331478121656736061229412619824962590048502443006810996277,0x480c845b31e2c7d6d095a9d2fe5fe0deddf594185f4354990de44acb7a05e17d,Will the highest temperature in Miami be between 90-91°F on July 24?,highest-temperature-in-miami-on-july-24-2026-90-91f,highest-temperature-in-miami-on-july-24-2026,Yes,0,0x9dcd71690b09ca7d0e0a197017fc534ff49bb0b2d5ce5b14c564ed6323fe718f,0xbddc2a7690BF600E347d5eb4A9C28f9F24E55d4f-1774968947489,Equal-Sun
1784906218,2026-07-24T15:16:58+00:00,TAKER,BUY,75,0.42,31.5,31022385979697934863645038469021977855771200764576427064293040088281754269177,0x54132eb280bab24bc7b6dae75d27bb4a9f8c26f76659af21df853aceb4b556f5,Will the highest temperature in Madrid be 30°C on July 25?,highest-temperature-in-madrid-on-july-25-2026-30c,highest-temperature-in-madrid-on-july-25-2026,Yes,0,0x883aba696729f10df13f54fd5cb19dedbbc16b123989b31e82217c21cb7e6fa5,0xbddc2a7690BF600E347d5eb4A9C28f9F24E55d4f-1774968947489,Equal-Sun
1784906290,2026-07-24T15:18:10+00:00,TAKER,BUY,40.22,0.66,26.5452,114873253622204729522331478121656736061229412619824962590048502443006810996277,0x480c845b31e2c7d6d095a9d2fe5fe0deddf594185f4354990de44acb7a05e17d,Will the highest temperature in Miami be between 90-91°F on July 24?,highest-temperature-in-miami-on-july-24-2026-90-91f,highest-temperature-in-miami-on-july-24-2026,Yes,0,0xb0575b65e8c000730ab1b3a51757e82ffd3544c2166f0864d2abc9e39e1c4e70,0xbddc2a7690BF600E347d5eb4A9C28f9F24E55d4f-1774968947489,Equal-Sun
1784909869,2026-07-24T16:17:49+00:00,TAKER,BUY,147.25,0.44,64.79,31022385979697934863645038469021977855771200764576427064293040088281754269177,0x54132eb280bab24bc7b6dae75d27bb4a9f8c26f76659af21df853aceb4b556f5,Will the highest temperature in Madrid be 30°C on July 25?,highest-temperature-in-madrid-on-july-25-2026-30c,highest-temperature-in-madrid-on-july-25-2026,Yes,0,0x31c22b695515a7e9c062c4a808dd459a18eb4ed1b2886997a5ec100adc6e2839,0xbddc2a7690BF600E347d5eb4A9C28f9F24E55d4f-1774968947489,Equal-Sun
1784912149,2026-07-24T16:55:49+00:00,TAKER,BUY,103.469386,0.4832347125,49.999998996261525,40998977878679194573246423999656098889218145366804967829687300590475041724562,0x2d0c12fe1fcb19e03982caebc658a178b2ff4b1634948ad8890a5d24ecbfb715,Will the highest temperature in Mexico City be 27°C on July 25?,highest-temperature-in-mexico-city-on-july-25-2026-27c,highest-temperature-in-mexico-city-on-july-25-2026,Yes,0,0xd935bcc9abf7bc9f178449fc11a47fee59e29a0a69dfdd0d979d8098e53fdb4c,0xbddc2a7690BF600E347d5eb4A9C28f9F24E55d4f-1774968947489,Equal-Sun
1784915760,2026-07-24T17:56:00+00:00,TAKER,BUY,147.058822,0.3399999967,49.999998994705884,37151281877973563131069144496909185476086755279075171491730128483137671865052,0xbedb6670c0bb4fcc1cb64fabbe4396f3b23302ea6b8269733b59d112fc4af966,Will the highest temperature in Singapore be 29°C on July 25?,highest-temperature-in-singapore-on-july-25-2026-29c,highest-temperature-in-singapore-on-july-25-2026,Yes,0,0xb7982e0bb48330ac51210903b093cf72725d859f673b3702625de216bab8b51a,0xbddc2a7690BF600E347d5eb4A9C28f9F24E55d4f-1774968947489,Equal-Sun
1784934039,2026-07-24T23:00:39+00:00,TAKER,SELL,147.05,0.1688860932,24.834700005060004,37151281877973563131069144496909185476086755279075171491730128483137671865052,0xbedb6670c0bb4fcc1cb64fabbe4396f3b23302ea6b8269733b59d112fc4af966,Will the highest temperature in Singapore be 29°C on July 25?,highest-temperature-in-singapore-on-july-25-2026-29c,highest-temperature-in-singapore-on-july-25-2026,Yes,0,0xd7aca7174723cb4561ed9bfff77c02400feb66a85014097f13c4107499f87d7d,0xbddc2a7690BF600E347d5eb4A9C28f9F24E55d4f-1774968947489,Equal-Sun
1784937351,2026-07-24T23:55:51+00:00,TAKER,BUY,29.17,0.45,13.126500000000002,31022385979697934863645038469021977855771200764576427064293040088281754269177,0x54132eb280bab24bc7b6dae75d27bb4a9f8c26f76659af21df853aceb4b556f5,Will the highest temperature in Madrid be 30°C on July 25?,highest-temperature-in-madrid-on-july-25-2026-30c,highest-temperature-in-madrid-on-july-25-2026,Yes,0,0x0ea5639e8f0757f911541dad0f6c405993fbf180371c130147d7e2afa5eefc19,0xbddc2a7690BF600E347d5eb4A9C28f9F24E55d4f-1774968947489,Equal-Sun
1784937352,2026-07-24T23:55:52+00:00,TAKER,BUY,145,0.46,66.7,31022385979697934863645038469021977855771200764576427064293040088281754269177,0x54132eb280bab24bc7b6dae75d27bb4a9f8c26f76659af21df853aceb4b556f5,Will the highest temperature in Madrid be 30°C on July 25?,highest-temperature-in-madrid-on-july-25-2026-30c,highest-temperature-in-madrid-on-july-25-2026,Yes,0,0x3e5cb2a6601299b38737a420f4dbc07d00658567194cf1d3f834a9a673c4003b,0xbddc2a7690BF600E347d5eb4A9C28f9F24E55d4f-1774968947489,Equal-Sun
1784937363,2026-07-24T23:56:03+00:00,TAKER,BUY,39.99,0.47,18.7953,31022385979697934863645038469021977855771200764576427064293040088281754269177,0x54132eb280bab24bc7b6dae75d27bb4a9f8c26f76659af21df853aceb4b556f5,Will the highest temperature in Madrid be 30°C on July 25?,highest-temperature-in-madrid-on-july-25-2026-30c,highest-temperature-in-madrid-on-july-25-2026,Yes,0,0x83a9d15e7dcb1e7da555a2ad34a3eca4503d9da646ab26ee449ba5ff1f757bfb,0xbddc2a7690BF600E347d5eb4A9C28f9F24E55d4f-1774968947489,Equal-Sun
1784937405,2026-07-24T23:56:45+00:00,TAKER,BUY,233.036975,0.4291164482,99.9999990112722,40998977878679194573246423999656098889218145366804967829687300590475041724562,0x2d0c12fe1fcb19e03982caebc658a178b2ff4b1634948ad8890a5d24ecbfb715,Will the highest temperature in Mexico City be 27°C on July 25?,highest-temperature-in-mexico-city-on-july-25-2026-27c,highest-temperature-in-mexico-city-on-july-25-2026,Yes,0,0x56c0a45cb258c9f7c3a15af76163eb380fc62b3db2792f8a0640035f21b8ac23,0xbddc2a7690BF600E347d5eb4A9C28f9F24E55d4f-1774968947489,Equal-Sun
1784937454,2026-07-24T23:57:34+00:00,TAKER,BUY,289.85507,0.689999999,199.99999801014494,111776992115540524143575338298175103557802346271772527349655580215284505626099,0x4602156ff458aaefe27433cc1a380f5872b8b1599b95c5af48081705d997c1bc,Will the highest temperature in Tel Aviv be 34°C on July 25?,highest-temperature-in-tel-aviv-on-july-25-2026-34c,highest-temperature-in-tel-aviv-on-july-25-2026,Yes,0,0xd93a614ef3fcec6f17a758bb48ec7672eec0e93a863380e2eccc7c7c6d086e79,0xbddc2a7690BF600E347d5eb4A9C28f9F24E55d4f-1774968947489,Equal-Sun
1784939301,2026-07-25T00:28:21+00:00,TAKER,BUY,166.666665,0.299999997,49.99999900000001,7165755216496403816488067948815664868060129193230596570729058560193590192767,0x24ce8ac2c774a140b0f01b51f70611a8337651049865c0ebaa0af4a857e07289,Will the highest temperature in Karachi be 35°C on July 26?,highest-temperature-in-karachi-on-july-26-2026-35c,highest-temperature-in-karachi-on-july-26-2026,Yes,0,0x56b68a25e497b17287de77a9d20ea40a7ceec6f875944208a753703f5cdff7a5,0xbddc2a7690BF600E347d5eb4A9C28f9F24E55d4f-1774968947489,Equal-Sun
1784942254,2026-07-25T01:17:34+00:00,TAKER,BUY,350.619654,0.5704186765,199.99999898956796,31022385979697934863645038469021977855771200764576427064293040088281754269177,0x54132eb280bab24bc7b6dae75d27bb4a9f8c26f76659af21df853aceb4b556f5,Will the highest temperature in Madrid be 30°C on July 25?,highest-temperature-in-madrid-on-july-25-2026-30c,highest-temperature-in-madrid-on-july-25-2026,Yes,0,0x3c38a3a625f78d1602a21da2b644ed84af9fd96f98fee9d1d6073085a8b97f6e,0xbddc2a7690BF600E347d5eb4A9C28f9F24E55d4f-1774968947489,Equal-Sun
1784942901,2026-07-25T01:28:21+00:00,TAKER,BUY,181.55357,0.2754008032,49.999999001827426,35928574599433653212200236042322208926340814318170554296035522353103184561266,0x6e241d0722fe15fadf11a3d02431d8d3fb1283aa993adc5404ab3316b2d7537d,Will the highest temperature in Amsterdam be 25°C on July 25?,highest-temperature-in-amsterdam-on-july-25-2026-25c,highest-temperature-in-amsterdam-on-july-25-2026,Yes,0,0x8aa291c7a30ce84ab32fff1b4b9e8a0b4fd336ed0a0e0812b8672ca3a5eb52d8,0xbddc2a7690BF600E347d5eb4A9C28f9F24E55d4f-1774968947489,Equal-Sun
1784947402,2026-07-25T02:43:22+00:00,TAKER,BUY,100.3792,0.4981111625,50.000000002819995,22546056451954506413764255430066259297535662098193503086008703902357272121760,0xdd2a70ef871991f23dbdbe432d550418ae57e5321dfc565106c54986f7967aa5,Will the highest temperature in Chongqing be 40°C on July 26?,highest-temperature-in-chongqing-on-july-26-2026-40c,highest-temperature-in-chongqing-on-july-26-2026,Yes,0,0xfa653dbb1bb8eaf06e0ff155a069d807c498b2fea3f1316a1b609b0f8dca9a4c,0xbddc2a7690BF600E347d5eb4A9C28f9F24E55d4f-1774968947489,Equal-Sun
1784955552,2026-07-25T04:59:12+00:00,TAKER,BUY,72.01,0.4786140814,34.465000001614,78481765527745326273575583474002111602993323904470135399150325674506104372422,0x792105069d6d6cad52cdab3f02d502ad2819374ef99ae153fbcef27b367f75f5,Will the highest temperature in Istanbul be 23°C on July 25?,highest-temperature-in-istanbul-on-july-25-2026-23c,highest-temperature-in-istanbul-on-july-25-2026,Yes,0,0x41ded2e189bb779b38e4104697b8d6ca6cc06a96b11ca4b34e6b605885f7dfd1,0xbddc2a7690BF600E347d5eb4A9C28f9F24E55d4f-1774968947489,Equal-Sun
1784955555,2026-07-25T04:59:15+00:00,TAKER,BUY,196.3,0.1939083036,38.06419999668,23666875489844489154062986591601876475746127365007961552167915030283574808995,0x5d0229bf2b1eabb8835d2e0d6e8c9c3b8cecd112fad7582506645c033423a342,Will the highest temperature in Ankara be 18°C on July 25?,highest-temperature-in-ankara-on-july-25-2026-18c,highest-temperature-in-ankara-on-july-25-2026,Yes,0,0x47493bd7ad8c3e6a4ff8c7796ac34cd9fbf29fe4d3c56e6429fa65f895838d71,0xbddc2a7690BF600E347d5eb4A9C28f9F24E55d4f-1774968947489,Equal-Sun
1784956450,2026-07-25T05:14:10+00:00,TAKER,BUY,40,0.25,10.0,23666875489844489154062986591601876475746127365007961552167915030283574808995,0x5d0229bf2b1eabb8835d2e0d6e8c9c3b8cecd112fad7582506645c033423a342,Will the highest temperature in Ankara be 18°C on July 25?,highest-temperature-in-ankara-on-july-25-2026-18c,highest-temperature-in-ankara-on-july-25-2026,Yes,0,0x569ad61cf5cbf11ba98adfe247438ecd834696b6ff9399bc807a966d2d376306,0xbddc2a7690BF600E347d5eb4A9C28f9F24E55d4f-1774968947489,Equal-Sun
1784956452,2026-07-25T05:14:12+00:00,TAKER,BUY,167.166665,0.5982053838,99.99999899489102,57208544187607647800810675872708532799083011745734271206572367207342898248121,0xd1683cb2b7ff1f62a2ee96fbbebc5b86ddb5b642598c343e5ae44964ada0b394,Will the highest temperature in Wellington be 10°C on July 26?,highest-temperature-in-wellington-on-july-26-2026-10c,highest-temperature-in-wellington-on-july-26-2026,Yes,0,0x0efb95bcbb0653fa830be7148bd9a64c7dc3af01749997927815f1a10483aab7,0xbddc2a7690BF600E347d5eb4A9C28f9F24E55d4f-1774968947489,Equal-Sun
1784956455,2026-07-25T05:14:15+00:00,TAKER,BUY,18,0.2315555556,4.1680000008,23666875489844489154062986591601876475746127365007961552167915030283574808995,0x5d0229bf2b1eabb8835d2e0d6e8c9c3b8cecd112fad7582506645c033423a342,Will the highest temperature in Ankara be 18°C on July 25?,highest-temperature-in-ankara-on-july-25-2026-18c,highest-temperature-in-ankara-on-july-25-2026,Yes,0,0x328243035c52ad393c8cb9d11b311227098615209ed0d371bc17037a25e7459b,0xbddc2a7690BF600E347d5eb4A9C28f9F24E55d4f-1774968947489,Equal-Sun
1784957350,2026-07-25T05:29:10+00:00,TAKER,BUY,64.5,0.5158139535,33.27000000075,78481765527745326273575583474002111602993323904470135399150325674506104372422,0x792105069d6d6cad52cdab3f02d502ad2819374ef99ae153fbcef27b367f75f5,Will the highest temperature in Istanbul be 23°C on July 25?,highest-temperature-in-istanbul-on-july-25-2026-23c,highest-temperature-in-istanbul-on-july-25-2026,Yes,0,0x135a4c7c78ca3468485ac4ab9ca09334d0fba07523a4225249ca81d364c00b95,0xbddc2a7690BF600E347d5eb4A9C28f9F24E55d4f-1774968947489,Equal-Sun
1784957353,2026-07-25T05:29:13+00:00,TAKER,BUY,30,0.2663333333,7.989999998999999,23666875489844489154062986591601876475746127365007961552167915030283574808995,0x5d0229bf2b1eabb8835d2e0d6e8c9c3b8cecd112fad7582506645c033423a342,Will the highest temperature in Ankara be 18°C on July 25?,highest-temperature-in-ankara-on-july-25-2026-18c,highest-temperature-in-ankara-on-july-25-2026,Yes,0,0x9404e5bad9f203174a38ab2c9bd8de8a4372ca05afa5bb8e7bf57ccd99881b08,0xbddc2a7690BF600E347d5eb4A9C28f9F24E55d4f-1774968947489,Equal-Sun
1784958252,2026-07-25T05:44:12+00:00,TAKER,BUY,102.040815,0.4899999966,49.99999900306123,54181442874099068684888188755958127023688250733698219741890813802447465352698,0x4ece6ea8e71e48e1a06bc1f3afae28b8cf1f4c02da84e063e897ee2934579fb7,Will the highest temperature in New York City be between 82-83°F on July 25?,highest-temperature-in-nyc-on-july-25-2026-82-83f,highest-temperature-in-nyc-on-july-25-2026,Yes,0,0x8a05c729c090acdcbb9edbf3756db708cede0aaf33ea1e9d70ccce2e723cc531,0xbddc2a7690BF600E347d5eb4A9C28f9F24E55d4f-1774968947489,Equal-Sun
1784960052,2026-07-25T06:14:12+00:00,TAKER,BUY,262.65,0.2101903674,55.206499997609995,113765582059786112221954965038520114330597045236057345619115217036171821377106,0xdc4aba211944ef5047f7bbd076a365805f679660ceb6129ad27099bb3a6fd0fd,Will the highest temperature in Singapore be 29°C on July 27?,highest-temperature-in-singapore-on-july-27-2026-29c,highest-temperature-in-singapore-on-july-27-2026,Yes,0,0x424f7ce86c6b46ec2f0516e7c1e0d2e3d04e1c7500763e82f539288b7f0f7d2a,0xbddc2a7690BF600E347d5eb4A9C28f9F24E55d4f-1774968947489,Equal-Sun
1784960055,2026-07-25T06:14:15+00:00,TAKER,BUY,129.62,0.3191296868,41.365590003015996,23666875489844489154062986591601876475746127365007961552167915030283574808995,0x5d0229bf2b1eabb8835d2e0d6e8c9c3b8cecd112fad7582506645c033423a342,Will the highest temperature in Ankara be 18°C on July 25?,highest-temperature-in-ankara-on-july-25-2026-18c,highest-temperature-in-ankara-on-july-25-2026,Yes,0,0x6977079bb09bac854586aeed8cf220b7b7f8b418d85b642628d8d6089425e7eb,0xbddc2a7690BF600E347d5eb4A9C28f9F24E55d4f-1774968947489,Equal-Sun
1784960953,2026-07-25T06:29:13+00:00,TAKER,BUY,264.53179,0.7560527829,199.9999959950184,111776992115540524143575338298175103557802346271772527349655580215284505626099,0x4602156ff458aaefe27433cc1a380f5872b8b1599b95c5af48081705d997c1bc,Will the highest temperature in Tel Aviv be 34°C on July 25?,highest-temperature-in-tel-aviv-on-july-25-2026-34c,highest-temperature-in-tel-aviv-on-july-25-2026,Yes,0,0x558cc9d8cece4bafdf77578283b7ba065431bfc7542ca1822b5510c6287b61ac,0xbddc2a7690BF600E347d5eb4A9C28f9F24E55d4f-1774968947489,Equal-Sun
1784961855,2026-07-25T06:44:15+00:00,TAKER,BUY,105,0.2380952381,25.0000000005,113765582059786112221954965038520114330597045236057345619115217036171821377106,0xdc4aba211944ef5047f7bbd076a365805f679660ceb6129ad27099bb3a6fd0fd,Will the highest temperature in Singapore be 29°C on July 27?,highest-temperature-in-singapore-on-july-27-2026-29c,highest-temperature-in-singapore-on-july-27-2026,Yes,0,0x87ab8bb7571ad7edcac81a3e4cfaa4e19492eba1e758980ca47f9030ee82e91f,0xbddc2a7690BF600E347d5eb4A9C28f9F24E55d4f-1774968947489,Equal-Sun
1784963658,2026-07-25T07:14:18+00:00,TAKER,BUY,31,0.2432258065,7.5400000015,113765582059786112221954965038520114330597045236057345619115217036171821377106,0xdc4aba211944ef5047f7bbd076a365805f679660ceb6129ad27099bb3a6fd0fd,Will the highest temperature in Singapore be 29°C on July 27?,highest-temperature-in-singapore-on-july-27-2026-29c,highest-temperature-in-singapore-on-july-27-2026,Yes,0,0x6023210b24464919413dd869eda19ae052b0dfc43c989fe28a6eafa2d4b6ee91,0xbddc2a7690BF600E347d5eb4A9C28f9F24E55d4f-1774968947489,Equal-Sun
1784963661,2026-07-25T07:14:21+00:00,TAKER,BUY,64.52,0.338467297,21.837910002439997,23666875489844489154062986591601876475746127365007961552167915030283574808995,0x5d0229bf2b1eabb8835d2e0d6e8c9c3b8cecd112fad7582506645c033423a342,Will the highest temperature in Ankara be 18°C on July 25?,highest-temperature-in-ankara-on-july-25-2026-18c,highest-temperature-in-ankara-on-july-25-2026,Yes,0,0x9e4d67d8c0f1a69c10bcab614075df3d5884fcc5a1a6940c2d3a6ebebe5b15df,0xbddc2a7690BF600E347d5eb4A9C28f9F24E55d4f-1774968947489,Equal-Sun
1784964556,2026-07-25T07:29:16+00:00,TAKER,BUY,31,0.2351612903,7.2899999993,113765582059786112221954965038520114330597045236057345619115217036171821377106,0xdc4aba211944ef5047f7bbd076a365805f679660ceb6129ad27099bb3a6fd0fd,Will the highest temperature in Singapore be 29°C on July 27?,highest-temperature-in-singapore-on-july-27-2026-29c,highest-temperature-in-singapore-on-july-27-2026,Yes,0,0xe32db486b7f56fa45d96151cafca94f4daf6f66ab42304a0e573016c4f355146,0xbddc2a7690BF600E347d5eb4A9C28f9F24E55d4f-1774968947489,Equal-Sun
1784964559,2026-07-25T07:29:19+00:00,TAKER,BUY,7.86,0.356,2.79816,23666875489844489154062986591601876475746127365007961552167915030283574808995,0x5d0229bf2b1eabb8835d2e0d6e8c9c3b8cecd112fad7582506645c033423a342,Will the highest temperature in Ankara be 18°C on July 25?,highest-temperature-in-ankara-on-july-25-2026-18c,highest-temperature-in-ankara-on-july-25-2026,Yes,0,0x06e81947c6f7e39c81db52fba2518f8e0c37f9a6d1e3f33517d44c6f65b5bc74,0xbddc2a7690BF600E347d5eb4A9C28f9F24E55d4f-1774968947489,Equal-Sun
1784965458,2026-07-25T07:44:18+00:00,TAKER,BUY,22.21739,0.2232485004,4.9599990003019565,113765582059786112221954965038520114330597045236057345619115217036171821377106,0xdc4aba211944ef5047f7bbd076a365805f679660ceb6129ad27099bb3a6fd0fd,Will the highest temperature in Singapore be 29°C on July 27?,highest-temperature-in-singapore-on-july-27-2026-29c,highest-temperature-in-singapore-on-july-27-2026,Yes,0,0x18b40e2bef72bf35110a211aa53c514597371be94dc60f69ea767387886e03cc,0xbddc2a7690BF600E347d5eb4A9C28f9F24E55d4f-1774968947489,Equal-Sun
1784967535,2026-07-25T08:18:55+00:00,TAKER,BUY,10,0.66,6.6000000000000005,111776992115540524143575338298175103557802346271772527349655580215284505626099,0x4602156ff458aaefe27433cc1a380f5872b8b1599b95c5af48081705d997c1bc,Will the highest temperature in Tel Aviv be 34°C on July 25?,highest-temperature-in-tel-aviv-on-july-25-2026-34c,highest-temperature-in-tel-aviv-on-july-25-2026,Yes,0,0xe31a5602f5739948f7a10756e0c3ed712aced39220ecbc7dc4a8257f5f7490e2,0xbddc2a7690BF600E347d5eb4A9C28f9F24E55d4f-1774968947489,Equal-Sun
1784967582,2026-07-25T08:19:42+00:00,TAKER,BUY,61.41395,0.4884883483,29.999998998078784,23666875489844489154062986591601876475746127365007961552167915030283574808995,0x5d0229bf2b1eabb8835d2e0d6e8c9c3b8cecd112fad7582506645c033423a342,Will the highest temperature in Ankara be 18°C on July 25?,highest-temperature-in-ankara-on-july-25-2026-18c,highest-temperature-in-ankara-on-july-25-2026,Yes,0,0x63c3a0a96f5385ed1331b2ce7de6a0428f3709d66ba8554f8c6b434c08c74f21,0xbddc2a7690BF600E347d5eb4A9C28f9F24E55d4f-1774968947489,Equal-Sun
1784974146,2026-07-25T10:09:06+00:00,TAKER,BUY,35.36,0.19,6.7184,31022385979697934863645038469021977855771200764576427064293040088281754269177,0x54132eb280bab24bc7b6dae75d27bb4a9f8c26f76659af21df853aceb4b556f5,Will the highest temperature in Madrid be 30°C on July 25?,highest-temperature-in-madrid-on-july-25-2026-30c,highest-temperature-in-madrid-on-july-25-2026,Yes,0,0xf0af41396ad85955cbf7b2b46ede8bbfbf6f56761cce3ca568b613b377695889,0xbddc2a7690BF600E347d5eb4A9C28f9F24E55d4f-1774968947489,Equal-Sun
1784978100,2026-07-25T11:15:00+00:00,TAKER,BUY,135.045509,0.7404910962,99.99999699629697,31066859517357488994952406627504046444718449281144453274043249221858327083732,0x0103dcd734e071b7cf8ce55f8e57e38824e48c1eb3f320997d9ec20a0ffac63c,Will the highest temperature in Paris be 30°C on July 25?,highest-temperature-in-paris-on-july-25-2026-30c,highest-temperature-in-paris-on-july-25-2026,Yes,0,0xf0def90d11c0c35e9d87690138355f93bfcb84af55fccb0aeb8a97b46952faf5,0xbddc2a7690BF600E347d5eb4A9C28f9F24E55d4f-1774968947489,Equal-Sun
1784979901,2026-07-25T11:45:01+00:00,TAKER,BUY,573.342074,0.5232478351,299.999998992244,94699235378023318700543744518059450158777430056358760274295883174099064184239,0x969c18c019b9cad5698e86a462c09f5dbcda85d46af6f2bbf2ac5c0d7d1058c6,Will the highest temperature in Madrid be 32°C on July 26?,highest-temperature-in-madrid-on-july-26-2026-32c,highest-temperature-in-madrid-on-july-26-2026,Yes,0,0x45de76ef1c2c7d23bf1d7464c8a62b6b8adf8217957213e2746fad76cf74bbee,0xbddc2a7690BF600E347d5eb4A9C28f9F24E55d4f-1774968947489,Equal-Sun
1784982609,2026-07-25T12:30:09+00:00,TAKER,BUY,169.1,0.2956830278,50.000000000979995,37977237912963765001260471290347307138079415646342888370671985265222584809107,0xef68c447071d67251ea8f42c670d2e27e1486cd853c7eece8630f60251adf46d,Will the highest temperature in Munich be 32°C on July 25?,highest-temperature-in-munich-on-july-25-2026-32c,highest-temperature-in-munich-on-july-25-2026,Yes,0,0x36cad90e2119f5088666096538d5f38d6d65cbf78605b865756da283ae32ab7e,0xbddc2a7690BF600E347d5eb4A9C28f9F24E55d4f-1774968947489,Equal-Sun
1784984410,2026-07-25T13:00:10+00:00,TAKER,BUY,631.23125,0.3168410943,200.00000000635688,92355091515408385289931844873057911116739904448549319070287206571506651756453,0x860ba7dc65390ed53aea6ecb5559cb5c50b3ec1b5fc86724a9edd3499812f968,Will the highest temperature in Istanbul be 28°C on July 26?,highest-temperature-in-istanbul-on-july-26-2026-28c,highest-temperature-in-istanbul-on-july-26-2026,Yes,0,0x3c95a3cfa165f6272d72265934bb1c58d290c6a50e4e99fc9580ac5a1ef40f94,0xbddc2a7690BF600E347d5eb4A9C28f9F24E55d4f-1774968947489,Equal-Sun
1784985310,2026-07-25T13:15:10+00:00,TAKER,BUY,104.166665,0.4799999981,49.999999002083335,75021176122994459346858215979915855474228191174623207391601601747154489429043,0x531f8bd1bf1017faac747796bfc94f043e13da4267305b95695351f01b5286b7,Will the highest temperature in Los Angeles be between 78-79°F on July 26?,highest-temperature-in-los-angeles-on-july-26-2026-78-79f,highest-temperature-in-los-angeles-on-july-26-2026,Yes,0,0xf6a75e1c36fdd05ed6551f1f33553d3bf79ef08bad3876c404be70d808425c92,0xbddc2a7690BF600E347d5eb4A9C28f9F24E55d4f-1774968947489,Equal-Sun
1784989218,2026-07-25T14:20:18+00:00,TAKER,BUY,56.322031,0.443876003,24.999998001122094,60070305320846191907650167771652326680292665154324617331624546692779425901778,0xa32059633e16326c8f311bdf3f0f96a1b4baae855e1e61c09645684dd6f46e30,Will the highest temperature in Madrid be 29°C on July 25?,highest-temperature-in-madrid-on-july-25-2026-29c,highest-temperature-in-madrid-on-july-25-2026,No,1,0x3079abdc5e61a3e8a27f7f72bc24f20652280233ca110a8e0de524389c84508f,0xbddc2a7690BF600E347d5eb4A9C28f9F24E55d4f-1774968947489,Equal-Sun
1784989270,2026-07-25T14:21:10+00:00,TAKER,BUY,103.62,0.48,49.7376,75021176122994459346858215979915855474228191174623207391601601747154489429043,0x531f8bd1bf1017faac747796bfc94f043e13da4267305b95695351f01b5286b7,Will the highest temperature in Los Angeles be between 78-79°F on July 26?,highest-temperature-in-los-angeles-on-july-26-2026-78-79f,highest-temperature-in-los-angeles-on-july-26-2026,Yes,0,0xb9676ad976eaf6ca80b5ab345ca85fbc6befa02daef08f28e6d54fa6a4c2f18f,0xbddc2a7690BF600E347d5eb4A9C28f9F24E55d4f-1774968947489,Equal-Sun
1784989410,2026-07-25T14:23:30+00:00,TAKER,BUY,48.808694,0.1024407455,4.9999990002413774,110755461806949259468786983257548768508285872381328606460312876460064999342218,0xc614e99d6f5d184fea5b64963b57a6abca4bec80bc6f8fdfbef9ba05b9789a09,Will the highest temperature in Ankara be 17°C on July 25?,highest-temperature-in-ankara-on-july-25-2026-17c,highest-temperature-in-ankara-on-july-25-2026,No,1,0x27866919381c3bf2486eba4c19cdcebf85464b79c75c9c9b2b93da85805d7abc,0xbddc2a7690BF600E347d5eb4A9C28f9F24E55d4f-1774968947489,Equal-Sun
1784989818,2026-07-25T14:30:18+00:00,TAKER,BUY,92.78,0.51,47.3178,94699235378023318700543744518059450158777430056358760274295883174099064184239,0x969c18c019b9cad5698e86a462c09f5dbcda85d46af6f2bbf2ac5c0d7d1058c6,Will the highest temperature in Madrid be 32°C on July 26?,highest-temperature-in-madrid-on-july-26-2026-32c,highest-temperature-in-madrid-on-july-26-2026,Yes,0,0xf48c53e7acb0034db6224837c202c59ef46a203cddbaa1d46966c89f5c6c9ceb,0xbddc2a7690BF600E347d5eb4A9C28f9F24E55d4f-1774968947489,Equal-Sun
1784989936,2026-07-25T14:32:16+00:00,TAKER,BUY,45,0.03,1.3499999999999999,23666875489844489154062986591601876475746127365007961552167915030283574808995,0x5d0229bf2b1eabb8835d2e0d6e8c9c3b8cecd112fad7582506645c033423a342,Will the highest temperature in Ankara be 18°C on July 25?,highest-temperature-in-ankara-on-july-25-2026-18c,highest-temperature-in-ankara-on-july-25-2026,Yes,0,0xa6c057aa82254c5146908c3298f74b50cbb9027d764902d69b89c5f43a493c26,0xbddc2a7690BF600E347d5eb4A9C28f9F24E55d4f-1774968947489,Equal-Sun
1784991613,2026-07-25T15:00:13+00:00,TAKER,BUY,95.9,0.634105318,60.81069999620001,62874551171388133543238607256281776139451064844915173869265351994120871612501,0x9c833fdb229e09f2ce85a8ae6389b6437fc4cb7206632c8529f159a2c10a1a5e,Will the highest temperature in Miami be between 90-91°F on July 25?,highest-temperature-in-miami-on-july-25-2026-90-91f,highest-temperature-in-miami-on-july-25-2026,Yes,0,0x0802b67c161af4ddd2870934960ae828c72b5598046faa859ac85333e018c2f2,0xbddc2a7690BF600E347d5eb4A9C28f9F24E55d4f-1774968947489,Equal-Sun
1784992512,2026-07-25T15:15:12+00:00,TAKER,BUY,57.63235,0.68,39.189998,62874551171388133543238607256281776139451064844915173869265351994120871612501,0x9c833fdb229e09f2ce85a8ae6389b6437fc4cb7206632c8529f159a2c10a1a5e,Will the highest temperature in Miami be between 90-91°F on July 25?,highest-temperature-in-miami-on-july-25-2026-90-91f,highest-temperature-in-miami-on-july-25-2026,Yes,0,0xfde7a693b8039bc7305a6c55f2283925c2c731148b3d0709f87ef6027017c94d,0xbddc2a7690BF600E347d5eb4A9C28f9F24E55d4f-1774968947489,Equal-Sun
1785001525,2026-07-25T17:45:25+00:00,TAKER,BUY,270.51162,0.3696698833,99.99999899669395,70822148281244710444664661402922424272006556868128927028489694395062959284305,0x8e83ead0b350e146f3eea892030c236f33c6d7d737773551bf6db442a45540e1,Will the highest temperature in New York City be between 84-85°F on July 26?,highest-temperature-in-nyc-on-july-26-2026-84-85f,highest-temperature-in-nyc-on-july-26-2026,Yes,0,0x312270cd9cf27d0daf35ea2b67429a7d9adad8d7ae51f12329b096c73f3527c2,0xbddc2a7690BF600E347d5eb4A9C28f9F24E55d4f-1774968947489,Equal-Sun
1785004225,2026-07-25T18:30:25+00:00,TAKER,BUY,156.339686,0.319816422,49.99999899312349,100477012502406115962789034519342727996537132641217699964744475064367453776840,0xf33aa04bc2e88cef30bd5c5da12e54955dcf64795c147846a6f0d4dfcaed60f1,Will the highest temperature in Munich be 26°C on July 27?,highest-temperature-in-munich-on-july-27-2026-26c,highest-temperature-in-munich-on-july-27-2026,Yes,0,0x2b6b57b668f0692f6b3b05dd239e43b01b9732f1c553aedbf76cced15572324a,0xbddc2a7690BF600E347d5eb4A9C28f9F24E55d4f-1774968947489,Equal-Sun
1785005127,2026-07-25T18:45:27+00:00,TAKER,BUY,345.417965,0.5790086772,199.9999989957659,69321972392699691144938629706785494703970184223341427320898408502978276071543,0x5dc275ff0893fe004ab57d6da5b9f99bf12daff504620982c5aed64cad4fb120,Will the highest temperature in Tel Aviv be 32°C on July 27?,highest-temperature-in-tel-aviv-on-july-27-2026-32c,highest-temperature-in-tel-aviv-on-july-27-2026,Yes,0,0x6d8148e81cf568aa484616bea84b90caecb7916351d08e199fae8350e6b44898,0xbddc2a7690BF600E347d5eb4A9C28f9F24E55d4f-1774968947489,Equal-Sun
1785020431,2026-07-25T23:00:31+00:00,TAKER,BUY,17.495,0.5715918834,10.000000000083,99149618070743708964557775356289597583603249002009370805470253549995055876929,0x48ba2cfcf9852c202f4ab5b548e294b8d0ac9771d0cf54278551ad76ec98ed38,Will the highest temperature in Madrid be 31°C on July 26?,highest-temperature-in-madrid-on-july-26-2026-31c,highest-temperature-in-madrid-on-july-26-2026,Yes,0,0xa7a22cb0296c9c00ebf638ce4c85efbce13704865dc762d4e127ec3a0aa81646,0xbddc2a7690BF600E347d5eb4A9C28f9F24E55d4f-1774968947489,Equal-Sun
1785021786,2026-07-25T23:23:06+00:00,TAKER,SELL,333.06,0.356485318,118.73100001308,94699235378023318700543744518059450158777430056358760274295883174099064184239,0x969c18c019b9cad5698e86a462c09f5dbcda85d46af6f2bbf2ac5c0d7d1058c6,Will the highest temperature in Madrid be 32°C on July 26?,highest-temperature-in-madrid-on-july-26-2026-32c,highest-temperature-in-madrid-on-july-26-2026,Yes,0,0xfd61c558bca7bbd19edd08810165471ac9185d779068c04a1232822c7255b05f,0xbddc2a7690BF600E347d5eb4A9C28f9F24E55d4f-1774968947489,Equal-Sun
1785021936,2026-07-25T23:25:36+00:00,TAKER,SELL,451.86,0.1271927146,57.47330001915601,113765582059786112221954965038520114330597045236057345619115217036171821377106,0xdc4aba211944ef5047f7bbd076a365805f679660ceb6129ad27099bb3a6fd0fd,Will the highest temperature in Singapore be 29°C on July 27?,highest-temperature-in-singapore-on-july-27-2026-29c,highest-temperature-in-singapore-on-july-27-2026,Yes,0,0x61fb6dc557a5fc7f86008d22e1b6b8a1e0f3f92339a858952c9b0c468b737237,0xbddc2a7690BF600E347d5eb4A9C28f9F24E55d4f-1774968947489,Equal-Sun
1785023607,2026-07-25T23:53:27+00:00,TAKER,SELL,315.61,0.2620278191,82.69859998615101,92355091515408385289931844873057911116739904448549319070287206571506651756453,0x860ba7dc65390ed53aea6ecb5559cb5c50b3ec1b5fc86724a9edd3499812f968,Will the highest temperature in Istanbul be 28°C on July 26?,highest-temperature-in-istanbul-on-july-26-2026-28c,highest-temperature-in-istanbul-on-july-26-2026,Yes,0,0x9df34232b824743450f0970c0e6c3cb4d34a0f3132fa17ecaf0b0b5987092999,0xbddc2a7690BF600E347d5eb4A9C28f9F24E55d4f-1774968947489,Equal-Sun
1785024933,2026-07-26T00:15:33+00:00,TAKER,BUY,111.777776,0.4473161015,49.99999899466027,114236234820536471322086051212046856187587730970517178201346405346934420423946,0xc5b5d6b4643e38c141a3070f365de442f78564693f14f9ee605f83f17ea6c922,Will the highest temperature in Karachi be 34°C on July 27?,highest-temperature-in-karachi-on-july-27-2026-34c,highest-temperature-in-karachi-on-july-27-2026,Yes,0,0xe57f9d7ff88ff9c871768dbc29edb134d99769965220fba0e397a9ca488ecf83,0xbddc2a7690BF600E347d5eb4A9C28f9F24E55d4f-1774968947489,Equal-Sun
1785026769,2026-07-26T00:46:09+00:00,TAKER,BUY,20.0882,0.4978046814,10.00000000089948,110537449929477656190858956833087256796050724030804572387816237017349692531671,0x4affce20a0a83a6ef81676f1de226f5cf53209abed64acd6b4fdb1e42bf436f7,Will the highest temperature in Austin be between 96-97°F on July 26?,highest-temperature-in-austin-on-july-26-2026-96-97f,highest-temperature-in-austin-on-july-26-2026,Yes,0,0xb0af35fe7a9711ceb5a335585b0c4cc6fa34d3b7842d1e1f83ab4bf3c8d0434f,0xbddc2a7690BF600E347d5eb4A9C28f9F24E55d4f-1774968947489,Equal-Sun
1785029529,2026-07-26T01:32:09+00:00,TAKER,BUY,17.379309,0.5753968124,9.99999900031463,22546056451954506413764255430066259297535662098193503086008703902357272121760,0xdd2a70ef871991f23dbdbe432d550418ae57e5321dfc565106c54986f7967aa5,Will the highest temperature in Chongqing be 40°C on July 26?,highest-temperature-in-chongqing-on-july-26-2026-40c,highest-temperature-in-chongqing-on-july-26-2026,Yes,0,0xd14d3146722aed2dc4a4af707de8372b498ee7f5f98782da3e745d22f6053173,0xbddc2a7690BF600E347d5eb4A9C28f9F24E55d4f-1774968947489,Equal-Sun
1785034068,2026-07-26T02:47:48+00:00,TAKER,BUY,535.892856,0.5598133949,299.9999990200169,80673348008348581579998766210680954980677807703072254081655617363381916500536,0xf9a0d3ef7ad6bacc1bfeddc5c3b067e6229b16b1c7f77fdd461b86a7365c3686,Will the highest temperature in Tel Aviv be 31°C on July 26?,highest-temperature-in-tel-aviv-on-july-26-2026-31c,highest-temperature-in-tel-aviv-on-july-26-2026,Yes,0,0x56b0838f72f629c413401f006ea08ad61b7d6fcee927c2c0605f993a0c2d6126,0xbddc2a7690BF600E347d5eb4A9C28f9F24E55d4f-1774968947489,Equal-Sun
1785035011,2026-07-26T03:03:31+00:00,TAKER,BUY,133.597367,0.3742588654,49.99999899384739,29958129719638783723070220037565677211046830408948267237985114447189244170738,0xa1ec8116ac623e0abd3e82a7d465ac91f6d90ad14c04fd501c20cdb911dc3191,Will the highest temperature in Chongqing be 39°C on July 27?,highest-temperature-in-chongqing-on-july-27-2026-39c,highest-temperature-in-chongqing-on-july-27-2026,Yes,0,0x834f134ccfd554d5ee9b50cfb8a77a50cc599729e0dd24fbb24fb57253da3137,0xbddc2a7690BF600E347d5eb4A9C28f9F24E55d4f-1774968947489,Equal-Sun
1785042250,2026-07-26T05:04:10+00:00,TAKER,BUY,137.9,0.3797461929,52.367000000910004,92355091515408385289931844873057911116739904448549319070287206571506651756453,0x860ba7dc65390ed53aea6ecb5559cb5c50b3ec1b5fc86724a9edd3499812f968,Will the highest temperature in Istanbul be 28°C on July 26?,highest-temperature-in-istanbul-on-july-26-2026-28c,highest-temperature-in-istanbul-on-july-26-2026,Yes,0,0x6b8a53a9b73c6165a21dde1dced080b1d21328feabb04d53ecc3e6f669a41dac,0xbddc2a7690BF600E347d5eb4A9C28f9F24E55d4f-1774968947489,Equal-Sun
1785042255,2026-07-26T05:04:15+00:00,TAKER,BUY,46.2,0.4082683983,18.86200000146,92355091515408385289931844873057911116739904448549319070287206571506651756453,0x860ba7dc65390ed53aea6ecb5559cb5c50b3ec1b5fc86724a9edd3499812f968,Will the highest temperature in Istanbul be 28°C on July 26?,highest-temperature-in-istanbul-on-july-26-2026-28c,highest-temperature-in-istanbul-on-july-26-2026,Yes,0,0x5f36fc0c3ecca9730ff2e46c3513164604840496879110b7699c390c7aa4de87,0xbddc2a7690BF600E347d5eb4A9C28f9F24E55d4f-1774968947489,Equal-Sun
1785043170,2026-07-26T05:19:30+00:00,TAKER,BUY,150.05,0.4238887038,63.604500005190005,92355091515408385289931844873057911116739904448549319070287206571506651756453,0x860ba7dc65390ed53aea6ecb5559cb5c50b3ec1b5fc86724a9edd3499812f968,Will the highest temperature in Istanbul be 28°C on July 26?,highest-temperature-in-istanbul-on-july-26-2026-28c,highest-temperature-in-istanbul-on-july-26-2026,Yes,0,0x6e6d8df0a2c7942800a670d4ad5d8c6a514ae7b67bd7c6d6af8c8c1f9c247303,0xbddc2a7690BF600E347d5eb4A9C28f9F24E55d4f-1774968947489,Equal-Sun
1785043173,2026-07-26T05:19:33+00:00,TAKER,BUY,60,0.4833333333,28.999999998,92355091515408385289931844873057911116739904448549319070287206571506651756453,0x860ba7dc65390ed53aea6ecb5559cb5c50b3ec1b5fc86724a9edd3499812f968,Will the highest temperature in Istanbul be 28°C on July 26?,highest-temperature-in-istanbul-on-july-26-2026-28c,highest-temperature-in-istanbul-on-july-26-2026,Yes,0,0x87df46b21227f648f314a3c805b4d563ba08bd48da6ce8792670fd91a82ae5d0,0xbddc2a7690BF600E347d5eb4A9C28f9F24E55d4f-1774968947489,Equal-Sun
1785044068,2026-07-26T05:34:28+00:00,TAKER,BUY,191.31818,0.4392159647,84.02999899334826,92355091515408385289931844873057911116739904448549319070287206571506651756453,0x860ba7dc65390ed53aea6ecb5559cb5c50b3ec1b5fc86724a9edd3499812f968,Will the highest temperature in Istanbul be 28°C on July 26?,highest-temperature-in-istanbul-on-july-26-2026-28c,highest-temperature-in-istanbul-on-july-26-2026,Yes,0,0xf7df940d5417b43afa3e83844b900e3a6bf17b86eae710b10cc8ae3180cfabac,0xbddc2a7690BF600E347d5eb4A9C28f9F24E55d4f-1774968947489,Equal-Sun
1785044071,2026-07-26T05:34:31+00:00,TAKER,BUY,345.977271,0.439710963,152.12999900752197,92355091515408385289931844873057911116739904448549319070287206571506651756453,0x860ba7dc65390ed53aea6ecb5559cb5c50b3ec1b5fc86724a9edd3499812f968,Will the highest temperature in Istanbul be 28°C on July 26?,highest-temperature-in-istanbul-on-july-26-2026-28c,highest-temperature-in-istanbul-on-july-26-2026,Yes,0,0x9d0bcf2d1038f7d86f2c601cd520a5e7beeda8d50405c33dd6b219e31cc648bf,0xbddc2a7690BF600E347d5eb4A9C28f9F24E55d4f-1774968947489,Equal-Sun
1785045897,2026-07-26T06:04:57+00:00,TAKER,BUY,116.279068,0.4299999979,49.999998995813954,70822148281244710444664661402922424272006556868128927028489694395062959284305,0x8e83ead0b350e146f3eea892030c236f33c6d7d737773551bf6db442a45540e1,Will the highest temperature in New York City be between 84-85°F on July 26?,highest-temperature-in-nyc-on-july-26-2026-84-85f,highest-temperature-in-nyc-on-july-26-2026,Yes,0,0x8843f2e81b98d562b218f2559b4bfcfcb1c216e925744d3db0b960a9e59897b3,0xbddc2a7690BF600E347d5eb4A9C28f9F24E55d4f-1774968947489,Equal-Sun
1785045900,2026-07-26T06:05:00+00:00,TAKER,BUY,20.408162,0.4899999814,9.999999000408188,24306805187790414764074176160499511044091330006585423893188644137153863435392,0x86fadd7c1dbb3aca2a91dfef930f63b16aeaecda8cadbc6dfc173d0114d602ac,Will the highest temperature in Helsinki be 19°C on July 26?,highest-temperature-in-helsinki-on-july-26-2026-19c,highest-temperature-in-helsinki-on-july-26-2026,Yes,0,0x749c94020d428441d8ab8337fb6ab252e53ba751cf15f445cf55f5c3b7f199b7,0xbddc2a7690BF600E347d5eb4A9C28f9F24E55d4f-1774968947489,Equal-Sun
1785049500,2026-07-26T07:05:00+00:00,TAKER,BUY,83,0.3609638554,29.959999998199997,70628649226117429992260926782779780265389780286381668511513569618262340426195,0x9f479475ea1c13cae01e2176097d359c37574e6b34cadd024d9b1c547c5a5119,Will the highest temperature in Dallas be between 104-105°F on July 27?,highest-temperature-in-dallas-on-july-27-2026-104-105f,highest-temperature-in-dallas-on-july-27-2026,Yes,0,0x28fad117ffeea4f3d32b1dcebfaead8dab60f494678e1dc9ba14c849e9627a25,0xbddc2a7690BF600E347d5eb4A9C28f9F24E55d4f-1774968947489,Equal-Sun
1785050401,2026-07-26T07:20:01+00:00,TAKER,BUY,8,0.37,2.96,83427749823352767623483638426209653039938949717026883879112723391971611268951,0xb8336f16d3c04f2d0f4532074d18a38509c964a0b75a3153fd9afaff37e6da57,Will the highest temperature in Singapore be 31°C on July 28?,highest-temperature-in-singapore-on-july-28-2026-31c,highest-temperature-in-singapore-on-july-28-2026,Yes,0,0x0b57597420b1df9609103e42a8fbe7f523658a65743952d1adb657005f7d5b3c,0xbddc2a7690BF600E347d5eb4A9C28f9F24E55d4f-1774968947489,Equal-Sun
1785051309,2026-07-26T07:35:09+00:00,TAKER,BUY,5,0.37,1.85,83427749823352767623483638426209653039938949717026883879112723391971611268951,0xb8336f16d3c04f2d0f4532074d18a38509c964a0b75a3153fd9afaff37e6da57,Will the highest temperature in Singapore be 31°C on July 28?,highest-temperature-in-singapore-on-july-28-2026-31c,highest-temperature-in-singapore-on-july-28-2026,Yes,0,0xc331de808494ab6a02403d0214a2428286adce55f661d54dab87fe91473c339d,0xbddc2a7690BF600E347d5eb4A9C28f9F24E55d4f-1774968947489,Equal-Sun
1785051312,2026-07-26T07:35:12+00:00,TAKER,BUY,20.833332,0.4799999827,9.999998999583356,60417084602800955697607499485982403848209243748672215463976478891912457267476,0x51a56475bb3f8c4c3cc01e1ce83d53bd018d349fe7494c3c3f76b94fae4997be,Will the highest temperature in Singapore be 31°C on July 27?,highest-temperature-in-singapore-on-july-27-2026-31c,highest-temperature-in-singapore-on-july-27-2026,Yes,0,0x319af6c6dfc4a98be3263819f88ee8305d2b07fb33281d666050c86a12259dda,0xbddc2a7690BF600E347d5eb4A9C28f9F24E55d4f-1774968947489,Equal-Sun
1785054957,2026-07-26T08:35:57+00:00,TAKER,BUY,147.27941,0.3394907611,49.999998995258956,54453183075814893340805385286227285717607977368872883348252053020698837477799,0xf96d606d179e217d61888dfc8e9829ad2fb651e85158d7c36dbc8e8df1383742,Will the highest temperature in Warsaw be 22°C on July 27?,highest-temperature-in-warsaw-on-july-27-2026-22c,highest-temperature-in-warsaw-on-july-27-2026,Yes,0,0x6dbc8973247e75df0b4a3885b18ae4ad534a52f4e705e544d72982a59b58d64c,0xbddc2a7690BF600E347d5eb4A9C28f9F24E55d4f-1774968947489,Equal-Sun
1785057712,2026-07-26T09:21:52+00:00,TAKER,BUY,222.909089,0.4270350726,95.18999900431486,83427749823352767623483638426209653039938949717026883879112723391971611268951,0xb8336f16d3c04f2d0f4532074d18a38509c964a0b75a3153fd9afaff37e6da57,Will the highest temperature in Singapore be 31°C on July 28?,highest-temperature-in-singapore-on-july-28-2026-31c,highest-temperature-in-singapore-on-july-28-2026,Yes,0,0xad192c76bf1d99e97eb5d4afad8ced54e2eb6d48ffb7dbdddec8285fb1b6c4f4,0xbddc2a7690BF600E347d5eb4A9C28f9F24E55d4f-1774968947489,Equal-Sun
1785061396,2026-07-26T10:23:16+00:00,TAKER,SELL,83,0.05,4.15,70628649226117429992260926782779780265389780286381668511513569618262340426195,0x9f479475ea1c13cae01e2176097d359c37574e6b34cadd024d9b1c547c5a5119,Will the highest temperature in Dallas be between 104-105°F on July 27?,highest-temperature-in-dallas-on-july-27-2026-104-105f,highest-temperature-in-dallas-on-july-27-2026,Yes,0,0x86a9111b0623adca37a997e265b309d8f3eb2ba4094edabf08f11e01e9d3a9f4,0xbddc2a7690BF600E347d5eb4A9C28f9F24E55d4f-1774968947489,Equal-Sun
1785063136,2026-07-26T10:52:16+00:00,TAKER,BUY,21.739129,0.4599999844,9.999999000869588,109540733432746872272132884952717179706498257265261294691147925615240808042361,0x3ea924229adc54d7a8a92abbabc7852a59b7ae57cc4b9384a9740436aa7cf6d1,Will the highest temperature in Denver be between 102-103°F on July 26?,highest-temperature-in-denver-on-july-26-2026-102-103f,highest-temperature-in-denver-on-july-26-2026,Yes,0,0x480491aa0c2319d330a0983fbaff4128a7f802086d13e130c30725ff407aa392,0xbddc2a7690BF600E347d5eb4A9C28f9F24E55d4f-1774968947489,Equal-Sun
1785063480,2026-07-26T10:58:00+00:00,TAKER,BUY,209.233332,0.4779353177,99.99999900284956,109540733432746872272132884952717179706498257265261294691147925615240808042361,0x3ea924229adc54d7a8a92abbabc7852a59b7ae57cc4b9384a9740436aa7cf6d1,Will the highest temperature in Denver be between 102-103°F on July 26?,highest-temperature-in-denver-on-july-26-2026-102-103f,highest-temperature-in-denver-on-july-26-2026,Yes,0,0xd3e0f1ab4374e98312f81495fddf594844e85b2868d53685f6ed41f0902b8a2c,0xbddc2a7690BF600E347d5eb4A9C28f9F24E55d4f-1774968947489,Equal-Sun
1785066774,2026-07-26T11:52:54+00:00,TAKER,BUY,115.2,0.2107682292,24.28050000384,68752514611163886413564592499616923551129152167869589592860123277097867255719,0xe714896954a39f1b9f2d6de1945e5c8e447b9fc102b95e755c0c3046169447e6,Will the highest temperature in Paris be 26°C on July 26?,highest-temperature-in-paris-on-july-26-2026-26c,highest-temperature-in-paris-on-july-26-2026,Yes,0,0x0d306c48cf641b7e0831017b65f9a5bcd4202f60310bd8f1f669f115aeecf5c8,0xbddc2a7690BF600E347d5eb4A9C28f9F24E55d4f-1774968947489,Equal-Sun
1785068583,2026-07-26T12:23:03+00:00,TAKER,BUY,5,0.38,1.9,53137013440312521351487232382843577275055574717237351484836542377034915361398,0x811c97e33cd9ee5f81770b97dc91846edc9e301ad8d0f48cba54593e69a8f4e7,Will the highest temperature in Munich be 26°C on July 26?,highest-temperature-in-munich-on-july-26-2026-26c,highest-temperature-in-munich-on-july-26-2026,Yes,0,0xa63cb545468593da4e35e4e6ba57ca05bc79da9ebe0e756b85975248462373d6,0xbddc2a7690BF600E347d5eb4A9C28f9F24E55d4f-1774968947489,Equal-Sun
1785068599,2026-07-26T12:23:19+00:00,TAKER,BUY,189.99,0.1986567714,37.742799998285996,68752514611163886413564592499616923551129152167869589592860123277097867255719,0xe714896954a39f1b9f2d6de1945e5c8e447b9fc102b95e755c0c3046169447e6,Will the highest temperature in Paris be 26°C on July 26?,highest-temperature-in-paris-on-july-26-2026-26c,highest-temperature-in-paris-on-july-26-2026,Yes,0,0x9114b3a9aaf850f262afb9095f66bee2b7e6281fc3ec63f1d7eb0620b39e1164,0xbddc2a7690BF600E347d5eb4A9C28f9F24E55d4f-1774968947489,Equal-Sun
1785069490,2026-07-26T12:38:10+00:00,TAKER,BUY,24.99,0.3659983994,9.146300001005999,53137013440312521351487232382843577275055574717237351484836542377034915361398,0x811c97e33cd9ee5f81770b97dc91846edc9e301ad8d0f48cba54593e69a8f4e7,Will the highest temperature in Munich be 26°C on July 26?,highest-temperature-in-munich-on-july-26-2026-26c,highest-temperature-in-munich-on-july-26-2026,Yes,0,0x67fcba0f54090ee552d87cfe568f0e01abd3ac85ce908b0f84bbe029c2ab556c,0xbddc2a7690BF600E347d5eb4A9C28f9F24E55d4f-1774968947489,Equal-Sun
1785069523,2026-07-26T12:38:43+00:00,TAKER,BUY,335.2,0.1491646778,49.99999999856,68752514611163886413564592499616923551129152167869589592860123277097867255719,0xe714896954a39f1b9f2d6de1945e5c8e447b9fc102b95e755c0c3046169447e6,Will the highest temperature in Paris be 26°C on July 26?,highest-temperature-in-paris-on-july-26-2026-26c,highest-temperature-in-paris-on-july-26-2026,Yes,0,0x5537ef971aad403994722075112856b3fa4ea94bb58e3969066f9af5da4cf910,0xbddc2a7690BF600E347d5eb4A9C28f9F24E55d4f-1774968947489,Equal-Sun
1785069534,2026-07-26T12:38:54+00:00,TAKER,BUY,59.972412,0.1667433186,9.999999001326463,68752514611163886413564592499616923551129152167869589592860123277097867255719,0xe714896954a39f1b9f2d6de1945e5c8e447b9fc102b95e755c0c3046169447e6,Will the highest temperature in Paris be 26°C on July 26?,highest-temperature-in-paris-on-july-26-2026-26c,highest-temperature-in-paris-on-july-26-2026,Yes,0,0x83d2a2f1d585c540b738a186bc92f03134106a70e5fb9344124eb5cc8983b6b1,0xbddc2a7690BF600E347d5eb4A9C28f9F24E55d4f-1774968947489,Equal-Sun
1785070395,2026-07-26T12:53:15+00:00,TAKER,BUY,59.24,0.2477228224,14.675099998976,53137013440312521351487232382843577275055574717237351484836542377034915361398,0x811c97e33cd9ee5f81770b97dc91846edc9e301ad8d0f48cba54593e69a8f4e7,Will the highest temperature in Munich be 26°C on July 26?,highest-temperature-in-munich-on-july-26-2026-26c,highest-temperature-in-munich-on-july-26-2026,Yes,0,0xfe256f983df7ef98a04ab665a88a68f7f5d1d26a69a1925666b1c00c27c37bd7,0xbddc2a7690BF600E347d5eb4A9C28f9F24E55d4f-1774968947489,Equal-Sun
1785070404,2026-07-26T12:53:24+00:00,TAKER,BUY,125.18,0.2274045375,28.46650000425,68752514611163886413564592499616923551129152167869589592860123277097867255719,0xe714896954a39f1b9f2d6de1945e5c8e447b9fc102b95e755c0c3046169447e6,Will the highest temperature in Paris be 26°C on July 26?,highest-temperature-in-paris-on-july-26-2026-26c,highest-temperature-in-paris-on-july-26-2026,Yes,0,0x732432981d502ddd0a67380aed64a2d6baa66150b9824f0ad7f0a566661886e1,0xbddc2a7690BF600E347d5eb4A9C28f9F24E55d4f-1774968947489,Equal-Sun
1785070429,2026-07-26T12:53:49+00:00,MAKER,SELL,8.929291,0.9899999899,8.83999799981416,80673348008348581579998766210680954980677807703072254081655617363381916500536,0xf9a0d3ef7ad6bacc1bfeddc5c3b067e6229b16b1c7f77fdd461b86a7365c3686,Will the highest temperature in Tel Aviv be 31°C on July 26?,highest-temperature-in-tel-aviv-on-july-26-2026-31c,highest-temperature-in-tel-aviv-on-july-26-2026,Yes,0,0xa0637ba0c31883b0a2c1b43b976c841b7297f3efcef8f45ce698ce89b2fb1744,0xbddc2a7690BF600E347d5eb4A9C28f9F24E55d4f-1774968947489,Equal-Sun
1785070722,2026-07-26T12:58:42+00:00,MAKER,SELL,5.151514,0.9899998331,5.099998000212313,80673348008348581579998766210680954980677807703072254081655617363381916500536,0xf9a0d3ef7ad6bacc1bfeddc5c3b067e6229b16b1c7f77fdd461b86a7365c3686,Will the highest temperature in Tel Aviv be 31°C on July 26?,highest-temperature-in-tel-aviv-on-july-26-2026-31c,highest-temperature-in-tel-aviv-on-july-26-2026,Yes,0,0x000d6b3de06a4e97c132057b25acedbb84dc890a2f3fbf92977f48b187aa6b7f,0xbddc2a7690BF600E347d5eb4A9C28f9F24E55d4f-1774968947489,Equal-Sun
1785070747,2026-07-26T12:59:07+00:00,MAKER,SELL,10.101009,0.9899999099,9.999997999899088,80673348008348581579998766210680954980677807703072254081655617363381916500536,0xf9a0d3ef7ad6bacc1bfeddc5c3b067e6229b16b1c7f77fdd461b86a7365c3686,Will the highest temperature in Tel Aviv be 31°C on July 26?,highest-temperature-in-tel-aviv-on-july-26-2026-31c,highest-temperature-in-tel-aviv-on-july-26-2026,Yes,0,0xc0f0791fca146883865aa69c50202fc6b92ee3a8407191ed0d0506a3382700f1,0xbddc2a7690BF600E347d5eb4A9C28f9F24E55d4f-1774968947489,Equal-Sun
1785070758,2026-07-26T12:59:18+00:00,MAKER,SELL,10.101009,0.9899999099,9.999997999899088,80673348008348581579998766210680954980677807703072254081655617363381916500536,0xf9a0d3ef7ad6bacc1bfeddc5c3b067e6229b16b1c7f77fdd461b86a7365c3686,Will the highest temperature in Tel Aviv be 31°C on July 26?,highest-temperature-in-tel-aviv-on-july-26-2026-31c,highest-temperature-in-tel-aviv-on-july-26-2026,Yes,0,0xd3273617da01ec6f5144ebf46d0dc5f486ed9b5f184ad4952b79c02434294e2b,0xbddc2a7690BF600E347d5eb4A9C28f9F24E55d4f-1774968947489,Equal-Sun
1785070809,2026-07-26T13:00:09+00:00,MAKER,SELL,10.101009,0.9899999099,9.999997999899088,80673348008348581579998766210680954980677807703072254081655617363381916500536,0xf9a0d3ef7ad6bacc1bfeddc5c3b067e6229b16b1c7f77fdd461b86a7365c3686,Will the highest temperature in Tel Aviv be 31°C on July 26?,highest-temperature-in-tel-aviv-on-july-26-2026-31c,highest-temperature-in-tel-aviv-on-july-26-2026,Yes,0,0x1eaf5cde8bfc5ff61e2b715e02fed6e4772e8fd4de515a46ffd5ddd1b6f5cd13,0xbddc2a7690BF600E347d5eb4A9C28f9F24E55d4f-1774968947489,Equal-Sun
1785070812,2026-07-26T13:00:12+00:00,MAKER,SELL,151.52,0.99,150.00480000000002,80673348008348581579998766210680954980677807703072254081655617363381916500536,0xf9a0d3ef7ad6bacc1bfeddc5c3b067e6229b16b1c7f77fdd461b86a7365c3686,Will the highest temperature in Tel Aviv be 31°C on July 26?,highest-temperature-in-tel-aviv-on-july-26-2026-31c,highest-temperature-in-tel-aviv-on-july-26-2026,Yes,0,0xc5e230f7b6e13c06cdfe1822a200fd56c95a198e8eb21c612ffb54c586daaaaa,0xbddc2a7690BF600E347d5eb4A9C28f9F24E55d4f-1774968947489,Equal-Sun
1785070833,2026-07-26T13:00:33+00:00,MAKER,SELL,10.101009,0.9899999099,9.999997999899088,80673348008348581579998766210680954980677807703072254081655617363381916500536,0xf9a0d3ef7ad6bacc1bfeddc5c3b067e6229b16b1c7f77fdd461b86a7365c3686,Will the highest temperature in Tel Aviv be 31°C on July 26?,highest-temperature-in-tel-aviv-on-july-26-2026-31c,highest-temperature-in-tel-aviv-on-july-26-2026,Yes,0,0x80e301c18f86b77772160247d18fe347c21e9e669450612d6034e3791ed1f778,0xbddc2a7690BF600E347d5eb4A9C28f9F24E55d4f-1774968947489,Equal-Sun
1785070836,2026-07-26T13:00:36+00:00,MAKER,SELL,10.101009,0.9899999099,9.999997999899088,80673348008348581579998766210680954980677807703072254081655617363381916500536,0xf9a0d3ef7ad6bacc1bfeddc5c3b067e6229b16b1c7f77fdd461b86a7365c3686,Will the highest temperature in Tel Aviv be 31°C on July 26?,highest-temperature-in-tel-aviv-on-july-26-2026-31c,highest-temperature-in-tel-aviv-on-july-26-2026,Yes,0,0x1a537edd1b4bb0f393079a21069ac112e410db6ec79a0c28096efcff8786e3e8,0xbddc2a7690BF600E347d5eb4A9C28f9F24E55d4f-1774968947489,Equal-Sun
1785070839,2026-07-26T13:00:39+00:00,MAKER,SELL,10.101009,0.9899999099,9.999997999899088,80673348008348581579998766210680954980677807703072254081655617363381916500536,0xf9a0d3ef7ad6bacc1bfeddc5c3b067e6229b16b1c7f77fdd461b86a7365c3686,Will the highest temperature in Tel Aviv be 31°C on July 26?,highest-temperature-in-tel-aviv-on-july-26-2026-31c,highest-temperature-in-tel-aviv-on-july-26-2026,Yes,0,0xa19050d1aeeb3ee3e21a45ec5d5d3abfdab194f83a61cb15f75477f6dd4cfa7a,0xbddc2a7690BF600E347d5eb4A9C28f9F24E55d4f-1774968947489,Equal-Sun
1785070848,2026-07-26T13:00:48+00:00,MAKER,SELL,10.101009,0.9899999099,9.999997999899088,80673348008348581579998766210680954980677807703072254081655617363381916500536,0xf9a0d3ef7ad6bacc1bfeddc5c3b067e6229b16b1c7f77fdd461b86a7365c3686,Will the highest temperature in Tel Aviv be 31°C on July 26?,highest-temperature-in-tel-aviv-on-july-26-2026-31c,highest-temperature-in-tel-aviv-on-july-26-2026,Yes,0,0xad9929b5ac88336a6d6f18f57bb1c5e1d521b956194b95497035807c6838410f,0xbddc2a7690BF600E347d5eb4A9C28f9F24E55d4f-1774968947489,Equal-Sun
1785070855,2026-07-26T13:00:55+00:00,MAKER,SELL,10.101009,0.9899999099,9.999997999899088,80673348008348581579998766210680954980677807703072254081655617363381916500536,0xf9a0d3ef7ad6bacc1bfeddc5c3b067e6229b16b1c7f77fdd461b86a7365c3686,Will the highest temperature in Tel Aviv be 31°C on July 26?,highest-temperature-in-tel-aviv-on-july-26-2026-31c,highest-temperature-in-tel-aviv-on-july-26-2026,Yes,0,0xf5c9d4e0a1a83bf2829227926220c6bb6de773d58f5f6a12dd30d52bbbb343cf,0xbddc2a7690BF600E347d5eb4A9C28f9F24E55d4f-1774968947489,Equal-Sun
1785070860,2026-07-26T13:01:00+00:00,MAKER,SELL,10.101009,0.9899999099,9.999997999899088,80673348008348581579998766210680954980677807703072254081655617363381916500536,0xf9a0d3ef7ad6bacc1bfeddc5c3b067e6229b16b1c7f77fdd461b86a7365c3686,Will the highest temperature in Tel Aviv be 31°C on July 26?,highest-temperature-in-tel-aviv-on-july-26-2026-31c,highest-temperature-in-tel-aviv-on-july-26-2026,Yes,0,0xc64057fb686b8afcff4785189d3cea1c128efef9f09dab8cb3e1780d9427e26d,0xbddc2a7690BF600E347d5eb4A9C28f9F24E55d4f-1774968947489,Equal-Sun
1785070863,2026-07-26T13:01:03+00:00,MAKER,SELL,10.101009,0.9899999099,9.999997999899088,80673348008348581579998766210680954980677807703072254081655617363381916500536,0xf9a0d3ef7ad6bacc1bfeddc5c3b067e6229b16b1c7f77fdd461b86a7365c3686,Will the highest temperature in Tel Aviv be 31°C on July 26?,highest-temperature-in-tel-aviv-on-july-26-2026-31c,highest-temperature-in-tel-aviv-on-july-26-2026,Yes,0,0x0c77a67a40931f41323f861af6fff93b1ab5d2508c226508d49ef9023e907523,0xbddc2a7690BF600E347d5eb4A9C28f9F24E55d4f-1774968947489,Equal-Sun
1785070867,2026-07-26T13:01:07+00:00,MAKER,SELL,10.101009,0.9899999099,9.999997999899088,80673348008348581579998766210680954980677807703072254081655617363381916500536,0xf9a0d3ef7ad6bacc1bfeddc5c3b067e6229b16b1c7f77fdd461b86a7365c3686,Will the highest temperature in Tel Aviv be 31°C on July 26?,highest-temperature-in-tel-aviv-on-july-26-2026-31c,highest-temperature-in-tel-aviv-on-july-26-2026,Yes,0,0x4cc56c092037ee745746817d8f05d475d97e5efd726adfe853d748792c557f31,0xbddc2a7690BF600E347d5eb4A9C28f9F24E55d4f-1774968947489,Equal-Sun
1785070872,2026-07-26T13:01:12+00:00,MAKER,SELL,10.101009,0.9899999099,9.999997999899088,80673348008348581579998766210680954980677807703072254081655617363381916500536,0xf9a0d3ef7ad6bacc1bfeddc5c3b067e6229b16b1c7f77fdd461b86a7365c3686,Will the highest temperature in Tel Aviv be 31°C on July 26?,highest-temperature-in-tel-aviv-on-july-26-2026-31c,highest-temperature-in-tel-aviv-on-july-26-2026,Yes,0,0x603986199644ce395bb4f099e592886b2ab48e44f556ce9da05e225ce791c26a,0xbddc2a7690BF600E347d5eb4A9C28f9F24E55d4f-1774968947489,Equal-Sun
1785070876,2026-07-26T13:01:16+00:00,MAKER,SELL,20.202019,0.9899999599,19.999997999899037,80673348008348581579998766210680954980677807703072254081655617363381916500536,0xf9a0d3ef7ad6bacc1bfeddc5c3b067e6229b16b1c7f77fdd461b86a7365c3686,Will the highest temperature in Tel Aviv be 31°C on July 26?,highest-temperature-in-tel-aviv-on-july-26-2026-31c,highest-temperature-in-tel-aviv-on-july-26-2026,Yes,0,0x2b9be10990241ca2f1f5e9815cf8b79262723533f0e7b6bdb37add79fe2444d8,0xbddc2a7690BF600E347d5eb4A9C28f9F24E55d4f-1774968947489,Equal-Sun
1785070885,2026-07-26T13:01:25+00:00,MAKER,SELL,10.101009,0.9899999099,9.999997999899088,80673348008348581579998766210680954980677807703072254081655617363381916500536,0xf9a0d3ef7ad6bacc1bfeddc5c3b067e6229b16b1c7f77fdd461b86a7365c3686,Will the highest temperature in Tel Aviv be 31°C on July 26?,highest-temperature-in-tel-aviv-on-july-26-2026-31c,highest-temperature-in-tel-aviv-on-july-26-2026,Yes,0,0xedded945599f1fe7b643902dc26dfaa159a1f2d2fb016d160d7c076c5d8ca785,0xbddc2a7690BF600E347d5eb4A9C28f9F24E55d4f-1774968947489,Equal-Sun
1785070903,2026-07-26T13:01:43+00:00,MAKER,SELL,10.101009,0.9899999099,9.999997999899088,80673348008348581579998766210680954980677807703072254081655617363381916500536,0xf9a0d3ef7ad6bacc1bfeddc5c3b067e6229b16b1c7f77fdd461b86a7365c3686,Will the highest temperature in Tel Aviv be 31°C on July 26?,highest-temperature-in-tel-aviv-on-july-26-2026-31c,highest-temperature-in-tel-aviv-on-july-26-2026,Yes,0,0xe448da5d18bae5b4b0289a02a23f9cec759e6cf9d7be4165b95cdc84de965242,0xbddc2a7690BF600E347d5eb4A9C28f9F24E55d4f-1774968947489,Equal-Sun
1785070912,2026-07-26T13:01:52+00:00,MAKER,SELL,10.101009,0.9899999099,9.999997999899088,80673348008348581579998766210680954980677807703072254081655617363381916500536,0xf9a0d3ef7ad6bacc1bfeddc5c3b067e6229b16b1c7f77fdd461b86a7365c3686,Will the highest temperature in Tel Aviv be 31°C on July 26?,highest-temperature-in-tel-aviv-on-july-26-2026-31c,highest-temperature-in-tel-aviv-on-july-26-2026,Yes,0,0x0b943a12d9377fff8a127d42652e83977e8ffecae7782c5f8aa0f179ae90756c,0xbddc2a7690BF600E347d5eb4A9C28f9F24E55d4f-1774968947489,Equal-Sun
1785070921,2026-07-26T13:02:01+00:00,MAKER,SELL,10.101009,0.9899999099,9.999997999899088,80673348008348581579998766210680954980677807703072254081655617363381916500536,0xf9a0d3ef7ad6bacc1bfeddc5c3b067e6229b16b1c7f77fdd461b86a7365c3686,Will the highest temperature in Tel Aviv be 31°C on July 26?,highest-temperature-in-tel-aviv-on-july-26-2026-31c,highest-temperature-in-tel-aviv-on-july-26-2026,Yes,0,0xdd7c22ef23f8db4aeaca4efde9075a7d52136352e128cb56e1a8123d5b55f60f,0xbddc2a7690BF600E347d5eb4A9C28f9F24E55d4f-1774968947489,Equal-Sun
1785070924,2026-07-26T13:02:04+00:00,MAKER,SELL,10.101009,0.9899999099,9.999997999899088,80673348008348581579998766210680954980677807703072254081655617363381916500536,0xf9a0d3ef7ad6bacc1bfeddc5c3b067e6229b16b1c7f77fdd461b86a7365c3686,Will the highest temperature in Tel Aviv be 31°C on July 26?,highest-temperature-in-tel-aviv-on-july-26-2026-31c,highest-temperature-in-tel-aviv-on-july-26-2026,Yes,0,0x93540a4784c05e048f59aab13deec5a8699b308e978b98840dc1a98ed952682d,0xbddc2a7690BF600E347d5eb4A9C28f9F24E55d4f-1774968947489,Equal-Sun
1785070927,2026-07-26T13:02:07+00:00,MAKER,SELL,10.101009,0.9899999099,9.999997999899088,80673348008348581579998766210680954980677807703072254081655617363381916500536,0xf9a0d3ef7ad6bacc1bfeddc5c3b067e6229b16b1c7f77fdd461b86a7365c3686,Will the highest temperature in Tel Aviv be 31°C on July 26?,highest-temperature-in-tel-aviv-on-july-26-2026-31c,highest-temperature-in-tel-aviv-on-july-26-2026,Yes,0,0x0c609f24041f10af852a5a3ec9b01ad9d7fde91a956a7b3785a40ebaf0b8b9ca,0xbddc2a7690BF600E347d5eb4A9C28f9F24E55d4f-1774968947489,Equal-Sun
1785070932,2026-07-26T13:02:12+00:00,MAKER,SELL,10.101009,0.9899999099,9.999997999899088,80673348008348581579998766210680954980677807703072254081655617363381916500536,0xf9a0d3ef7ad6bacc1bfeddc5c3b067e6229b16b1c7f77fdd461b86a7365c3686,Will the highest temperature in Tel Aviv be 31°C on July 26?,highest-temperature-in-tel-aviv-on-july-26-2026-31c,highest-temperature-in-tel-aviv-on-july-26-2026,Yes,0,0x03c10a72b9ed98b8b25d025abc8066465b2d2949d9532b2c09020f6845b2bd6b,0xbddc2a7690BF600E347d5eb4A9C28f9F24E55d4f-1774968947489,Equal-Sun
1785070945,2026-07-26T13:02:25+00:00,MAKER,SELL,10.101009,0.9899999099,9.999997999899088,80673348008348581579998766210680954980677807703072254081655617363381916500536,0xf9a0d3ef7ad6bacc1bfeddc5c3b067e6229b16b1c7f77fdd461b86a7365c3686,Will the highest temperature in Tel Aviv be 31°C on July 26?,highest-temperature-in-tel-aviv-on-july-26-2026-31c,highest-temperature-in-tel-aviv-on-july-26-2026,Yes,0,0xa35239eb90c57764aaf7296cc4cffda453bc0d03125aeb676ee73f1ec8f6af10,0xbddc2a7690BF600E347d5eb4A9C28f9F24E55d4f-1774968947489,Equal-Sun
1785071044,2026-07-26T13:04:04+00:00,MAKER,SELL,50.505049,0.9899999899,49.99999799989901,80673348008348581579998766210680954980677807703072254081655617363381916500536,0xf9a0d3ef7ad6bacc1bfeddc5c3b067e6229b16b1c7f77fdd461b86a7365c3686,Will the highest temperature in Tel Aviv be 31°C on July 26?,highest-temperature-in-tel-aviv-on-july-26-2026-31c,highest-temperature-in-tel-aviv-on-july-26-2026,Yes,0,0x9721c904a44e309e2049d36390bc6ee55ffe0593f0b6bdb1fbb98e9bb0436060,0xbddc2a7690BF600E347d5eb4A9C28f9F24E55d4f-1774968947489,Equal-Sun
1785071304,2026-07-26T13:08:24+00:00,TAKER,BUY,74.507296,0.3258741131,24.279999003479176,53137013440312521351487232382843577275055574717237351484836542377034915361398,0x811c97e33cd9ee5f81770b97dc91846edc9e301ad8d0f48cba54593e69a8f4e7,Will the highest temperature in Munich be 26°C on July 26?,highest-temperature-in-munich-on-july-26-2026-26c,highest-temperature-in-munich-on-july-26-2026,Yes,0,0x6601901dc947f9b140f21697999eafde46edffac1578fd6585867ae3a4d27862,0xbddc2a7690BF600E347d5eb4A9C28f9F24E55d4f-1774968947489,Equal-Sun
1785071307,2026-07-26T13:08:27+00:00,TAKER,BUY,517.496378,0.5797142004,299.9999989821662,5758639915850164232431534552931521418422890935151123074066977975786551364253,0x5b9d7e265bf2f1c093681552532870af423cc438166788d93d99d02f1465d74b,Will the highest temperature in Madrid be 35°C on July 27?,highest-temperature-in-madrid-on-july-27-2026-35c,highest-temperature-in-madrid-on-july-27-2026,Yes,0,0x1221ace451bf97f8e92a00efb7d430187224a8e701f41dd4cf684e6d537c69ce,0xbddc2a7690BF600E347d5eb4A9C28f9F24E55d4f-1774968947489,Equal-Sun
1785071310,2026-07-26T13:08:30+00:00,TAKER,BUY,41.44,0.229488417,9.51000000048,68752514611163886413564592499616923551129152167869589592860123277097867255719,0xe714896954a39f1b9f2d6de1945e5c8e447b9fc102b95e755c0c3046169447e6,Will the highest temperature in Paris be 26°C on July 26?,highest-temperature-in-paris-on-july-26-2026-26c,highest-temperature-in-paris-on-july-26-2026,Yes,0,0xcabd307254e18c92041c407c1f87b0235fb1be3bac09db7d4240a15d77993db7,0xbddc2a7690BF600E347d5eb4A9C28f9F24E55d4f-1774968947489,Equal-Sun
1785071662,2026-07-26T13:14:22+00:00,MAKER,SELL,50.505049,0.9899999899,49.99999799989901,80673348008348581579998766210680954980677807703072254081655617363381916500536,0xf9a0d3ef7ad6bacc1bfeddc5c3b067e6229b16b1c7f77fdd461b86a7365c3686,Will the highest temperature in Tel Aviv be 31°C on July 26?,highest-temperature-in-tel-aviv-on-july-26-2026-31c,highest-temperature-in-tel-aviv-on-july-26-2026,Yes,0,0x9a3cf21f8bb78cb1b18a33282bfebf7a7c575c13b4d272144767fa4c1de4559c,0xbddc2a7690BF600E347d5eb4A9C28f9F24E55d4f-1774968947489,Equal-Sun
1785071841,2026-07-26T13:17:21+00:00,MAKER,SELL,10.101009,0.9899999099,9.999997999899088,80673348008348581579998766210680954980677807703072254081655617363381916500536,0xf9a0d3ef7ad6bacc1bfeddc5c3b067e6229b16b1c7f77fdd461b86a7365c3686,Will the highest temperature in Tel Aviv be 31°C on July 26?,highest-temperature-in-tel-aviv-on-july-26-2026-31c,highest-temperature-in-tel-aviv-on-july-26-2026,Yes,0,0x5da0a10cccf1ecb44c7937c0eff61cd0ef8a1a375cd46908cd6dd761250da86c,0xbddc2a7690BF600E347d5eb4A9C28f9F24E55d4f-1774968947489,Equal-Sun
1785071851,2026-07-26T13:17:31+00:00,MAKER,SELL,10.101009,0.9899999099,9.999997999899088,80673348008348581579998766210680954980677807703072254081655617363381916500536,0xf9a0d3ef7ad6bacc1bfeddc5c3b067e6229b16b1c7f77fdd461b86a7365c3686,Will the highest temperature in Tel Aviv be 31°C on July 26?,highest-temperature-in-tel-aviv-on-july-26-2026-31c,highest-temperature-in-tel-aviv-on-july-26-2026,Yes,0,0x873edb7e8659a1c148916ee685d6ffafe4cfa0236d2daf6c55654a762a0338e2,0xbddc2a7690BF600E347d5eb4A9C28f9F24E55d4f-1774968947489,Equal-Sun
1785071869,2026-07-26T13:17:49+00:00,MAKER,SELL,10.101009,0.9899999099,9.999997999899088,80673348008348581579998766210680954980677807703072254081655617363381916500536,0xf9a0d3ef7ad6bacc1bfeddc5c3b067e6229b16b1c7f77fdd461b86a7365c3686,Will the highest temperature in Tel Aviv be 31°C on July 26?,highest-temperature-in-tel-aviv-on-july-26-2026-31c,highest-temperature-in-tel-aviv-on-july-26-2026,Yes,0,0x149cfe5cfa9cdc09f6cf8ec6b84a61b74c22f7bfdf25ec0586ab3c0ad87cfcc4,0xbddc2a7690BF600E347d5eb4A9C28f9F24E55d4f-1774968947489,Equal-Sun
1785072162,2026-07-26T13:22:42+00:00,MAKER,SELL,3.030302,0.9899996766,2.999998000000333,80673348008348581579998766210680954980677807703072254081655617363381916500536,0xf9a0d3ef7ad6bacc1bfeddc5c3b067e6229b16b1c7f77fdd461b86a7365c3686,Will the highest temperature in Tel Aviv be 31°C on July 26?,highest-temperature-in-tel-aviv-on-july-26-2026-31c,highest-temperature-in-tel-aviv-on-july-26-2026,Yes,0,0x0f45d07fba91b1dbae8e953534023eaf52677bbfdada1c23f942346ff71739d5,0xbddc2a7690BF600E347d5eb4A9C28f9F24E55d4f-1774968947489,Equal-Sun
1785072208,2026-07-26T13:23:28+00:00,TAKER,BUY,116.339544,0.4297764739,49.99999899545391,23140856815032231167086071732004917142941234556765112811424365315620764444308,0xff9786c8c7130010bdd1f2faae70cd1216727898ed7cbf5a147f07ba27673a0b,Will the highest temperature in Paris be 32°C on July 28?,highest-temperature-in-paris-on-july-28-2026-32c,highest-temperature-in-paris-on-july-28-2026,Yes,0,0xa65e5e71bc74c838bb99486027f75f625054cc9b342ec25deedad7d487a38adf,0xbddc2a7690BF600E347d5eb4A9C28f9F24E55d4f-1774968947489,Equal-Sun
1785072279,2026-07-26T13:24:39+00:00,MAKER,SELL,13.48,0.99,13.3452,80673348008348581579998766210680954980677807703072254081655617363381916500536,0xf9a0d3ef7ad6bacc1bfeddc5c3b067e6229b16b1c7f77fdd461b86a7365c3686,Will the highest temperature in Tel Aviv be 31°C on July 26?,highest-temperature-in-tel-aviv-on-july-26-2026-31c,highest-temperature-in-tel-aviv-on-july-26-2026,Yes,0,0x4ca86c0af528009dc6b4586b78b95ce0c2530ca7075be6ec80ec932cf8c5d538,0xbddc2a7690BF600E347d5eb4A9C28f9F24E55d4f-1774968947489,Equal-Sun
1785075138,2026-07-26T14:12:18+00:00,TAKER,SELL,166.66,0.999,166.49334,7165755216496403816488067948815664868060129193230596570729058560193590192767,0x24ce8ac2c774a140b0f01b51f70611a8337651049865c0ebaa0af4a857e07289,Will the highest temperature in Karachi be 35°C on July 26?,highest-temperature-in-karachi-on-july-26-2026-35c,highest-temperature-in-karachi-on-july-26-2026,Yes,0,0xab8ab543394fe2f39485ccb40e5c3cf6a63423b25b48cdb7389f3665e25b1cc8,0xbddc2a7690BF600E347d5eb4A9C28f9F24E55d4f-1774968947489,Equal-Sun
1785075184,2026-07-26T14:13:04+00:00,TAKER,BUY,126.94,0.61,77.43339999999999,5758639915850164232431534552931521418422890935151123074066977975786551364253,0x5b9d7e265bf2f1c093681552532870af423cc438166788d93d99d02f1465d74b,Will the highest temperature in Madrid be 35°C on July 27?,highest-temperature-in-madrid-on-july-27-2026-35c,highest-temperature-in-madrid-on-july-27-2026,Yes,0,0xb9c556ae3065f3dfeb184358fad666734ac72b8e43d8a03be5bdb7108a9a1f6f,0xbddc2a7690BF600E347d5eb4A9C28f9F24E55d4f-1774968947489,Equal-Sun
1785077659,2026-07-26T14:54:19+00:00,TAKER,BUY,113.636362,0.4399999975,49.9999989959091,109540733432746872272132884952717179706498257265261294691147925615240808042361,0x3ea924229adc54d7a8a92abbabc7852a59b7ae57cc4b9384a9740436aa7cf6d1,Will the highest temperature in Denver be between 102-103°F on July 26?,highest-temperature-in-denver-on-july-26-2026-102-103f,highest-temperature-in-denver-on-july-26-2026,Yes,0,0x02af379cdb32486aa9808be7c6c3c68746e8538d3348599195e4b2683de67d52,0xbddc2a7690BF600E347d5eb4A9C28f9F24E55d4f-1774968947489,Equal-Sun
1785078406,2026-07-26T15:06:46+00:00,TAKER,BUY,38.02,0.14,5.322800000000001,94699235378023318700543744518059450158777430056358760274295883174099064184239,0x969c18c019b9cad5698e86a462c09f5dbcda85d46af6f2bbf2ac5c0d7d1058c6,Will the highest temperature in Madrid be 32°C on July 26?,highest-temperature-in-madrid-on-july-26-2026-32c,highest-temperature-in-madrid-on-july-26-2026,Yes,0,0xd64e48563df25b98929344dd58bd9caf28d69445d30c6b30aeb07fb26ea8e12f,0xbddc2a7690BF600E347d5eb4A9C28f9F24E55d4f-1774968947489,Equal-Sun
1785078414,2026-07-26T15:06:54+00:00,TAKER,BUY,63.65294,0.1571019186,9.999998998530684,94699235378023318700543744518059450158777430056358760274295883174099064184239,0x969c18c019b9cad5698e86a462c09f5dbcda85d46af6f2bbf2ac5c0d7d1058c6,Will the highest temperature in Madrid be 32°C on July 26?,highest-temperature-in-madrid-on-july-26-2026-32c,highest-temperature-in-madrid-on-july-26-2026,Yes,0,0xe4cc4b8b897cb75946896d45a0c728712e3393ff8b57c307426dcbeb9bae80a3,0xbddc2a7690BF600E347d5eb4A9C28f9F24E55d4f-1774968947489,Equal-Sun
1785083257,2026-07-26T16:27:37+00:00,MAKER,SELL,170.251003,0.9959999942,169.56999800054416,92355091515408385289931844873057911116739904448549319070287206571506651756453,0x860ba7dc65390ed53aea6ecb5559cb5c50b3ec1b5fc86724a9edd3499812f968,Will the highest temperature in Istanbul be 28°C on July 26?,highest-temperature-in-istanbul-on-july-26-2026-28c,highest-temperature-in-istanbul-on-july-26-2026,Yes,0,0x663a7f6cff3b9018b719ca3e80125556c7f5e57852e7eeede17d912930e3c5c6,0xbddc2a7690BF600E347d5eb4A9C28f9F24E55d4f-1774968947489,Equal-Sun
1785083271,2026-07-26T16:27:51+00:00,MAKER,SELL,87.078312,0.9959999914,86.72999800312651,92355091515408385289931844873057911116739904448549319070287206571506651756453,0x860ba7dc65390ed53aea6ecb5559cb5c50b3ec1b5fc86724a9edd3499812f968,Will the highest temperature in Istanbul be 28°C on July 26?,highest-temperature-in-istanbul-on-july-26-2026-28c,highest-temperature-in-istanbul-on-july-26-2026,Yes,0,0x26e22e293e22ab113f188bf405723dfdf4c9bdd5dde32bac77ece0578aaed288,0xbddc2a7690BF600E347d5eb4A9C28f9F24E55d4f-1774968947489,Equal-Sun
1785083284,2026-07-26T16:28:04+00:00,MAKER,SELL,500,0.996,498.0,92355091515408385289931844873057911116739904448549319070287206571506651756453,0x860ba7dc65390ed53aea6ecb5559cb5c50b3ec1b5fc86724a9edd3499812f968,Will the highest temperature in Istanbul be 28°C on July 26?,highest-temperature-in-istanbul-on-july-26-2026-28c,highest-temperature-in-istanbul-on-july-26-2026,Yes,0,0xe84dd56bbf049aa99208c30863d2f3551a59fa5e7dfaac0e1c99615d20723b45,0xbddc2a7690BF600E347d5eb4A9C28f9F24E55d4f-1774968947489,Equal-Sun
1785083454,2026-07-26T16:30:54+00:00,MAKER,SELL,7.991966,0.995999983,7.9599980001365775,92355091515408385289931844873057911116739904448549319070287206571506651756453,0x860ba7dc65390ed53aea6ecb5559cb5c50b3ec1b5fc86724a9edd3499812f968,Will the highest temperature in Istanbul be 28°C on July 26?,highest-temperature-in-istanbul-on-july-26-2026-28c,highest-temperature-in-istanbul-on-july-26-2026,Yes,0,0x7b5167258b0be05d47c72af810447fab4162f1cea7aa2e052e693fd443718580,0xbddc2a7690BF600E347d5eb4A9C28f9F24E55d4f-1774968947489,Equal-Sun
1785083506,2026-07-26T16:31:46+00:00,MAKER,SELL,50,0.996,49.8,92355091515408385289931844873057911116739904448549319070287206571506651756453,0x860ba7dc65390ed53aea6ecb5559cb5c50b3ec1b5fc86724a9edd3499812f968,Will the highest temperature in Istanbul be 28°C on July 26?,highest-temperature-in-istanbul-on-july-26-2026-28c,highest-temperature-in-istanbul-on-july-26-2026,Yes,0,0x51c34926cd6038214099e65f537fa641bc004f33d6192ea38facfdbb75b3fcd5,0xbddc2a7690BF600E347d5eb4A9C28f9F24E55d4f-1774968947489,Equal-Sun
1785083569,2026-07-26T16:32:49+00:00,MAKER,SELL,431.72,0.996,429.99312000000003,92355091515408385289931844873057911116739904448549319070287206571506651756453,0x860ba7dc65390ed53aea6ecb5559cb5c50b3ec1b5fc86724a9edd3499812f968,Will the highest temperature in Istanbul be 28°C on July 26?,highest-temperature-in-istanbul-on-july-26-2026-28c,highest-temperature-in-istanbul-on-july-26-2026,Yes,0,0x6bd0f3285fcf8108fe4d8d3645bbc1dd593f888a41334bfd9570ebd0971b1cac,0xbddc2a7690BF600E347d5eb4A9C28f9F24E55d4f-1774968947489,Equal-Sun
1785085165,2026-07-26T16:59:25+00:00,TAKER,SELL,434.73,0.0598997079,26.040200015367002,94699235378023318700543744518059450158777430056358760274295883174099064184239,0x969c18c019b9cad5698e86a462c09f5dbcda85d46af6f2bbf2ac5c0d7d1058c6,Will the highest temperature in Madrid be 32°C on July 26?,highest-temperature-in-madrid-on-july-26-2026-32c,highest-temperature-in-madrid-on-july-26-2026,Yes,0,0xda08fd08771712cf9ffe27b5bbfd39a74fa4eea619505163a04064eab24012a3,0xbddc2a7690BF600E347d5eb4A9C28f9F24E55d4f-1774968947489,Equal-Sun
1785088558,2026-07-26T17:55:58+00:00,TAKER,BUY,306.31515,0.3264611594,99.9999990107849,4614244872774540354226603695427772332377406902720709040208984169259767787842,0xc36afe24c040dc2392fe275d56e8c5c4df48b77ea65217281cc5b968865fc6f6,Will the highest temperature in New York City be between 84-85°F on July 27?,highest-temperature-in-nyc-on-july-27-2026-84-85f,highest-temperature-in-nyc-on-july-27-2026,Yes,0,0xb2e3a72f638e7648012ffe9bd5d24d9b948e3bda83113bbbecca9c61b8da0445,0xbddc2a7690BF600E347d5eb4A9C28f9F24E55d4f-1774968947489,Equal-Sun
1785090372,2026-07-26T18:26:12+00:00,TAKER,BUY,136.833512,0.3654075545,49.99999899356641,16949720003652052550454829798674695571877880952136802977305382106718004373186,0x930f8c40ce034d6a13ab183b0e2f323b393f61604c56fd017b3ce49001a7fd4f,Will the highest temperature in Munich be 28°C on July 28?,highest-temperature-in-munich-on-july-28-2026-28c,highest-temperature-in-munich-on-july-28-2026,Yes,0,0xafdf8f74961523ea230f9f33def277acbb0e29a04ed2d2bc89d92641ed27b344,0xbddc2a7690BF600E347d5eb4A9C28f9F24E55d4f-1774968947489,Equal-Sun
1785091281,2026-07-26T18:41:21+00:00,TAKER,BUY,377.549244,0.5297322195,199.99999899466707,49933630530730230698169883288673920110654458692477514606205346650604734566552,0xe483dacac7134cec3881f2cf3b6c22727cab88d3cfd253a344d956129165e42f,Will the highest temperature in Tel Aviv be 32°C on July 28?,highest-temperature-in-tel-aviv-on-july-28-2026-32c,highest-temperature-in-tel-aviv-on-july-28-2026,Yes,0,0x3d531dc3202b6759e49490c1a756442ba420812515fc041f51f5f987d65776bd,0xbddc2a7690BF600E347d5eb4A9C28f9F24E55d4f-1774968947489,Equal-Sun
1785106731,2026-07-26T22:58:51+00:00,TAKER,BUY,19.885293,0.5028841667,9.999998999890344,5758639915850164232431534552931521418422890935151123074066977975786551364253,0x5b9d7e265bf2f1c093681552532870af423cc438166788d93d99d02f1465d74b,Will the highest temperature in Madrid be 35°C on July 27?,highest-temperature-in-madrid-on-july-27-2026-35c,highest-temperature-in-madrid-on-july-27-2026,Yes,0,0xe74bc728037027a4ba78e64d179422b1092b7496c3dc271289d8c1d67f481eef,0xbddc2a7690BF600E347d5eb4A9C28f9F24E55d4f-1774968947489,Equal-Sun
1785106866,2026-07-26T23:01:06+00:00,TAKER,BUY,188.905659,0.5293647609,99.99999900919194,5758639915850164232431534552931521418422890935151123074066977975786551364253,0x5b9d7e265bf2f1c093681552532870af423cc438166788d93d99d02f1465d74b,Will the highest temperature in Madrid be 35°C on July 27?,highest-temperature-in-madrid-on-july-27-2026-35c,highest-temperature-in-madrid-on-july-27-2026,Yes,0,0xee415df545f8fc56e968a80ab7b556389ca0c512226ab6f253487c03dac2a4ae,0xbddc2a7690BF600E347d5eb4A9C28f9F24E55d4f-1774968947489,Equal-Sun
1785108544,2026-07-26T23:29:04+00:00,TAKER,BUY,19.607842,0.5099999786,9.999999000392183,86108609685680118011367057282302668491235555719043600967155307004518065384629,0x6903b7eb795157177e745387f27c012a168984c40d2631c167eecc5c017d1301,Will the highest temperature in Madrid be 34°C on July 27?,highest-temperature-in-madrid-on-july-27-2026-34c,highest-temperature-in-madrid-on-july-27-2026,Yes,0,0xabddadef152930c266c25bc89b39d0c1e0f6f7868bf243825a7d14a221ea277f,0xbddc2a7690BF600E347d5eb4A9C28f9F24E55d4f-1774968947489,Equal-Sun
1785111253,2026-07-27T00:14:13+00:00,TAKER,BUY,128.205127,0.3899999959,49.99999900435898,90197590430729152818922167071022601529062019760613831746112109564134532443160,0x913c49f41a7c273af77c936ea35d9aff88f8fa10b52f39e369afb8260f75946e,Will the highest temperature in Karachi be 34°C on July 28?,highest-temperature-in-karachi-on-july-28-2026-34c,highest-temperature-in-karachi-on-july-28-2026,Yes,0,0x67a88f8f57f7ec9b128cf3710280c0f29afffa19058bd4327a7c53e1066eddc7,0xbddc2a7690BF600E347d5eb4A9C28f9F24E55d4f-1774968947489,Equal-Sun
1785112153,2026-07-27T00:29:13+00:00,TAKER,BUY,19.945097,0.5013763032,9.999999000825412,79922243091634131138437963527172188879069766836807265875860658656377338576769,0xbfdf4f18ac71a0614d83e949d0cfd876c4eece04882b6b2ecab194e73a23aa68,Will the highest temperature in Austin be between 98-99°F on July 27?,highest-temperature-in-austin-on-july-27-2026-98-99f,highest-temperature-in-austin-on-july-27-2026,Yes,0,0x7d4b965ca3625dbd7b1473426987b4d79ee9ef9a44cd56f288c3b19c710b54ed,0xbddc2a7690BF600E347d5eb4A9C28f9F24E55d4f-1774968947489,Equal-Sun
1785115788,2026-07-27T01:29:48+00:00,TAKER,BUY,16.949151,0.5899999947,9.999999000169499,29958129719638783723070220037565677211046830408948267237985114447189244170738,0xa1ec8116ac623e0abd3e82a7d465ac91f6d90ad14c04fd501c20cdb911dc3191,Will the highest temperature in Chongqing be 39°C on July 27?,highest-temperature-in-chongqing-on-july-27-2026-39c,highest-temperature-in-chongqing-on-july-27-2026,Yes,0,0x908249db98acaa2946fd5b9305c154fae8ac8e1303b3a9483ec6eb524722a94f,0xbddc2a7690BF600E347d5eb4A9C28f9F24E55d4f-1774968947489,Equal-Sun
1785116697,2026-07-27T01:44:57+00:00,TAKER,BUY,100,0.5,50.0,48954711012259739352435260124720988858713991585429445631043610715208701689679,0x4bf3b55e7b031d6394bdcd677d4822a4f7202293fbbebe9b96f9e675a412c108,Will the highest temperature in Amsterdam be 21°C on July 27?,highest-temperature-in-amsterdam-on-july-27-2026-21c,highest-temperature-in-amsterdam-on-july-27-2026,Yes,0,0x1f377310961f8074cc4284766e5cddfc39199bc25cc19fa3f8dcbc9566012eca,0xbddc2a7690BF600E347d5eb4A9C28f9F24E55d4f-1774968947489,Equal-Sun
1785116950,2026-07-27T01:49:10+00:00,TAKER,SELL,853.22,0.4418151239,376.96550001395804,5758639915850164232431534552931521418422890935151123074066977975786551364253,0x5b9d7e265bf2f1c093681552532870af423cc438166788d93d99d02f1465d74b,Will the highest temperature in Madrid be 35°C on July 27?,highest-temperature-in-madrid-on-july-27-2026-35c,highest-temperature-in-madrid-on-july-27-2026,Yes,0,0x7108cf17cf597c2a1ca7e1ca755ac42509df769ab2dec8357a733d34896ce94c,0xbddc2a7690BF600E347d5eb4A9C28f9F24E55d4f-1774968947489,Equal-Sun
1785120309,2026-07-27T02:45:09+00:00,TAKER,BUY,498.700817,0.601563077,299.9999979769339,69321972392699691144938629706785494703970184223341427320898408502978276071543,0x5dc275ff0893fe004ab57d6da5b9f99bf12daff504620982c5aed64cad4fb120,Will the highest temperature in Tel Aviv be 32°C on July 27?,highest-temperature-in-tel-aviv-on-july-27-2026-32c,highest-temperature-in-tel-aviv-on-july-27-2026,Yes,0,0xe9298a9601d2396a775eb0d78b81a567f9d8dc988f8a26fd74fc7c6887c4fffc,0xbddc2a7690BF600E347d5eb4A9C28f9F24E55d4f-1774968947489,Equal-Sun
1785120321,2026-07-27T02:45:21+00:00,TAKER,BUY,173.280516,0.5770989221,99.99999900453182,86108609685680118011367057282302668491235555719043600967155307004518065384629,0x6903b7eb795157177e745387f27c012a168984c40d2631c167eecc5c017d1301,Will the highest temperature in Madrid be 34°C on July 27?,highest-temperature-in-madrid-on-july-27-2026-34c,highest-temperature-in-madrid-on-july-27-2026,Yes,0,0xa84b1e980e42c1ccfb9cd9540a26ef8c46b334461a422e59a0fe4bf03d7d9975,0xbddc2a7690BF600E347d5eb4A9C28f9F24E55d4f-1774968947489,Equal-Sun
1785121209,2026-07-27T03:00:09+00:00,TAKER,BUY,135.135134,0.3699999957,49.99999899891892,64588388050060321877807824581133792998946856798135481614737552539586172222948,0x0a52b2dc782917415b29f6057f0fd51073e8d72f3cb89aa4696441f35a11dbef,Will the highest temperature in Chongqing be 36°C on July 28?,highest-temperature-in-chongqing-on-july-28-2026-36c,highest-temperature-in-chongqing-on-july-28-2026,Yes,0,0xe89afa30fd03a3a4dd92ba4509ed1ec9b038318345090811c471f44c50ffb764,0xbddc2a7690BF600E347d5eb4A9C28f9F24E55d4f-1774968947489,Equal-Sun
1785128443,2026-07-27T05:00:43+00:00,TAKER,BUY,478.76,0.2102610912,100.664600022912,73168653417885964331535445786269557497070353901266425117644075859640823471914,0x007cc7e8255cba3d154407105e893aa3556cb5327ccc6a1b925837cce6702e35,Will the highest temperature in Istanbul be 33°C on July 27?,highest-temperature-in-istanbul-on-july-27-2026-33c,highest-temperature-in-istanbul-on-july-27-2026,Yes,0,0xfbc7144170ab5588c5d63dbdf5c95efb85a14f4ab37fd0fb5d71e696e6b56c42,0xbddc2a7690BF600E347d5eb4A9C28f9F24E55d4f-1774968947489,Equal-Sun
1785129349,2026-07-27T05:15:49+00:00,TAKER,BUY,332.44,0.2460425942,81.794400015848,73168653417885964331535445786269557497070353901266425117644075859640823471914,0x007cc7e8255cba3d154407105e893aa3556cb5327ccc6a1b925837cce6702e35,Will the highest temperature in Istanbul be 33°C on July 27?,highest-temperature-in-istanbul-on-july-27-2026-33c,highest-temperature-in-istanbul-on-july-27-2026,Yes,0,0xea61e59440700991bde3b1761a6b40070f32932252ebca9285e11b60d26abecd,0xbddc2a7690BF600E347d5eb4A9C28f9F24E55d4f-1774968947489,Equal-Sun
1785132069,2026-07-27T06:01:09+00:00,TAKER,BUY,119.40476,0.418743767,49.99999900013092,105631586137089312376042534417908769086861469442155765652380355293155519066652,0xf149cad218861645a4609cde58479f3247c6f4cdb43b9c581bb3deee8ea5da83,Will the highest temperature in New York City be between 82-83°F on July 27?,highest-temperature-in-nyc-on-july-27-2026-82-83f,highest-temperature-in-nyc-on-july-27-2026,Yes,0,0x0ce161df99d9c2e285203a02133973aed156cb9e749b6fad517190574912c3a5,0xbddc2a7690BF600E347d5eb4A9C28f9F24E55d4f-1774968947489,Equal-Sun
1785132985,2026-07-27T06:16:25+00:00,TAKER,BUY,147.752646,0.6768068235,99.99999900297998,86108609685680118011367057282302668491235555719043600967155307004518065384629,0x6903b7eb795157177e745387f27c012a168984c40d2631c167eecc5c017d1301,Will the highest temperature in Madrid be 34°C on July 27?,highest-temperature-in-madrid-on-july-27-2026-34c,highest-temperature-in-madrid-on-july-27-2026,Yes,0,0x38713b44526b1f5ccdff36c9e395732b0ffc8782e0f6e4c2fa6708c9d8e92da9,0xbddc2a7690BF600E347d5eb4A9C28f9F24E55d4f-1774968947489,Equal-Sun
1785134829,2026-07-27T06:47:09+00:00,TAKER,BUY,21.739129,0.4599999844,9.999999000869588,8586181509366869231538095259559629731814816475266540787005062337378100295150,0x567a99054b596512e298ee1b2aea51df5ae06100b258d716d1be917edc08b44d,Will the highest temperature in Helsinki be 20°C on July 27?,highest-temperature-in-helsinki-on-july-27-2026-20c,highest-temperature-in-helsinki-on-july-27-2026,Yes,0,0xd17aaf85c0acbc5becc967c00cb5faf3f287b588c91db40a0786f502117b58c6,0xbddc2a7690BF600E347d5eb4A9C28f9F24E55d4f-1774968947489,Equal-Sun
1785135306,2026-07-27T06:55:06+00:00,TAKER,BUY,102.499606,0.4878067434,49.9999990026431,8586181509366869231538095259559629731814816475266540787005062337378100295150,0x567a99054b596512e298ee1b2aea51df5ae06100b258d716d1be917edc08b44d,Will the highest temperature in Helsinki be 20°C on July 27?,highest-temperature-in-helsinki-on-july-27-2026-20c,highest-temperature-in-helsinki-on-july-27-2026,Yes,0,0xee3085a56923ec35dd90d74e19a1947e42f7fc0448a28cbaee50cc72c713a0a3,0xbddc2a7690BF600E347d5eb4A9C28f9F24E55d4f-1774968947489,Equal-Sun
1785135760,2026-07-27T07:02:40+00:00,TAKER,BUY,56.666665,0.3095294032,17.539998998784327,73168653417885964331535445786269557497070353901266425117644075859640823471914,0x007cc7e8255cba3d154407105e893aa3556cb5327ccc6a1b925837cce6702e35,Will the highest temperature in Istanbul be 33°C on July 27?,highest-temperature-in-istanbul-on-july-27-2026-33c,highest-temperature-in-istanbul-on-july-27-2026,Yes,0,0x8d15a84acf5e870d61b507a2b01510a94ac7d5928ec7149f34e280a380fd9dd2,0xbddc2a7690BF600E347d5eb4A9C28f9F24E55d4f-1774968947489,Equal-Sun
1785137565,2026-07-27T07:32:45+00:00,TAKER,BUY,418.482132,0.716876483,299.99999898650174,86108609685680118011367057282302668491235555719043600967155307004518065384629,0x6903b7eb795157177e745387f27c012a168984c40d2631c167eecc5c017d1301,Will the highest temperature in Madrid be 34°C on July 27?,highest-temperature-in-madrid-on-july-27-2026-34c,highest-temperature-in-madrid-on-july-27-2026,Yes,0,0x44dde5ebee5057fa0f756091d99aaf005dfbb19b27fe8b8d5c5794d9eb5c5cc3,0xbddc2a7690BF600E347d5eb4A9C28f9F24E55d4f-1774968947489,Equal-Sun
1785137566,2026-07-27T07:32:46+00:00,TAKER,BUY,22.222221,0.4499999797,9.999998998888914,83427749823352767623483638426209653039938949717026883879112723391971611268951,0xb8336f16d3c04f2d0f4532074d18a38509c964a0b75a3153fd9afaff37e6da57,Will the highest temperature in Singapore be 31°C on July 28?,highest-temperature-in-singapore-on-july-28-2026-31c,highest-temperature-in-singapore-on-july-28-2026,Yes,0,0x2eb7c6adebc7f2a0443f4c7cfe6a287bc2a24d48144012c2e7121a5eab9723fe,0xbddc2a7690BF600E347d5eb4A9C28f9F24E55d4f-1774968947489,Equal-Sun
1785140181,2026-07-27T08:16:21+00:00,TAKER,BUY,240,0.4166666667,100.000000008,65735862177986594107045757149609135668733783286282726341017451334686999174455,0xe9c61029ad7a9d976318c9bb9af3bd7df556d801e768830030c612ba8da6c78e,Will the highest temperature in Istanbul be 32°C on July 27?,highest-temperature-in-istanbul-on-july-27-2026-32c,highest-temperature-in-istanbul-on-july-27-2026,Yes,0,0xb19c3ded3c3afce4ba3eb8c4b3cb40e57768031a1ecc3549d4a0075a5418cdc6,0xbddc2a7690BF600E347d5eb4A9C28f9F24E55d4f-1774968947489,Equal-Sun
1785140223,2026-07-27T08:17:03+00:00,TAKER,SELL,207.78,0.999,207.57222,75021176122994459346858215979915855474228191174623207391601601747154489429043,0x531f8bd1bf1017faac747796bfc94f043e13da4267305b95695351f01b5286b7,Will the highest temperature in Los Angeles be between 78-79°F on July 26?,highest-temperature-in-los-angeles-on-july-26-2026-78-79f,highest-temperature-in-los-angeles-on-july-26-2026,Yes,0,0x520c83cfcac23805233ec164033582087ede58d7b4d369d550cabd252a24765c,0xbddc2a7690BF600E347d5eb4A9C28f9F24E55d4f-1774968947489,Equal-Sun
1785140271,2026-07-27T08:17:51+00:00,TAKER,BUY,185.54,0.37,68.6498,84054917272288886961534964799587657478260848699243224576755272585138345838258,0x9f5635aa55b9199a09f7b7d108054d9dc3b271409178c16c0511b77574904f6c,Will the highest temperature in Singapore be 30°C on July 29?,highest-temperature-in-singapore-on-july-29-2026-30c,highest-temperature-in-singapore-on-july-29-2026,Yes,0,0xed2230f243c86fe88fe281ea799911580d11dbe6aa65988c03d25980e635d094,0xbddc2a7690BF600E347d5eb4A9C28f9F24E55d4f-1774968947489,Equal-Sun
1785141189,2026-07-27T08:33:09+00:00,TAKER,BUY,82.179486,0.3814820526,31.349999000892964,84054917272288886961534964799587657478260848699243224576755272585138345838258,0x9f5635aa55b9199a09f7b7d108054d9dc3b271409178c16c0511b77574904f6c,Will the highest temperature in Singapore be 30°C on July 29?,highest-temperature-in-singapore-on-july-29-2026-30c,highest-temperature-in-singapore-on-july-29-2026,Yes,0,0xc6f8ff8cd2b31d63a1ecdd0ec299cbf75282fab9d7208e2fb1b9736bce313c8b,0xbddc2a7690BF600E347d5eb4A9C28f9F24E55d4f-1774968947489,Equal-Sun
1785141190,2026-07-27T08:33:10+00:00,TAKER,BUY,104.791665,0.477137175,49.99999900164637,93634677462133826795082152938421552851495396719936914084199463007179292755471,0xfffd306f10d4d3529713f0dc376977262a0e66d5a11b74acca5f277bfcead06c,Will the highest temperature in Warsaw be 22°C on July 28?,highest-temperature-in-warsaw-on-july-28-2026-22c,highest-temperature-in-warsaw-on-july-28-2026,Yes,0,0x39ea034de79592eb52bd4575817f93ed4143c1faef4f2f676bb8015d538a246f,0xbddc2a7690BF600E347d5eb4A9C28f9F24E55d4f-1774968947489,Equal-Sun
1785146649,2026-07-27T10:04:09+00:00,TAKER,BUY,227.763635,0.4390516467,99.99999900512776,83427749823352767623483638426209653039938949717026883879112723391971611268951,0xb8336f16d3c04f2d0f4532074d18a38509c964a0b75a3153fd9afaff37e6da57,Will the highest temperature in Singapore be 31°C on July 28?,highest-temperature-in-singapore-on-july-28-2026-31c,highest-temperature-in-singapore-on-july-28-2026,Yes,0,0xbaba1bf0ef250305152fb68b8cfa9a6d0a683da6244792dab0ff5e64f46877bc,0xbddc2a7690BF600E347d5eb4A9C28f9F24E55d4f-1774968947489,Equal-Sun
1785152110,2026-07-27T11:35:10+00:00,TAKER,BUY,127,0.3122834646,39.6600000042,90148571026726243694456928098995263936242362805727492720719806673169930562982,0xc646e4260977ba12be882daaeba0c79cb4da4786ea7b5ba581a01dddb09a103f,Will the highest temperature in Paris be 26°C on July 27?,highest-temperature-in-paris-on-july-27-2026-26c,highest-temperature-in-paris-on-july-27-2026,Yes,0,0xfaae263ed65a95ee0d628c9cfd7de0a06f7569b159340e363311ea13a6cf05cb,0xbddc2a7690BF600E347d5eb4A9C28f9F24E55d4f-1774968947489,Equal-Sun
1785153016,2026-07-27T11:50:16+00:00,TAKER,BUY,112,0.3504464286,39.2500000032,90148571026726243694456928098995263936242362805727492720719806673169930562982,0xc646e4260977ba12be882daaeba0c79cb4da4786ea7b5ba581a01dddb09a103f,Will the highest temperature in Paris be 26°C on July 27?,highest-temperature-in-paris-on-july-27-2026-26c,highest-temperature-in-paris-on-july-27-2026,Yes,0,0x0c8f2218c06d68b338e5752a2daa906fbf551a3d3553e166186219442ec665f4,0xbddc2a7690BF600E347d5eb4A9C28f9F24E55d4f-1774968947489,Equal-Sun
1785153922,2026-07-27T12:05:22+00:00,TAKER,BUY,270.41,0.3676191709,99.40790000306902,90148571026726243694456928098995263936242362805727492720719806673169930562982,0xc646e4260977ba12be882daaeba0c79cb4da4786ea7b5ba581a01dddb09a103f,Will the highest temperature in Paris be 26°C on July 27?,highest-temperature-in-paris-on-july-27-2026-26c,highest-temperature-in-paris-on-july-27-2026,Yes,0,0x933185dd5897c1c475600bd97abe13fc41f73efc6b277419cb79be0191df834b,0xbddc2a7690BF600E347d5eb4A9C28f9F24E55d4f-1774968947489,Equal-Sun
1785154828,2026-07-27T12:20:28+00:00,TAKER,BUY,71.7575,0.3021286973,21.67999999650475,90148571026726243694456928098995263936242362805727492720719806673169930562982,0xc646e4260977ba12be882daaeba0c79cb4da4786ea7b5ba581a01dddb09a103f,Will the highest temperature in Paris be 26°C on July 27?,highest-temperature-in-paris-on-july-27-2026-26c,highest-temperature-in-paris-on-july-27-2026,Yes,0,0xc30f8b178186df8620424967cf2558e8b1d99c3e03bee44aa0c2ebd7575a71e8,0xbddc2a7690BF600E347d5eb4A9C28f9F24E55d4f-1774968947489,Equal-Sun
1785158068,2026-07-27T13:14:28+00:00,TAKER,BUY,198.21,0.54,107.03340000000001,16949720003652052550454829798674695571877880952136802977305382106718004373186,0x930f8c40ce034d6a13ab183b0e2f323b393f61604c56fd017b3ce49001a7fd4f,Will the highest temperature in Munich be 28°C on July 28?,highest-temperature-in-munich-on-july-28-2026-28c,highest-temperature-in-munich-on-july-28-2026,Yes,0,0xe28cc4af91c573808e43bc981b237f11f19b15d20f3e3b5977f6d5eb40cdc7b0,0xbddc2a7690BF600E347d5eb4A9C28f9F24E55d4f-1774968947489,Equal-Sun
1785158415,2026-07-27T13:20:15+00:00,MAKER,SELL,515,0.997,513.455,69321972392699691144938629706785494703970184223341427320898408502978276071543,0x5dc275ff0893fe004ab57d6da5b9f99bf12daff504620982c5aed64cad4fb120,Will the highest temperature in Tel Aviv be 32°C on July 27?,highest-temperature-in-tel-aviv-on-july-27-2026-32c,highest-temperature-in-tel-aviv-on-july-27-2026,Yes,0,0xbd6679a88800b7b90ce6b2fc7d46db4dd303afc6d285d20c9c2a40bbdf5b347e,0xbddc2a7690BF600E347d5eb4A9C28f9F24E55d4f-1774968947489,Equal-Sun
1785159142,2026-07-27T13:32:22+00:00,MAKER,SELL,300,0.997,299.1,69321972392699691144938629706785494703970184223341427320898408502978276071543,0x5dc275ff0893fe004ab57d6da5b9f99bf12daff504620982c5aed64cad4fb120,Will the highest temperature in Tel Aviv be 32°C on July 27?,highest-temperature-in-tel-aviv-on-july-27-2026-32c,highest-temperature-in-tel-aviv-on-july-27-2026,Yes,0,0xc351081f9cabef3cfbe72cd4d93fb23d6fa5448e9a2d7aab595d60ce7ae5828c,0xbddc2a7690BF600E347d5eb4A9C28f9F24E55d4f-1774968947489,Equal-Sun
1785159426,2026-07-27T13:37:06+00:00,TAKER,BUY,101.9072,0.4906424669,50.00000000287169,112212448901820859528600987032805806154855500205026827188098419926939031828337,0x33c5136babba094a01e10b9ced204de6414d55e44591c4ce0e2dda26baf001b8,Will the highest temperature in Los Angeles be between 78-79°F on July 28?,highest-temperature-in-los-angeles-on-july-28-2026-78-79f,highest-temperature-in-los-angeles-on-july-28-2026,Yes,0,0x64a672ec73bcdaaacb9c70150be850eabd584b4538aba6a500a6f502f0033c36,0xbddc2a7690BF600E347d5eb4A9C28f9F24E55d4f-1774968947489,Equal-Sun
1785160290,2026-07-27T13:51:30+00:00,MAKER,SELL,5.015044,0.9969998269,4.999997999895883,69321972392699691144938629706785494703970184223341427320898408502978276071543,0x5dc275ff0893fe004ab57d6da5b9f99bf12daff504620982c5aed64cad4fb120,Will the highest temperature in Tel Aviv be 32°C on July 27?,highest-temperature-in-tel-aviv-on-july-27-2026-32c,highest-temperature-in-tel-aviv-on-july-27-2026,Yes,0,0x669c66c6e0c68eb31f53295927d30c8f7f91d0356916cf79eb5207b6fd673914,0xbddc2a7690BF600E347d5eb4A9C28f9F24E55d4f-1774968947489,Equal-Sun
1785160330,2026-07-27T13:52:10+00:00,TAKER,BUY,119.166665,0.4195804171,49.99999900511597,111778521317762130204542620883355560741395485017570348824448069228591449138263,0x81aa06c8ada503938297b8eaeb2683bf1066189ee9fbf8bd85eb3457e24434dc,Will the highest temperature in Paris be 37°C on July 29?,highest-temperature-in-paris-on-july-29-2026-37c,highest-temperature-in-paris-on-july-29-2026,Yes,0,0xf58d591ea33c1873119cc38c30607bf44fb48a18e673f531c20f2b673d9cd0d3,0xbddc2a7690BF600E347d5eb4A9C28f9F24E55d4f-1774968947489,Equal-Sun
1785160480,2026-07-27T13:54:40+00:00,MAKER,SELL,24.09,0.997,24.01773,69321972392699691144938629706785494703970184223341427320898408502978276071543,0x5dc275ff0893fe004ab57d6da5b9f99bf12daff504620982c5aed64cad4fb120,Will the highest temperature in Tel Aviv be 32°C on July 27?,highest-temperature-in-tel-aviv-on-july-27-2026-32c,highest-temperature-in-tel-aviv-on-july-27-2026,Yes,0,0x51e370613794cfaa1c5daeaedeede7d9c53f3a957bc37a92a3954d4218426a09,0xbddc2a7690BF600E347d5eb4A9C28f9F24E55d4f-1774968947489,Equal-Sun
1785161562,2026-07-27T14:12:42+00:00,TAKER,BUY,123.14,0.43,52.9502,23140856815032231167086071732004917142941234556765112811424365315620764444308,0xff9786c8c7130010bdd1f2faae70cd1216727898ed7cbf5a147f07ba27673a0b,Will the highest temperature in Paris be 32°C on July 28?,highest-temperature-in-paris-on-july-28-2026-32c,highest-temperature-in-paris-on-july-28-2026,Yes,0,0xaecf88878740dc594377efb49df4f90b094e8724a700e56c2e85a63fdb617b28,0xbddc2a7690BF600E347d5eb4A9C28f9F24E55d4f-1774968947489,Equal-Sun
1785163588,2026-07-27T14:46:28+00:00,TAKER,BUY,228,0.45,102.60000000000001,23140856815032231167086071732004917142941234556765112811424365315620764444308,0xff9786c8c7130010bdd1f2faae70cd1216727898ed7cbf5a147f07ba27673a0b,Will the highest temperature in Paris be 32°C on July 28?,highest-temperature-in-paris-on-july-28-2026-32c,highest-temperature-in-paris-on-july-28-2026,Yes,0,0xc16bbd43046189e27bc13eb636f8d809335978ebbca8bc5c1470e54cfbe6c22d,0xbddc2a7690BF600E347d5eb4A9C28f9F24E55d4f-1774968947489,Equal-Sun
1785176809,2026-07-27T18:26:49+00:00,TAKER,BUY,108.695651,0.4599999958,49.999999003478266,112740864321647474729339570682296273831856450890487599383866899586356535667467,0x188194ad064492ad2bf3ffdd424ecb1d4b8fe6725912b6842df00821da5256c5,Will the highest temperature in Munich be 33°C on July 29?,highest-temperature-in-munich-on-july-29-2026-33c,highest-temperature-in-munich-on-july-29-2026,Yes,0,0xb13f33ba4352dad542fc069e700dd72b3d0bcfcfdecc0ef0301068c07ea23ed9,0xbddc2a7690BF600E347d5eb4A9C28f9F24E55d4f-1774968947489,Equal-Sun
1785177709,2026-07-27T18:41:49+00:00,TAKER,BUY,331.511146,0.6032979627,199.99999899414226,19256736043958795892168122655261425103899340858805694418873230775950037199684,0x034816d6712f1277546fa30529e19d8afc0651a9b1e3b493c41064cef11cd41d,Will the highest temperature in Tel Aviv be 33°C on July 29?,highest-temperature-in-tel-aviv-on-july-29-2026-33c,highest-temperature-in-tel-aviv-on-july-29-2026,Yes,0,0x809a8809308f2fad7f25dd6b8ef012a5eca03bc40ad66e26ab92467ee8512a42,0xbddc2a7690BF600E347d5eb4A9C28f9F24E55d4f-1774968947489,Equal-Sun
1785193209,2026-07-27T23:00:09+00:00,TAKER,BUY,14.492751,0.6899999869,9.999998000144961,99414330674225122069532091259320682353216827300991143783129417907766096112538,0x2fce5471298848c6178da1442737f30c6979c4f679271f0f0db5827caa352500,Will the highest temperature in Madrid be 38°C on July 28?,highest-temperature-in-madrid-on-july-28-2026-38c,highest-temperature-in-madrid-on-july-28-2026,Yes,0,0xcb4caf45cf42777258dc432eb3d3a6d0c748b03ff4901ecbace5faa634b1af14,0xbddc2a7690BF600E347d5eb4A9C28f9F24E55d4f-1774968947489,Equal-Sun
1785198643,2026-07-28T00:30:43+00:00,TAKER,BUY,18.867923,0.5299999899,9.999998999433977,25160533420652082030292176349986091246152462940830008133729553271854816718103,0x9518b00d6f5acb288d3ed9cc9700bfecc673fd3698a7f1f92566b68c01a424ef,Will the highest temperature in Austin be between 98-99°F on July 28?,highest-temperature-in-austin-on-july-28-2026-98-99f,highest-temperature-in-austin-on-july-28-2026,Yes,0,0x02becb3714f250ec3450aaa17edeb5ef5db74b27372c23a8a89a5a20c229b4ea,0xbddc2a7690BF600E347d5eb4A9C28f9F24E55d4f-1774968947489,Equal-Sun
1785202267,2026-07-28T01:31:07+00:00,TAKER,BUY,188.358702,0.5309019331,99.99999900800684,25160533420652082030292176349986091246152462940830008133729553271854816718103,0x9518b00d6f5acb288d3ed9cc9700bfecc673fd3698a7f1f92566b68c01a424ef,Will the highest temperature in Austin be between 98-99°F on July 28?,highest-temperature-in-austin-on-july-28-2026-98-99f,highest-temperature-in-austin-on-july-28-2026,Yes,0,0x4304d81a4e935a9246f7276a512826642044425253a21f450111a7fc8283e1e0,0xbddc2a7690BF600E347d5eb4A9C28f9F24E55d4f-1774968947489,Equal-Sun
1785203178,2026-07-28T01:46:18+00:00,TAKER,BUY,125,0.4,50.0,50614668914724546166143745538514376646912745387776945001302473507632960242011,0xb8283452945193786d26ca332671a570181b4bf7372e968f62a6eaf951a37bc0,Will the highest temperature in Amsterdam be 27°C on July 28?,highest-temperature-in-amsterdam-on-july-28-2026-27c,highest-temperature-in-amsterdam-on-july-28-2026,Yes,0,0x906b10d537ca03512d7f2ebd33800b6428a81307fa4ecffcd25968ed7e2acdf9,0xbddc2a7690BF600E347d5eb4A9C28f9F24E55d4f-1774968947489,Equal-Sun
1785206818,2026-07-28T02:46:58+00:00,TAKER,BUY,394.736841,0.7599999996,299.99999900210526,49933630530730230698169883288673920110654458692477514606205346650604734566552,0xe483dacac7134cec3881f2cf3b6c22727cab88d3cfd253a344d956129165e42f,Will the highest temperature in Tel Aviv be 32°C on July 28?,highest-temperature-in-tel-aviv-on-july-28-2026-32c,highest-temperature-in-tel-aviv-on-july-28-2026,Yes,0,0x90908b000e855ec88f83a5253aaef47bd4d21ecbd6257dab521d0a913be2ae38,0xbddc2a7690BF600E347d5eb4A9C28f9F24E55d4f-1774968947489,Equal-Sun
1785212622,2026-07-28T04:23:42+00:00,TAKER,SELL,306.31,0.999,306.00369,4614244872774540354226603695427772332377406902720709040208984169259767787842,0xc36afe24c040dc2392fe275d56e8c5c4df48b77ea65217281cc5b968865fc6f6,Will the highest temperature in New York City be between 84-85°F on July 27?,highest-temperature-in-nyc-on-july-27-2026-84-85f,highest-temperature-in-nyc-on-july-27-2026,Yes,0,0xd02b938b73116f5408b3d77727d6357c277c0834eb4641178a8968fa0885d41f,0xbddc2a7690BF600E347d5eb4A9C28f9F24E55d4f-1774968947489,Equal-Sun
1785215034,2026-07-28T05:03:54+00:00,TAKER,BUY,333.333332,0.5999999994,199.999999,66468979253362847254590194464936471017472511039724422216490111391379146806418,0x6418c86ba09b0f0dbe27b2e49cdacc3638a37af7af444f64e5b51b77dd9e6463,Will the highest temperature in Istanbul be 29°C on July 28?,highest-temperature-in-istanbul-on-july-28-2026-29c,highest-temperature-in-istanbul-on-july-28-2026,Yes,0,0x612b816eda8090c77e7fb481ca9dfde2f1978772168162b8c8b7aee7a4907a0b,0xbddc2a7690BF600E347d5eb4A9C28f9F24E55d4f-1774968947489,Equal-Sun
1785215037,2026-07-28T05:03:57+00:00,TAKER,BUY,333.333332,0.5999999994,199.999999,66468979253362847254590194464936471017472511039724422216490111391379146806418,0x6418c86ba09b0f0dbe27b2e49cdacc3638a37af7af444f64e5b51b77dd9e6463,Will the highest temperature in Istanbul be 29°C on July 28?,highest-temperature-in-istanbul-on-july-28-2026-29c,highest-temperature-in-istanbul-on-july-28-2026,Yes,0,0x1f7b106ca30ab767d4c134ed7ab25e5c0847d2a0803f50146092fd9eb3b30a92,0xbddc2a7690BF600E347d5eb4A9C28f9F24E55d4f-1774968947489,Equal-Sun
1785215040,2026-07-28T05:04:00+00:00,TAKER,BUY,163.228386,0.3063192636,49.99999899813655,104662753866667435660209859601789143713533597305606513612249810109114825635930,0x9b9855548681f359ea08b10f6527bae409a4b3eb7f4630157fc89478cbaf3fcf,Will the highest temperature in Mexico City be 25°C on July 29?,highest-temperature-in-mexico-city-on-july-29-2026-25c,highest-temperature-in-mexico-city-on-july-29-2026,Yes,0,0x2703d094b4709f311bbb564492f437f8b8d69eb3b0cc3bb93e67647050e6c426,0xbddc2a7690BF600E347d5eb4A9C28f9F24E55d4f-1774968947489,Equal-Sun
1785216840,2026-07-28T05:34:00+00:00,TAKER,BUY,516.27576,0.5810848024,299.99999798350984,10768483203111089718095213129547047145855890293927221119597640652825822078389,0x53a64bfa35012d3e389f2406b4320a1c95a16e87711958cf6e5660e899e8def8,Will the highest temperature in Madrid be 39°C on July 29?,highest-temperature-in-madrid-on-july-29-2026-39c,highest-temperature-in-madrid-on-july-29-2026,Yes,0,0xe10905a1962cd8ae9e897a609494801d3c79a9de58385fc99f6901eaba4dcdac,0xbddc2a7690BF600E347d5eb4A9C28f9F24E55d4f-1774968947489,Equal-Sun
1785216843,2026-07-28T05:34:03+00:00,TAKER,BUY,75.757574,0.6599999889,49.99999799909093,30771523622186095122880348690929587537586702598084013411587816275058473835340,0x352a366f9be5dc64668c549ef9bf2042fa85ccc1c5a3bd931ccad209c6ca1055,Will the highest temperature in Milan be 33°C on July 28?,highest-temperature-in-milan-on-july-28-2026-33c,highest-temperature-in-milan-on-july-28-2026,Yes,0,0x1b4c98f4e1b859877a7ca58ba0a2a42a119051b2b9a19dcf98677cc214610e2f,0xbddc2a7690BF600E347d5eb4A9C28f9F24E55d4f-1774968947489,Equal-Sun
1785218290,2026-07-28T05:58:10+00:00,TAKER,BUY,75.757573,0.6599999976,49.999997998181826,30771523622186095122880348690929587537586702598084013411587816275058473835340,0x352a366f9be5dc64668c549ef9bf2042fa85ccc1c5a3bd931ccad209c6ca1055,Will the highest temperature in Milan be 33°C on July 28?,highest-temperature-in-milan-on-july-28-2026-33c,highest-temperature-in-milan-on-july-28-2026,Yes,0,0xa2f98214ea75105427c2a5da58d243976b033f1a1e019c8bd84485bd191aa3d7,0xbddc2a7690BF600E347d5eb4A9C28f9F24E55d4f-1774968947489,Equal-Sun
1785218422,2026-07-28T06:00:22+00:00,TAKER,BUY,59.439284,0.5047166954,29.999998997422093,64588388050060321877807824581133792998946856798135481614737552539586172222948,0x0a52b2dc782917415b29f6057f0fd51073e8d72f3cb89aa4696441f35a11dbef,Will the highest temperature in Chongqing be 36°C on July 28?,highest-temperature-in-chongqing-on-july-28-2026-36c,highest-temperature-in-chongqing-on-july-28-2026,Yes,0,0x7c4a7cc7653ed8ff44c9c16f41b73b35c2a3c8071f9662c96fe545610009fb9f,0xbddc2a7690BF600E347d5eb4A9C28f9F24E55d4f-1774968947489,Equal-Sun
1785231460,2026-07-28T09:37:40+00:00,TAKER,BUY,399.411034,0.7511059296,299.9999959850672,99414330674225122069532091259320682353216827300991143783129417907766096112538,0x2fce5471298848c6178da1442737f30c6979c4f679271f0f0db5827caa352500,Will the highest temperature in Madrid be 38°C on July 28?,highest-temperature-in-madrid-on-july-28-2026-38c,highest-temperature-in-madrid-on-july-28-2026,Yes,0,0x40823b24742a96df88e12ce2166e894f8f3f75e66b1bad7cd8a05ac2a48edfc5,0xbddc2a7690BF600E347d5eb4A9C28f9F24E55d4f-1774968947489,Equal-Sun
1785236050,2026-07-28T10:54:10+00:00,TAKER,BUY,236.437726,0.2114721701,49.99999901072919,7634468317370742013618040904978043997179120829698667059494044465083908187299,0x14f570179b97038e8a282ddd5c3dfd56669bfeb51b17cbd0f10a77c279bc995f,Will the highest temperature in Chongqing be 36°C on July 29?,highest-temperature-in-chongqing-on-july-29-2026-36c,highest-temperature-in-chongqing-on-july-29-2026,Yes,0,0x8f483c9a07f7094b886e822e767ac976fa79a9404b8e588bb525e7593988a665,0xbddc2a7690BF600E347d5eb4A9C28f9F24E55d4f-1774968947489,Equal-Sun
1785242641,2026-07-28T12:44:01+00:00,TAKER,BUY,77.394735,0.3799999961,29.409998998160532,104662753866667435660209859601789143713533597305606513612249810109114825635930,0x9b9855548681f359ea08b10f6527bae409a4b3eb7f4630157fc89478cbaf3fcf,Will the highest temperature in Mexico City be 25°C on July 29?,highest-temperature-in-mexico-city-on-july-29-2026-25c,highest-temperature-in-mexico-city-on-july-29-2026,Yes,0,0x15bdbabd08afb006febe282adc6c18a895fe7a67bbab45644a007f469f615ae6,0xbddc2a7690BF600E347d5eb4A9C28f9F24E55d4f-1774968947489,Equal-Sun
1785243020,2026-07-28T12:50:20+00:00,MAKER,SELL,21.385049,0.9899999762,21.171198001035833,49933630530730230698169883288673920110654458692477514606205346650604734566552,0xe483dacac7134cec3881f2cf3b6c22727cab88d3cfd253a344d956129165e42f,Will the highest temperature in Tel Aviv be 32°C on July 28?,highest-temperature-in-tel-aviv-on-july-28-2026-32c,highest-temperature-in-tel-aviv-on-july-28-2026,Yes,0,0x0a901005be6b55d9ba02e1df14057c5f2c7520ef3ad910c01c55082a20076a6c,0xbddc2a7690BF600E347d5eb4A9C28f9F24E55d4f-1774968947489,Equal-Sun
1785243136,2026-07-28T12:52:16+00:00,MAKER,SELL,10.101009,0.9899999099,9.999997999899088,49933630530730230698169883288673920110654458692477514606205346650604734566552,0xe483dacac7134cec3881f2cf3b6c22727cab88d3cfd253a344d956129165e42f,Will the highest temperature in Tel Aviv be 32°C on July 28?,highest-temperature-in-tel-aviv-on-july-28-2026-32c,highest-temperature-in-tel-aviv-on-july-28-2026,Yes,0,0x6b97d695f507be122205fa1da206d060bb370fecc5b1631b8bd494964ba57291,0xbddc2a7690BF600E347d5eb4A9C28f9F24E55d4f-1774968947489,Equal-Sun
1785243235,2026-07-28T12:53:55+00:00,MAKER,SELL,5.05,0.99,4.999499999999999,49933630530730230698169883288673920110654458692477514606205346650604734566552,0xe483dacac7134cec3881f2cf3b6c22727cab88d3cfd253a344d956129165e42f,Will the highest temperature in Tel Aviv be 32°C on July 28?,highest-temperature-in-tel-aviv-on-july-28-2026-32c,highest-temperature-in-tel-aviv-on-july-28-2026,Yes,0,0x164e8dad8cc3aa6b974d8db0fd3f0c331e32f092d67f3fd424bbfbc4b02a0c12,0xbddc2a7690BF600E347d5eb4A9C28f9F24E55d4f-1774968947489,Equal-Sun
1785243248,2026-07-28T12:54:08+00:00,MAKER,SELL,5.05,0.99,4.999499999999999,49933630530730230698169883288673920110654458692477514606205346650604734566552,0xe483dacac7134cec3881f2cf3b6c22727cab88d3cfd253a344d956129165e42f,Will the highest temperature in Tel Aviv be 32°C on July 28?,highest-temperature-in-tel-aviv-on-july-28-2026-32c,highest-temperature-in-tel-aviv-on-july-28-2026,Yes,0,0x3708a9862f9bccbf376702120d89b56bb3839d90147825170aefec9cfb992b0f,0xbddc2a7690BF600E347d5eb4A9C28f9F24E55d4f-1774968947489,Equal-Sun
1785243635,2026-07-28T13:00:35+00:00,MAKER,SELL,50.505049,0.9899999899,49.99999799989901,49933630530730230698169883288673920110654458692477514606205346650604734566552,0xe483dacac7134cec3881f2cf3b6c22727cab88d3cfd253a344d956129165e42f,Will the highest temperature in Tel Aviv be 32°C on July 28?,highest-temperature-in-tel-aviv-on-july-28-2026-32c,highest-temperature-in-tel-aviv-on-july-28-2026,Yes,0,0xf463f8cf46bb2447b75fef2cdf88caac93ef62ab5da8029a7914382f6b85f1ee,0xbddc2a7690BF600E347d5eb4A9C28f9F24E55d4f-1774968947489,Equal-Sun
1785243763,2026-07-28T13:02:43+00:00,MAKER,SELL,100,0.997,99.7,66468979253362847254590194464936471017472511039724422216490111391379146806418,0x6418c86ba09b0f0dbe27b2e49cdacc3638a37af7af444f64e5b51b77dd9e6463,Will the highest temperature in Istanbul be 29°C on July 28?,highest-temperature-in-istanbul-on-july-28-2026-29c,highest-temperature-in-istanbul-on-july-28-2026,Yes,0,0xfec7d15cd8b217f7d1278829df176a2291d075c041a41ffffcaaebfa80ba9cc3,0xbddc2a7690BF600E347d5eb4A9C28f9F24E55d4f-1774968947489,Equal-Sun
1785243953,2026-07-28T13:05:53+00:00,MAKER,SELL,57.99398,0.996999999,57.819998002006024,66468979253362847254590194464936471017472511039724422216490111391379146806418,0x6418c86ba09b0f0dbe27b2e49cdacc3638a37af7af444f64e5b51b77dd9e6463,Will the highest temperature in Istanbul be 29°C on July 28?,highest-temperature-in-istanbul-on-july-28-2026-29c,highest-temperature-in-istanbul-on-july-28-2026,Yes,0,0xf917b0385d70414bd6307397a0c4bf2a271c68d8e6521c1a634aeb5e57faac3e,0xbddc2a7690BF600E347d5eb4A9C28f9F24E55d4f-1774968947489,Equal-Sun
1785244145,2026-07-28T13:09:05+00:00,MAKER,SELL,5.997992,0.996999996,5.979998000008032,66468979253362847254590194464936471017472511039724422216490111391379146806418,0x6418c86ba09b0f0dbe27b2e49cdacc3638a37af7af444f64e5b51b77dd9e6463,Will the highest temperature in Istanbul be 29°C on July 28?,highest-temperature-in-istanbul-on-july-28-2026-29c,highest-temperature-in-istanbul-on-july-28-2026,Yes,0,0xa0e17e9184f3d51f14517472abd30e6e7843d870b4b64b95722379a17477a932,0xbddc2a7690BF600E347d5eb4A9C28f9F24E55d4f-1774968947489,Equal-Sun
1785244252,2026-07-28T13:10:52+00:00,MAKER,SELL,50.505049,0.9899999899,49.99999799989901,49933630530730230698169883288673920110654458692477514606205346650604734566552,0xe483dacac7134cec3881f2cf3b6c22727cab88d3cfd253a344d956129165e42f,Will the highest temperature in Tel Aviv be 32°C on July 28?,highest-temperature-in-tel-aviv-on-july-28-2026-32c,highest-temperature-in-tel-aviv-on-july-28-2026,Yes,0,0x0402184cf5217991a88c160501401d644f23dbff82e4fe4f5be18f52eaa77ace,0xbddc2a7690BF600E347d5eb4A9C28f9F24E55d4f-1774968947489,Equal-Sun
1785244271,2026-07-28T13:11:11+00:00,TAKER,BUY,186.500739,0.5361908995,99.99999900182473,94644192918658907859043936875294807963367241908313219549214004983699157850215,0x2c46842a4fc68b3c8a94d83b40cbad537e7a7f2db34cb25791256dbeed2c6803,Will the highest temperature in Istanbul be 27°C on July 29?,highest-temperature-in-istanbul-on-july-29-2026-27c,highest-temperature-in-istanbul-on-july-29-2026,Yes,0,0x0270974e238a63a36a5b0899e6f0733a3169276e9817c7caef4b3d66fa06b930,0xbddc2a7690BF600E347d5eb4A9C28f9F24E55d4f-1774968947489,Equal-Sun
1785244321,2026-07-28T13:12:01+00:00,MAKER,SELL,375.27,0.997,374.14419,66468979253362847254590194464936471017472511039724422216490111391379146806418,0x6418c86ba09b0f0dbe27b2e49cdacc3638a37af7af444f64e5b51b77dd9e6463,Will the highest temperature in Istanbul be 29°C on July 28?,highest-temperature-in-istanbul-on-july-28-2026-29c,highest-temperature-in-istanbul-on-july-28-2026,Yes,0,0xc1449ea7baeda99e0271a072d7f380ab0615ec3be1026c037c6e54cbcc2b0857,0xbddc2a7690BF600E347d5eb4A9C28f9F24E55d4f-1774968947489,Equal-Sun
1785244355,2026-07-28T13:12:35+00:00,MAKER,SELL,10.101009,0.9899999099,9.999997999899088,49933630530730230698169883288673920110654458692477514606205346650604734566552,0xe483dacac7134cec3881f2cf3b6c22727cab88d3cfd253a344d956129165e42f,Will the highest temperature in Tel Aviv be 32°C on July 28?,highest-temperature-in-tel-aviv-on-july-28-2026-32c,highest-temperature-in-tel-aviv-on-july-28-2026,Yes,0,0xedad5092ca7f8e7cb63fc888f8a87e67078f59a4629865be2a6d77ae7213d372,0xbddc2a7690BF600E347d5eb4A9C28f9F24E55d4f-1774968947489,Equal-Sun
1785244454,2026-07-28T13:14:14+00:00,MAKER,SELL,127.39,0.997,127.00783,66468979253362847254590194464936471017472511039724422216490111391379146806418,0x6418c86ba09b0f0dbe27b2e49cdacc3638a37af7af444f64e5b51b77dd9e6463,Will the highest temperature in Istanbul be 29°C on July 28?,highest-temperature-in-istanbul-on-july-28-2026-29c,highest-temperature-in-istanbul-on-july-28-2026,Yes,0,0x289bbce07e4634eb1447706101a4e30dede893257a2d07a8bdb4b6de9eaffb7b,0xbddc2a7690BF600E347d5eb4A9C28f9F24E55d4f-1774968947489,Equal-Sun
1785244618,2026-07-28T13:16:58+00:00,MAKER,SELL,10.12,0.99,10.018799999999999,49933630530730230698169883288673920110654458692477514606205346650604734566552,0xe483dacac7134cec3881f2cf3b6c22727cab88d3cfd253a344d956129165e42f,Will the highest temperature in Tel Aviv be 32°C on July 28?,highest-temperature-in-tel-aviv-on-july-28-2026-32c,highest-temperature-in-tel-aviv-on-july-28-2026,Yes,0,0x03f3319cd79b605402d20e659ca8d08ef4697ab2edf17a3c334bf94eebcae0a2,0xbddc2a7690BF600E347d5eb4A9C28f9F24E55d4f-1774968947489,Equal-Sun
1785244618,2026-07-28T13:16:58+00:00,MAKER,SELL,10.13,0.99,10.0287,49933630530730230698169883288673920110654458692477514606205346650604734566552,0xe483dacac7134cec3881f2cf3b6c22727cab88d3cfd253a344d956129165e42f,Will the highest temperature in Tel Aviv be 32°C on July 28?,highest-temperature-in-tel-aviv-on-july-28-2026-32c,highest-temperature-in-tel-aviv-on-july-28-2026,Yes,0,0x19d0399e8bcad48cc4770f9026d4ca9e147328f1e93c5b872cc1f39152c4d040,0xbddc2a7690BF600E347d5eb4A9C28f9F24E55d4f-1774968947489,Equal-Sun
1785244618,2026-07-28T13:16:58+00:00,MAKER,SELL,10.11,0.99,10.008899999999999,49933630530730230698169883288673920110654458692477514606205346650604734566552,0xe483dacac7134cec3881f2cf3b6c22727cab88d3cfd253a344d956129165e42f,Will the highest temperature in Tel Aviv be 32°C on July 28?,highest-temperature-in-tel-aviv-on-july-28-2026-32c,highest-temperature-in-tel-aviv-on-july-28-2026,Yes,0,0xae4d453609d4fc92697a6e1602e1230b14cadb347cfdc1fca0619769c583ab4c,0xbddc2a7690BF600E347d5eb4A9C28f9F24E55d4f-1774968947489,Equal-Sun
1785244618,2026-07-28T13:16:58+00:00,MAKER,SELL,80.8,0.99,79.99199999999999,49933630530730230698169883288673920110654458692477514606205346650604734566552,0xe483dacac7134cec3881f2cf3b6c22727cab88d3cfd253a344d956129165e42f,Will the highest temperature in Tel Aviv be 32°C on July 28?,highest-temperature-in-tel-aviv-on-july-28-2026-32c,highest-temperature-in-tel-aviv-on-july-28-2026,Yes,0,0x32122e4722341bcc1eff1b7469ff41a9f1fffaaafacadddff110dd2498441009,0xbddc2a7690BF600E347d5eb4A9C28f9F24E55d4f-1774968947489,Equal-Sun
1785244727,2026-07-28T13:18:47+00:00,MAKER,SELL,5.050504,0.9899998099,4.99999799989919,49933630530730230698169883288673920110654458692477514606205346650604734566552,0xe483dacac7134cec3881f2cf3b6c22727cab88d3cfd253a344d956129165e42f,Will the highest temperature in Tel Aviv be 32°C on July 28?,highest-temperature-in-tel-aviv-on-july-28-2026-32c,highest-temperature-in-tel-aviv-on-july-28-2026,Yes,0,0xeae0d5042da20db09b724408d05d4bca6cddbbe7690ad9ba18f7b4865e214693,0xbddc2a7690BF600E347d5eb4A9C28f9F24E55d4f-1774968947489,Equal-Sun
1785244867,2026-07-28T13:21:07+00:00,MAKER,SELL,50.505049,0.9899999899,49.99999799989901,49933630530730230698169883288673920110654458692477514606205346650604734566552,0xe483dacac7134cec3881f2cf3b6c22727cab88d3cfd253a344d956129165e42f,Will the highest temperature in Tel Aviv be 32°C on July 28?,highest-temperature-in-tel-aviv-on-july-28-2026-32c,highest-temperature-in-tel-aviv-on-july-28-2026,Yes,0,0x4466f9f544594799347fd0baa941bb38d65dd7625f1ba3ef8331e176001410ab,0xbddc2a7690BF600E347d5eb4A9C28f9F24E55d4f-1774968947489,Equal-Sun
1785245150,2026-07-28T13:25:50+00:00,MAKER,SELL,6.05,0.99,5.9895,49933630530730230698169883288673920110654458692477514606205346650604734566552,0xe483dacac7134cec3881f2cf3b6c22727cab88d3cfd253a344d956129165e42f,Will the highest temperature in Tel Aviv be 32°C on July 28?,highest-temperature-in-tel-aviv-on-july-28-2026-32c,highest-temperature-in-tel-aviv-on-july-28-2026,Yes,0,0x044077736a093824fc76c1e412d5977598b71292e2ca814240db7f0d8586912f,0xbddc2a7690BF600E347d5eb4A9C28f9F24E55d4f-1774968947489,Equal-Sun
1785245179,2026-07-28T13:26:19+00:00,TAKER,BUY,96.153845,0.5199999958,49.999998996153856,115568221666748691059529460767002364974785992592115228910250496212754806708268,0xb275ca3439397bb37a3b7ce6476c795d94550115115202683e260cbee178437c,Will the highest temperature in Los Angeles be between 78-79°F on July 29?,highest-temperature-in-los-angeles-on-july-29-2026-78-79f,highest-temperature-in-los-angeles-on-july-29-2026,Yes,0,0x5a50fb041d041447639edb9899597df5bf811c2a89b800eb68905c068d2d88a2,0xbddc2a7690BF600E347d5eb4A9C28f9F24E55d4f-1774968947489,Equal-Sun
1785245437,2026-07-28T13:30:37+00:00,MAKER,SELL,1.02,0.99,1.0098,49933630530730230698169883288673920110654458692477514606205346650604734566552,0xe483dacac7134cec3881f2cf3b6c22727cab88d3cfd253a344d956129165e42f,Will the highest temperature in Tel Aviv be 32°C on July 28?,highest-temperature-in-tel-aviv-on-july-28-2026-32c,highest-temperature-in-tel-aviv-on-july-28-2026,Yes,0,0x69e19c509010e50342cd39a3a6f6a5fdc5b44ce3e2eab40dcbb3e21993f0f1e3,0xbddc2a7690BF600E347d5eb4A9C28f9F24E55d4f-1774968947489,Equal-Sun
1785245483,2026-07-28T13:31:23+00:00,MAKER,SELL,50.505049,0.9899999899,49.99999799989901,49933630530730230698169883288673920110654458692477514606205346650604734566552,0xe483dacac7134cec3881f2cf3b6c22727cab88d3cfd253a344d956129165e42f,Will the highest temperature in Tel Aviv be 32°C on July 28?,highest-temperature-in-tel-aviv-on-july-28-2026-32c,highest-temperature-in-tel-aviv-on-july-28-2026,Yes,0,0x5518cafc87d084df053e32ff53439c83c5e83fb73b7895f1599950fac081d058,0xbddc2a7690BF600E347d5eb4A9C28f9F24E55d4f-1774968947489,Equal-Sun
1785246098,2026-07-28T13:41:38+00:00,MAKER,SELL,50.505049,0.9899999899,49.99999799989901,49933630530730230698169883288673920110654458692477514606205346650604734566552,0xe483dacac7134cec3881f2cf3b6c22727cab88d3cfd253a344d956129165e42f,Will the highest temperature in Tel Aviv be 32°C on July 28?,highest-temperature-in-tel-aviv-on-july-28-2026-32c,highest-temperature-in-tel-aviv-on-july-28-2026,Yes,0,0x509b4760f9dfcf25135f4d0f65d6f992e2aad8a8cf062cd480a3a8c5db8a63d1,0xbddc2a7690BF600E347d5eb4A9C28f9F24E55d4f-1774968947489,Equal-Sun
1785246226,2026-07-28T13:43:46+00:00,MAKER,SELL,5,0.99,4.95,49933630530730230698169883288673920110654458692477514606205346650604734566552,0xe483dacac7134cec3881f2cf3b6c22727cab88d3cfd253a344d956129165e42f,Will the highest temperature in Tel Aviv be 32°C on July 28?,highest-temperature-in-tel-aviv-on-july-28-2026-32c,highest-temperature-in-tel-aviv-on-july-28-2026,Yes,0,0xae80c01f795d1f0b5d5e71a87a8b1d561b35c6be7b07eecfdf7aa35d4b6d6cad,0xbddc2a7690BF600E347d5eb4A9C28f9F24E55d4f-1774968947489,Equal-Sun
1785246559,2026-07-28T13:49:19+00:00,MAKER,SELL,1.0101,0.99,0.999999,49933630530730230698169883288673920110654458692477514606205346650604734566552,0xe483dacac7134cec3881f2cf3b6c22727cab88d3cfd253a344d956129165e42f,Will the highest temperature in Tel Aviv be 32°C on July 28?,highest-temperature-in-tel-aviv-on-july-28-2026-32c,highest-temperature-in-tel-aviv-on-july-28-2026,Yes,0,0xa683fe07f0bcb00b85f1220fd90e2cd1879db15415b3d17651706177bb3a3662,0xbddc2a7690BF600E347d5eb4A9C28f9F24E55d4f-1774968947489,Equal-Sun
1785247156,2026-07-28T13:59:16+00:00,MAKER,SELL,10.101009,0.9899999099,9.999997999899088,49933630530730230698169883288673920110654458692477514606205346650604734566552,0xe483dacac7134cec3881f2cf3b6c22727cab88d3cfd253a344d956129165e42f,Will the highest temperature in Tel Aviv be 32°C on July 28?,highest-temperature-in-tel-aviv-on-july-28-2026-32c,highest-temperature-in-tel-aviv-on-july-28-2026,Yes,0,0xf4950619b8e7a98bd7ac4e4fb01af9d35a073704b824fc4ef1b1c006cc2efb9c,0xbddc2a7690BF600E347d5eb4A9C28f9F24E55d4f-1774968947489,Equal-Sun
1785247225,2026-07-28T14:00:25+00:00,TAKER,BUY,100,0.2,20.0,23140856815032231167086071732004917142941234556765112811424365315620764444308,0xff9786c8c7130010bdd1f2faae70cd1216727898ed7cbf5a147f07ba27673a0b,Will the highest temperature in Paris be 32°C on July 28?,highest-temperature-in-paris-on-july-28-2026-32c,highest-temperature-in-paris-on-july-28-2026,Yes,0,0xfd552a69a1d0df50cf9cb6e77e4723097c6fb053fab38ae257d18e07b6e7e810,0xbddc2a7690BF600E347d5eb4A9C28f9F24E55d4f-1774968947489,Equal-Sun
1785247232,2026-07-28T14:00:32+00:00,MAKER,SELL,124,0.99,122.76,49933630530730230698169883288673920110654458692477514606205346650604734566552,0xe483dacac7134cec3881f2cf3b6c22727cab88d3cfd253a344d956129165e42f,Will the highest temperature in Tel Aviv be 32°C on July 28?,highest-temperature-in-tel-aviv-on-july-28-2026-32c,highest-temperature-in-tel-aviv-on-july-28-2026,Yes,0,0xc2e532d292550c8bee5234b681893f7ef4b16a85af6f962f3ad21d8decb76bab,0xbddc2a7690BF600E347d5eb4A9C28f9F24E55d4f-1774968947489,Equal-Sun
1785247235,2026-07-28T14:00:35+00:00,MAKER,SELL,25,0.99,24.75,49933630530730230698169883288673920110654458692477514606205346650604734566552,0xe483dacac7134cec3881f2cf3b6c22727cab88d3cfd253a344d956129165e42f,Will the highest temperature in Tel Aviv be 32°C on July 28?,highest-temperature-in-tel-aviv-on-july-28-2026-32c,highest-temperature-in-tel-aviv-on-july-28-2026,Yes,0,0x574e29ad54118415e1b7d0c81eac512ccbc81b573c7a057cb2aac777f515edae,0xbddc2a7690BF600E347d5eb4A9C28f9F24E55d4f-1774968947489,Equal-Sun
1785247235,2026-07-28T14:00:35+00:00,MAKER,SELL,21,0.99,20.79,49933630530730230698169883288673920110654458692477514606205346650604734566552,0xe483dacac7134cec3881f2cf3b6c22727cab88d3cfd253a344d956129165e42f,Will the highest temperature in Tel Aviv be 32°C on July 28?,highest-temperature-in-tel-aviv-on-july-28-2026-32c,highest-temperature-in-tel-aviv-on-july-28-2026,Yes,0,0x10de889bedc4fe4f732bc9c1c2b0c8b0c8dd1fa524455ba032154890a491f3b1,0xbddc2a7690BF600E347d5eb4A9C28f9F24E55d4f-1774968947489,Equal-Sun
1785247268,2026-07-28T14:01:08+00:00,MAKER,SELL,10.101009,0.9899999099,9.999997999899088,49933630530730230698169883288673920110654458692477514606205346650604734566552,0xe483dacac7134cec3881f2cf3b6c22727cab88d3cfd253a344d956129165e42f,Will the highest temperature in Tel Aviv be 32°C on July 28?,highest-temperature-in-tel-aviv-on-july-28-2026-32c,highest-temperature-in-tel-aviv-on-july-28-2026,Yes,0,0x49f29a907d9ae157c3ededa221404a15498f0f20c031aebbdb23b790ed9f8f37,0xbddc2a7690BF600E347d5eb4A9C28f9F24E55d4f-1774968947489,Equal-Sun
1785247271,2026-07-28T14:01:11+00:00,MAKER,SELL,10.101009,0.9899999099,9.999997999899088,49933630530730230698169883288673920110654458692477514606205346650604734566552,0xe483dacac7134cec3881f2cf3b6c22727cab88d3cfd253a344d956129165e42f,Will the highest temperature in Tel Aviv be 32°C on July 28?,highest-temperature-in-tel-aviv-on-july-28-2026-32c,highest-temperature-in-tel-aviv-on-july-28-2026,Yes,0,0xe285be5798339bc28b438185f1f9c8288ebb7d563e36639720ebd5cfc5168318,0xbddc2a7690BF600E347d5eb4A9C28f9F24E55d4f-1774968947489,Equal-Sun
1785247276,2026-07-28T14:01:16+00:00,MAKER,SELL,10.101009,0.9899999099,9.999997999899088,49933630530730230698169883288673920110654458692477514606205346650604734566552,0xe483dacac7134cec3881f2cf3b6c22727cab88d3cfd253a344d956129165e42f,Will the highest temperature in Tel Aviv be 32°C on July 28?,highest-temperature-in-tel-aviv-on-july-28-2026-32c,highest-temperature-in-tel-aviv-on-july-28-2026,Yes,0,0x40d4ac9ab56f8c856909ed77271edbe97fad415108430292fef458da43292f03,0xbddc2a7690BF600E347d5eb4A9C28f9F24E55d4f-1774968947489,Equal-Sun
1785247280,2026-07-28T14:01:20+00:00,MAKER,SELL,10.101009,0.9899999099,9.999997999899088,49933630530730230698169883288673920110654458692477514606205346650604734566552,0xe483dacac7134cec3881f2cf3b6c22727cab88d3cfd253a344d956129165e42f,Will the highest temperature in Tel Aviv be 32°C on July 28?,highest-temperature-in-tel-aviv-on-july-28-2026-32c,highest-temperature-in-tel-aviv-on-july-28-2026,Yes,0,0xd6607c320c69192b7495b28cfe61435b79a2298e1fedacdd7d2fa0497e12abe8,0xbddc2a7690BF600E347d5eb4A9C28f9F24E55d4f-1774968947489,Equal-Sun
1785247288,2026-07-28T14:01:28+00:00,MAKER,SELL,10.101009,0.9899999099,9.999997999899088,49933630530730230698169883288673920110654458692477514606205346650604734566552,0xe483dacac7134cec3881f2cf3b6c22727cab88d3cfd253a344d956129165e42f,Will the highest temperature in Tel Aviv be 32°C on July 28?,highest-temperature-in-tel-aviv-on-july-28-2026-32c,highest-temperature-in-tel-aviv-on-july-28-2026,Yes,0,0x93d89a5c50005ed8cdf15e5440b7c8a2112b95f5a2280522346a5be1da99c9ea,0xbddc2a7690BF600E347d5eb4A9C28f9F24E55d4f-1774968947489,Equal-Sun
1785247292,2026-07-28T14:01:32+00:00,MAKER,SELL,10.101009,0.9899999099,9.999997999899088,49933630530730230698169883288673920110654458692477514606205346650604734566552,0xe483dacac7134cec3881f2cf3b6c22727cab88d3cfd253a344d956129165e42f,Will the highest temperature in Tel Aviv be 32°C on July 28?,highest-temperature-in-tel-aviv-on-july-28-2026-32c,highest-temperature-in-tel-aviv-on-july-28-2026,Yes,0,0xbd05ba02174f640873a7eee070e7876d6d4bb3852063d062383d0b815f3adc9b,0xbddc2a7690BF600E347d5eb4A9C28f9F24E55d4f-1774968947489,Equal-Sun
1785247300,2026-07-28T14:01:40+00:00,MAKER,SELL,10.101009,0.9899999099,9.999997999899088,49933630530730230698169883288673920110654458692477514606205346650604734566552,0xe483dacac7134cec3881f2cf3b6c22727cab88d3cfd253a344d956129165e42f,Will the highest temperature in Tel Aviv be 32°C on July 28?,highest-temperature-in-tel-aviv-on-july-28-2026-32c,highest-temperature-in-tel-aviv-on-july-28-2026,Yes,0,0x7c3de8f6972924abbd6e1c8d45f389d32c47845780750ba000e537160b6d42bf,0xbddc2a7690BF600E347d5eb4A9C28f9F24E55d4f-1774968947489,Equal-Sun
1785247306,2026-07-28T14:01:46+00:00,MAKER,SELL,10.101009,0.9899999099,9.999997999899088,49933630530730230698169883288673920110654458692477514606205346650604734566552,0xe483dacac7134cec3881f2cf3b6c22727cab88d3cfd253a344d956129165e42f,Will the highest temperature in Tel Aviv be 32°C on July 28?,highest-temperature-in-tel-aviv-on-july-28-2026-32c,highest-temperature-in-tel-aviv-on-july-28-2026,Yes,0,0x69c9624729fa61d07a3e509627df4d3c3eee40b3d818c33cf2eb9d883f998264,0xbddc2a7690BF600E347d5eb4A9C28f9F24E55d4f-1774968947489,Equal-Sun
1785247310,2026-07-28T14:01:50+00:00,MAKER,SELL,10.101009,0.9899999099,9.999997999899088,49933630530730230698169883288673920110654458692477514606205346650604734566552,0xe483dacac7134cec3881f2cf3b6c22727cab88d3cfd253a344d956129165e42f,Will the highest temperature in Tel Aviv be 32°C on July 28?,highest-temperature-in-tel-aviv-on-july-28-2026-32c,highest-temperature-in-tel-aviv-on-july-28-2026,Yes,0,0x45186f5ee29770a16eb6f850c9388da147aa7aef51ce9cf62293f27d91196ff1,0xbddc2a7690BF600E347d5eb4A9C28f9F24E55d4f-1774968947489,Equal-Sun
1785247315,2026-07-28T14:01:55+00:00,MAKER,SELL,10.101009,0.9899999099,9.999997999899088,49933630530730230698169883288673920110654458692477514606205346650604734566552,0xe483dacac7134cec3881f2cf3b6c22727cab88d3cfd253a344d956129165e42f,Will the highest temperature in Tel Aviv be 32°C on July 28?,highest-temperature-in-tel-aviv-on-july-28-2026-32c,highest-temperature-in-tel-aviv-on-july-28-2026,Yes,0,0xd01cde19c9c77dacea8eba7b7886c3aa6c7d6f4f7a032882016928d849089c80,0xbddc2a7690BF600E347d5eb4A9C28f9F24E55d4f-1774968947489,Equal-Sun
1785247319,2026-07-28T14:01:59+00:00,MAKER,SELL,10.101009,0.9899999099,9.999997999899088,49933630530730230698169883288673920110654458692477514606205346650604734566552,0xe483dacac7134cec3881f2cf3b6c22727cab88d3cfd253a344d956129165e42f,Will the highest temperature in Tel Aviv be 32°C on July 28?,highest-temperature-in-tel-aviv-on-july-28-2026-32c,highest-temperature-in-tel-aviv-on-july-28-2026,Yes,0,0x44e7838794ad30b02bc5491094dc3c9124e5707bc2821021df38a2e1922ad81d,0xbddc2a7690BF600E347d5eb4A9C28f9F24E55d4f-1774968947489,Equal-Sun
1785247325,2026-07-28T14:02:05+00:00,MAKER,SELL,10.101009,0.9899999099,9.999997999899088,49933630530730230698169883288673920110654458692477514606205346650604734566552,0xe483dacac7134cec3881f2cf3b6c22727cab88d3cfd253a344d956129165e42f,Will the highest temperature in Tel Aviv be 32°C on July 28?,highest-temperature-in-tel-aviv-on-july-28-2026-32c,highest-temperature-in-tel-aviv-on-july-28-2026,Yes,0,0xc9d25c0346df3f2fc78990428aaf0a2c95e3826608594d79ad91e4df626ac0ea,0xbddc2a7690BF600E347d5eb4A9C28f9F24E55d4f-1774968947489,Equal-Sun
1785247328,2026-07-28T14:02:08+00:00,MAKER,SELL,10.101009,0.9899999099,9.999997999899088,49933630530730230698169883288673920110654458692477514606205346650604734566552,0xe483dacac7134cec3881f2cf3b6c22727cab88d3cfd253a344d956129165e42f,Will the highest temperature in Tel Aviv be 32°C on July 28?,highest-temperature-in-tel-aviv-on-july-28-2026-32c,highest-temperature-in-tel-aviv-on-july-28-2026,Yes,0,0x2f62c57d033a38254adf1e368385486dbad34870eac3d5fbc1fa04c7f4ca805b,0xbddc2a7690BF600E347d5eb4A9C28f9F24E55d4f-1774968947489,Equal-Sun
1785247364,2026-07-28T14:02:44+00:00,MAKER,SELL,10.101009,0.9899999099,9.999997999899088,49933630530730230698169883288673920110654458692477514606205346650604734566552,0xe483dacac7134cec3881f2cf3b6c22727cab88d3cfd253a344d956129165e42f,Will the highest temperature in Tel Aviv be 32°C on July 28?,highest-temperature-in-tel-aviv-on-july-28-2026-32c,highest-temperature-in-tel-aviv-on-july-28-2026,Yes,0,0x2852e8a5b036fdb64e26a0b23531ebced74d2a0fa1df480777e4067c9855647e,0xbddc2a7690BF600E347d5eb4A9C28f9F24E55d4f-1774968947489,Equal-Sun
1785247373,2026-07-28T14:02:53+00:00,MAKER,SELL,10.101009,0.9899999099,9.999997999899088,49933630530730230698169883288673920110654458692477514606205346650604734566552,0xe483dacac7134cec3881f2cf3b6c22727cab88d3cfd253a344d956129165e42f,Will the highest temperature in Tel Aviv be 32°C on July 28?,highest-temperature-in-tel-aviv-on-july-28-2026-32c,highest-temperature-in-tel-aviv-on-july-28-2026,Yes,0,0x5ef8eb2a83ae09bdc8f468cdfa55f24df2e9a6dcb47ab6e8d52a6fa15595b6c1,0xbddc2a7690BF600E347d5eb4A9C28f9F24E55d4f-1774968947489,Equal-Sun
1785247378,2026-07-28T14:02:58+00:00,MAKER,SELL,6.95,0.99,6.8805000000000005,49933630530730230698169883288673920110654458692477514606205346650604734566552,0xe483dacac7134cec3881f2cf3b6c22727cab88d3cfd253a344d956129165e42f,Will the highest temperature in Tel Aviv be 32°C on July 28?,highest-temperature-in-tel-aviv-on-july-28-2026-32c,highest-temperature-in-tel-aviv-on-july-28-2026,Yes,0,0x61d96b89d3ce31a9c7a806e53722951a5084093a893ce83cbcbb1baf92387518,0xbddc2a7690BF600E347d5eb4A9C28f9F24E55d4f-1774968947489,Equal-Sun
1785247424,2026-07-28T14:03:44+00:00,TAKER,SELL,485.89,0.9986014942,485.210480016838,83427749823352767623483638426209653039938949717026883879112723391971611268951,0xb8336f16d3c04f2d0f4532074d18a38509c964a0b75a3153fd9afaff37e6da57,Will the highest temperature in Singapore be 31°C on July 28?,highest-temperature-in-singapore-on-july-28-2026-31c,highest-temperature-in-singapore-on-july-28-2026,Yes,0,0x8b49807fe9a031b942f426a60af1586449d314f113e533dfdb7e2877a728634b,0xbddc2a7690BF600E347d5eb4A9C28f9F24E55d4f-1774968947489,Equal-Sun
1785247877,2026-07-28T14:11:17+00:00,TAKER,SELL,194.57,0.9963142828,193.85287000439598,64588388050060321877807824581133792998946856798135481614737552539586172222948,0x0a52b2dc782917415b29f6057f0fd51073e8d72f3cb89aa4696441f35a11dbef,Will the highest temperature in Chongqing be 36°C on July 28?,highest-temperature-in-chongqing-on-july-28-2026-36c,highest-temperature-in-chongqing-on-july-28-2026,Yes,0,0x09e8026082af2fbf6586c040908838053e800c2cc3e4c920aee51fe909862db9,0xbddc2a7690BF600E347d5eb4A9C28f9F24E55d4f-1774968947489,Equal-Sun
1785248251,2026-07-28T14:17:31+00:00,TAKER,BUY,39.3,0.33,12.969,23140856815032231167086071732004917142941234556765112811424365315620764444308,0xff9786c8c7130010bdd1f2faae70cd1216727898ed7cbf5a147f07ba27673a0b,Will the highest temperature in Paris be 32°C on July 28?,highest-temperature-in-paris-on-july-28-2026-32c,highest-temperature-in-paris-on-july-28-2026,Yes,0,0x4fd1f57435b1a6baf60d62a3c5fd50cc26da429fb185cb6a5350cdb8f2b05dfe,0xbddc2a7690BF600E347d5eb4A9C28f9F24E55d4f-1774968947489,Equal-Sun
1785248272,2026-07-28T14:17:52+00:00,MAKER,BUY,12.33,0.33,4.0689,23140856815032231167086071732004917142941234556765112811424365315620764444308,0xff9786c8c7130010bdd1f2faae70cd1216727898ed7cbf5a147f07ba27673a0b,Will the highest temperature in Paris be 32°C on July 28?,highest-temperature-in-paris-on-july-28-2026-32c,highest-temperature-in-paris-on-july-28-2026,Yes,0,0xf84860048addee352749b07a839ab0cea9983ac5a9b2e9db8435018c55ac5662,0xbddc2a7690BF600E347d5eb4A9C28f9F24E55d4f-1774968947489,Equal-Sun
1785248272,2026-07-28T14:17:52+00:00,MAKER,BUY,7.67,0.33,2.5311,23140856815032231167086071732004917142941234556765112811424365315620764444308,0xff9786c8c7130010bdd1f2faae70cd1216727898ed7cbf5a147f07ba27673a0b,Will the highest temperature in Paris be 32°C on July 28?,highest-temperature-in-paris-on-july-28-2026-32c,highest-temperature-in-paris-on-july-28-2026,Yes,0,0xf7197f227a0fb668dd043f6d1249749c48a8ff3a58e17522be517fb5d74de976,0xbddc2a7690BF600E347d5eb4A9C28f9F24E55d4f-1774968947489,Equal-Sun
1785248767,2026-07-28T14:26:07+00:00,TAKER,SELL,0.21,0.99,0.2079,49933630530730230698169883288673920110654458692477514606205346650604734566552,0xe483dacac7134cec3881f2cf3b6c22727cab88d3cfd253a344d956129165e42f,Will the highest temperature in Tel Aviv be 32°C on July 28?,highest-temperature-in-tel-aviv-on-july-28-2026-32c,highest-temperature-in-tel-aviv-on-july-28-2026,Yes,0,0x669a916cd061567eb6ba7c0ff47bdba1ebdb295c5f116e9a88ce7a25343fc112,0xbddc2a7690BF600E347d5eb4A9C28f9F24E55d4f-1774968947489,Equal-Sun
1785249250,2026-07-28T14:34:10+00:00,TAKER,BUY,64.024312,0.4685719856,29.999999000513906,23140856815032231167086071732004917142941234556765112811424365315620764444308,0xff9786c8c7130010bdd1f2faae70cd1216727898ed7cbf5a147f07ba27673a0b,Will the highest temperature in Paris be 32°C on July 28?,highest-temperature-in-paris-on-july-28-2026-32c,highest-temperature-in-paris-on-july-28-2026,Yes,0,0x89c78996b6b7e5101ba21c46e39b249826395c6faa6dbfa6929b13698f811a65,0xbddc2a7690BF600E347d5eb4A9C28f9F24E55d4f-1774968947489,Equal-Sun
1785250265,2026-07-28T14:51:05+00:00,TAKER,BUY,208.541665,0.4795204786,99.99999900884087,104662753866667435660209859601789143713533597305606513612249810109114825635930,0x9b9855548681f359ea08b10f6527bae409a4b3eb7f4630157fc89478cbaf3fcf,Will the highest temperature in Mexico City be 25°C on July 29?,highest-temperature-in-mexico-city-on-july-29-2026-25c,highest-temperature-in-mexico-city-on-july-29-2026,Yes,0,0x887185403620a0ccd6522b699ff81f8701471dbd422db60d3d681f6355223246,0xbddc2a7690BF600E347d5eb4A9C28f9F24E55d4f-1774968947489,Equal-Sun
1785250271,2026-07-28T14:51:11+00:00,TAKER,BUY,41.122447,0.4863523564,19.99999899938411,104662753866667435660209859601789143713533597305606513612249810109114825635930,0x9b9855548681f359ea08b10f6527bae409a4b3eb7f4630157fc89478cbaf3fcf,Will the highest temperature in Mexico City be 25°C on July 29?,highest-temperature-in-mexico-city-on-july-29-2026-25c,highest-temperature-in-mexico-city-on-july-29-2026,Yes,0,0x4e686f010872a24b01dc2ef8f36e41e2e08a562edc446b782431cc70c1276a8b,0xbddc2a7690BF600E347d5eb4A9C28f9F24E55d4f-1774968947489,Equal-Sun
1785251134,2026-07-28T15:05:34+00:00,MAKER,SELL,104.79,0.99,103.74210000000001,93634677462133826795082152938421552851495396719936914084199463007179292755471,0xfffd306f10d4d3529713f0dc376977262a0e66d5a11b74acca5f277bfcead06c,Will the highest temperature in Warsaw be 22°C on July 28?,highest-temperature-in-warsaw-on-july-28-2026-22c,highest-temperature-in-warsaw-on-july-28-2026,Yes,0,0x7bd702f3626072dd99baa8deb4ef7a3ff3d3afed082e1c3569f9cb1370b0f7dd,0xbddc2a7690BF600E347d5eb4A9C28f9F24E55d4f-1774968947489,Equal-Sun
1785255331,2026-07-28T16:15:31+00:00,TAKER,BUY,10.696264,0.467452748,4.999998000133472,23140856815032231167086071732004917142941234556765112811424365315620764444308,0xff9786c8c7130010bdd1f2faae70cd1216727898ed7cbf5a147f07ba27673a0b,Will the highest temperature in Paris be 32°C on July 28?,highest-temperature-in-paris-on-july-28-2026-32c,highest-temperature-in-paris-on-july-28-2026,Yes,0,0x6c8ffd406238fe7193bfcc6a59bdad7756d61f01129c8696e8c6ae5186ce27ed,0xbddc2a7690BF600E347d5eb4A9C28f9F24E55d4f-1774968947489,Equal-Sun
1785255841,2026-07-28T16:24:01+00:00,TAKER,BUY,100,0.47,47.0,23140856815032231167086071732004917142941234556765112811424365315620764444308,0xff9786c8c7130010bdd1f2faae70cd1216727898ed7cbf5a147f07ba27673a0b,Will the highest temperature in Paris be 32°C on July 28?,highest-temperature-in-paris-on-july-28-2026-32c,highest-temperature-in-paris-on-july-28-2026,Yes,0,0xc2b487921a2b847adebd2909b38743bc2878277744f0b7fdc54c7221f7924a4d,0xbddc2a7690BF600E347d5eb4A9C28f9F24E55d4f-1774968947489,Equal-Sun
1785259027,2026-07-28T17:17:07+00:00,TAKER,BUY,111.1,0.49,54.43899999999999,104662753866667435660209859601789143713533597305606513612249810109114825635930,0x9b9855548681f359ea08b10f6527bae409a4b3eb7f4630157fc89478cbaf3fcf,Will the highest temperature in Mexico City be 25°C on July 29?,highest-temperature-in-mexico-city-on-july-29-2026-25c,highest-temperature-in-mexico-city-on-july-29-2026,Yes,0,0xd645d6084304906b5761374e095960e2bd75e82b32920fc8fede9b4fb921dd35,0xbddc2a7690BF600E347d5eb4A9C28f9F24E55d4f-1774968947489,Equal-Sun
1785260461,2026-07-28T17:41:01+00:00,TAKER,BUY,90,0.49,44.1,115568221666748691059529460767002364974785992592115228910250496212754806708268,0xb275ca3439397bb37a3b7ce6476c795d94550115115202683e260cbee178437c,Will the highest temperature in Los Angeles be between 78-79°F on July 29?,highest-temperature-in-los-angeles-on-july-29-2026-78-79f,highest-temperature-in-los-angeles-on-july-29-2026,Yes,0,0x9a5046704e602c20fc9461334315e6057c11fea710e365bab4c018e926cade89,0xbddc2a7690BF600E347d5eb4A9C28f9F24E55d4f-1774968947489,Equal-Sun
1785261434,2026-07-28T17:57:14+00:00,TAKER,BUY,76.3,0.49,37.387,115568221666748691059529460767002364974785992592115228910250496212754806708268,0xb275ca3439397bb37a3b7ce6476c795d94550115115202683e260cbee178437c,Will the highest temperature in Los Angeles be between 78-79°F on July 29?,highest-temperature-in-los-angeles-on-july-29-2026-78-79f,highest-temperature-in-los-angeles-on-july-29-2026,Yes,0,0x845282db4e9a1e5405f34686400cacd4bae52152563f73c0441e66d95858e9a9,0xbddc2a7690BF600E347d5eb4A9C28f9F24E55d4f-1774968947489,Equal-Sun
1785264311,2026-07-28T18:45:11+00:00,TAKER,BUY,367.890908,0.5436394177,199.9999990022443,57270828895517515530278937278980485147690349419535155917321618807131191021047,0xf01a93158178494496d9c01dac9bcacb864adbf5c1903a1f66d50d469c070ec4,Will the highest temperature in Tel Aviv be 34°C on July 30?,highest-temperature-in-tel-aviv-on-july-30-2026-34c,highest-temperature-in-tel-aviv-on-july-30-2026,Yes,0,0x09def56a511acac6e054896dc2be63cf8673ad854bae373b938b8ddff7483a96,0xbddc2a7690BF600E347d5eb4A9C28f9F24E55d4f-1774968947489,Equal-Sun
1785279848,2026-07-28T23:04:08+00:00,TAKER,BUY,14.084506,0.7099999815,9.999998999436638,10768483203111089718095213129547047145855890293927221119597640652825822078389,0x53a64bfa35012d3e389f2406b4320a1c95a16e87711958cf6e5660e899e8def8,Will the highest temperature in Madrid be 39°C on July 29?,highest-temperature-in-madrid-on-july-29-2026-39c,highest-temperature-in-madrid-on-july-29-2026,Yes,0,0xee05ad7a4f4bba66fa118ca749b14e6bfd2a1e97cee3eda1da89512c8a196fc7,0xbddc2a7690BF600E347d5eb4A9C28f9F24E55d4f-1774968947489,Equal-Sun
1785284408,2026-07-29T00:20:08+00:00,TAKER,BUY,201.9892,0.2475379872,50.00000000413824,58604957104468424123446335809750388348474008604973152996233875435448662729064,0x2438ef446da8ed14231c9e398c7c99f329e2d09c42bc78ff81837154cb6b8879,Will the highest temperature in Karachi be 36°C on July 30?,highest-temperature-in-karachi-on-july-30-2026-36c,highest-temperature-in-karachi-on-july-30-2026,Yes,0,0x5a38da7d5e181027addc607498a13c5c1a9d03302e06ea23db3d7f1c7fb94117,0xbddc2a7690BF600E347d5eb4A9C28f9F24E55d4f-1774968947489,Equal-Sun
1785285322,2026-07-29T00:35:22+00:00,TAKER,BUY,19.230768,0.5199999813,9.999999000384639,58035209649589450660428764432956900108034827757811202897350140620661364616966,0x3e852846a89551a66b0be54ac17cb15df84204fa6062930684eb68a5486f0951,Will the highest temperature in Austin be between 98-99°F on July 29?,highest-temperature-in-austin-on-july-29-2026-98-99f,highest-temperature-in-austin-on-july-29-2026,Yes,0,0xb9b8234bec184c596adfc9e00d80521d5c44686af28d2c8f59ff4af9934e41e5,0xbddc2a7690BF600E347d5eb4A9C28f9F24E55d4f-1774968947489,Equal-Sun
1785286208,2026-07-29T00:50:08+00:00,TAKER,BUY,192.307691,0.5199999983,99.99999899307693,58035209649589450660428764432956900108034827757811202897350140620661364616966,0x3e852846a89551a66b0be54ac17cb15df84204fa6062930684eb68a5486f0951,Will the highest temperature in Austin be between 98-99°F on July 29?,highest-temperature-in-austin-on-july-29-2026-98-99f,highest-temperature-in-austin-on-july-29-2026,Yes,0,0x28ee05ca90bf21ae058f7b566f2b416ebecee0952f22a95aee73d49c77b6d0dc,0xbddc2a7690BF600E347d5eb4A9C28f9F24E55d4f-1774968947489,Equal-Sun
1785288927,2026-07-29T01:35:27+00:00,TAKER,BUY,215.349582,0.2321806178,49.99999899173176,98372670877391323511002425937066814790133611175250039691941275094684950813673,0xef0ee45bfab42770d34625ca2a0ffb07d67c056cd9bdb081569256d8668e052f,Will the highest temperature in Austin be between 96-97°F on July 29?,highest-temperature-in-austin-on-july-29-2026-96-97f,highest-temperature-in-austin-on-july-29-2026,Yes,0,0x61b7a61232318ecf0bd3eb69c2373d25fbef22d7349b535b6b78b24abdd06a56,0xbddc2a7690BF600E347d5eb4A9C28f9F24E55d4f-1774968947489,Equal-Sun
1785289868,2026-07-29T01:51:08+00:00,TAKER,BUY,21.145832,0.4729063865,9.999999000656068,8824497453295971993614083360756142302081135814549058546805302762787711678381,0x7531b88190349cca3123b0b5d0ca1ac8b24327201b814178c3e78f2cfd3206b0,Will the highest temperature in Chongqing be 37°C on July 29?,highest-temperature-in-chongqing-on-july-29-2026-37c,highest-temperature-in-chongqing-on-july-29-2026,Yes,0,0x94f617a9a814839536e28e52e81c815736d97e6d6bb303e4b1b5b3de5f19f56d,0xbddc2a7690BF600E347d5eb4A9C28f9F24E55d4f-1774968947489,Equal-Sun
1785292269,2026-07-29T02:31:09+00:00,TAKER,BUY,61.1164,0.4908666086,29.999999997841037,8824497453295971993614083360756142302081135814549058546805302762787711678381,0x7531b88190349cca3123b0b5d0ca1ac8b24327201b814178c3e78f2cfd3206b0,Will the highest temperature in Chongqing be 37°C on July 29?,highest-temperature-in-chongqing-on-july-29-2026-37c,highest-temperature-in-chongqing-on-july-29-2026,Yes,0,0xc7d755b1913c934b20eb0153a9bb14b3752c3f10783e4029e99f8a2148c7a8da,0xbddc2a7690BF600E347d5eb4A9C28f9F24E55d4f-1774968947489,Equal-Sun
1785292340,2026-07-29T02:32:20+00:00,TAKER,BUY,200.2,0.024975025,5.000000005,84054917272288886961534964799587657478260848699243224576755272585138345838258,0x9f5635aa55b9199a09f7b7d108054d9dc3b271409178c16c0511b77574904f6c,Will the highest temperature in Singapore be 30°C on July 29?,highest-temperature-in-singapore-on-july-29-2026-30c,highest-temperature-in-singapore-on-july-29-2026,Yes,0,0xefa81eb0b84be8ec37c7c5a993f224c8182496bda153457d86e994fdd4717b7e,0xbddc2a7690BF600E347d5eb4A9C28f9F24E55d4f-1774968947489,Equal-Sun
1785292611,2026-07-29T02:36:51+00:00,TAKER,BUY,408.18,0.7349487971,299.991400000278,19256736043958795892168122655261425103899340858805694418873230775950037199684,0x034816d6712f1277546fa30529e19d8afc0651a9b1e3b493c41064cef11cd41d,Will the highest temperature in Tel Aviv be 33°C on July 29?,highest-temperature-in-tel-aviv-on-july-29-2026-33c,highest-temperature-in-tel-aviv-on-july-29-2026,Yes,0,0xc2bf835f665721b461e2665a4f891d194ea2387e1be9428c1cfff02238255ae2,0xbddc2a7690BF600E347d5eb4A9C28f9F24E55d4f-1774968947489,Equal-Sun
1785296229,2026-07-29T03:37:09+00:00,TAKER,BUY,484.516128,0.6191744333,299.9999989791103,52834299035694141130876129294771000392350115936112642746081181307312281288175,0x2c45c4ccd4e20644fbbaeb14b0dbc72de16b7dc43dd7bd82a4e972a5d58a8f93,Will the highest temperature in Madrid be 39°C on July 30?,highest-temperature-in-madrid-on-july-30-2026-39c,highest-temperature-in-madrid-on-july-30-2026,Yes,0,0xd7b0da0491503f4de2c22ab5ddf7f528a7ced55fca2ca563e463832a9bc8ea90,0xbddc2a7690BF600E347d5eb4A9C28f9F24E55d4f-1774968947489,Equal-Sun
1785297131,2026-07-29T03:52:11+00:00,TAKER,BUY,159.444443,0.6271776998,99.99999900663222,86236965154139120263549341799171368725411955969773081430330172445919439719012,0x03719576ca7cdb7a66d8c7b29873271cd10e0153f6f244078c1960d72593605c,Will the highest temperature in Milan be 34°C on July 29?,highest-temperature-in-milan-on-july-29-2026-34c,highest-temperature-in-milan-on-july-29-2026,Yes,0,0x086a1e3a4bc7636d2f11e666b1cc7863c43216e6221da4f23ebb79bb4aeda31b,0xbddc2a7690BF600E347d5eb4A9C28f9F24E55d4f-1774968947489,Equal-Sun
1785297945,2026-07-29T04:05:45+00:00,TAKER,BUY,153.439391,0.6517231159,99.99999800431841,94644192918658907859043936875294807963367241908313219549214004983699157850215,0x2c46842a4fc68b3c8a94d83b40cbad537e7a7f2db34cb25791256dbeed2c6803,Will the highest temperature in Istanbul be 27°C on July 29?,highest-temperature-in-istanbul-on-july-29-2026-27c,highest-temperature-in-istanbul-on-july-29-2026,Yes,0,0xfb66ea3d4aed8a80a319bf6a452a90410416cf20ee36ed06cbfd8a07c63767ae,0xbddc2a7690BF600E347d5eb4A9C28f9F24E55d4f-1774968947489,Equal-Sun
1785300731,2026-07-29T04:52:11+00:00,TAKER,BUY,285.372393,0.7008386372,199.9999990046228,94644192918658907859043936875294807963367241908313219549214004983699157850215,0x2c46842a4fc68b3c8a94d83b40cbad537e7a7f2db34cb25791256dbeed2c6803,Will the highest temperature in Istanbul be 27°C on July 29?,highest-temperature-in-istanbul-on-july-29-2026-27c,highest-temperature-in-istanbul-on-july-29-2026,Yes,0,0xfe7e34a1b945f5c4b176ecfbe94be9c73d949909f8af05d931a4394e005201be,0xbddc2a7690BF600E347d5eb4A9C28f9F24E55d4f-1774968947489,Equal-Sun
1785300734,2026-07-29T04:52:14+00:00,TAKER,BUY,273.8216,0.7304025687,200.0000000055439,94644192918658907859043936875294807963367241908313219549214004983699157850215,0x2c46842a4fc68b3c8a94d83b40cbad537e7a7f2db34cb25791256dbeed2c6803,Will the highest temperature in Istanbul be 27°C on July 29?,highest-temperature-in-istanbul-on-july-29-2026-27c,highest-temperature-in-istanbul-on-july-29-2026,Yes,0,0x964b0cd2a7014e6a69a7f44c48908a68339dfa13f8f172c2a41b95ebeb34eba2,0xbddc2a7690BF600E347d5eb4A9C28f9F24E55d4f-1774968947489,Equal-Sun
1785301631,2026-07-29T05:07:11+00:00,TAKER,BUY,116.395347,0.4295704278,49.99999900471945,19801429900936549477166993491988748909311533863141388956372116351141710695340,0xff6f26dc4306cd67d7de62d121468a953dfe0c504ca44e3e6752c740dc1263b2,Will the highest temperature in Mexico City be 26°C on July 30?,highest-temperature-in-mexico-city-on-july-30-2026-26c,highest-temperature-in-mexico-city-on-july-30-2026,Yes,0,0x229f5830166d659fa3fef23b2d6f322cd5d8beaab30fdc0dd00952fcb68d62e1,0xbddc2a7690BF600E347d5eb4A9C28f9F24E55d4f-1774968947489,Equal-Sun
1785303731,2026-07-29T05:42:11+00:00,TAKER,BUY,231.464544,0.4320316074,99.99999900042802,19801429900936549477166993491988748909311533863141388956372116351141710695340,0xff6f26dc4306cd67d7de62d121468a953dfe0c504ca44e3e6752c740dc1263b2,Will the highest temperature in Mexico City be 26°C on July 30?,highest-temperature-in-mexico-city-on-july-30-2026-26c,highest-temperature-in-mexico-city-on-july-30-2026,Yes,0,0x930654fa183673116412d57b973b8a9801b8878392fa6dd6914183e9b89daabb,0xbddc2a7690BF600E347d5eb4A9C28f9F24E55d4f-1774968947489,Equal-Sun
1785305250,2026-07-29T06:07:30+00:00,TAKER,BUY,17.719297,0.5643564189,9.999999000345513,22629125073960650851367113931116411221781141953526601052868842727265869220820,0xcd4178baf22e190ec5e425927c45e99f9f1beccc7835daf2a90d462432d901de,Will the highest temperature in Helsinki be 24°C on July 29?,highest-temperature-in-helsinki-on-july-29-2026-24c,highest-temperature-in-helsinki-on-july-29-2026,Yes,0,0xb710b41914bea5dd5ffd70ddb16cbdf44d61c92278a9a5cab211de40d57256d7,0xbddc2a7690BF600E347d5eb4A9C28f9F24E55d4f-1774968947489,Equal-Sun
1785309272,2026-07-29T07:14:32+00:00,TAKER,BUY,8,0.62,4.96,19256736043958795892168122655261425103899340858805694418873230775950037199684,0x034816d6712f1277546fa30529e19d8afc0651a9b1e3b493c41064cef11cd41d,Will the highest temperature in Tel Aviv be 33°C on July 29?,highest-temperature-in-tel-aviv-on-july-29-2026-33c,highest-temperature-in-tel-aviv-on-july-29-2026,Yes,0,0xb31e2f42fcca4485400d87018c128e51382b07163718374fdd27cd0d1177f610,0xbddc2a7690BF600E347d5eb4A9C28f9F24E55d4f-1774968947489,Equal-Sun
1785309300,2026-07-29T07:15:00+00:00,TAKER,BUY,8,0.63,5.04,19256736043958795892168122655261425103899340858805694418873230775950037199684,0x034816d6712f1277546fa30529e19d8afc0651a9b1e3b493c41064cef11cd41d,Will the highest temperature in Tel Aviv be 33°C on July 29?,highest-temperature-in-tel-aviv-on-july-29-2026-33c,highest-temperature-in-tel-aviv-on-july-29-2026,Yes,0,0x423e6f466127fc1b1b35ccb79485ca29766d63a4e0c07a9a04813d84985ca184,0xbddc2a7690BF600E347d5eb4A9C28f9F24E55d4f-1774968947489,Equal-Sun
1785309390,2026-07-29T07:16:30+00:00,TAKER,BUY,37.570713,0.2661647385,9.99999900090355,111778521317762130204542620883355560741395485017570348824448069228591449138263,0x81aa06c8ada503938297b8eaeb2683bf1066189ee9fbf8bd85eb3457e24434dc,Will the highest temperature in Paris be 37°C on July 29?,highest-temperature-in-paris-on-july-29-2026-37c,highest-temperature-in-paris-on-july-29-2026,Yes,0,0xcd274a233ec0663ba1a18f3424c8fbff967660c2b0299f9aaf1e8edc9c3df778,0xbddc2a7690BF600E347d5eb4A9C28f9F24E55d4f-1774968947489,Equal-Sun
1785313751,2026-07-29T08:29:11+00:00,TAKER,SELL,156.73,0.0891399222,13.970900006406,111778521317762130204542620883355560741395485017570348824448069228591449138263,0x81aa06c8ada503938297b8eaeb2683bf1066189ee9fbf8bd85eb3457e24434dc,Will the highest temperature in Paris be 37°C on July 29?,highest-temperature-in-paris-on-july-29-2026-37c,highest-temperature-in-paris-on-july-29-2026,Yes,0,0xc4df5886479c15764376585cec09f8ce144ef636bd246f6b1a0bcbd9a2812d0a,0xbddc2a7690BF600E347d5eb4A9C28f9F24E55d4f-1774968947489,Equal-Sun
1785313754,2026-07-29T08:29:14+00:00,TAKER,SELL,108.69,0.2940169289,31.956700002140998,112740864321647474729339570682296273831856450890487599383866899586356535667467,0x188194ad064492ad2bf3ffdd424ecb1d4b8fe6725912b6842df00821da5256c5,Will the highest temperature in Munich be 33°C on July 29?,highest-temperature-in-munich-on-july-29-2026-33c,highest-temperature-in-munich-on-july-29-2026,Yes,0,0xc2ab1cd60218e0caae5f6ac89a2520df53fcbbed7e8dc45fb801d73ba5cc0d57,0xbddc2a7690BF600E347d5eb4A9C28f9F24E55d4f-1774968947489,Equal-Sun
1785317928,2026-07-29T09:38:48+00:00,TAKER,BUY,111.265776,0.4493744689,49.99999899674636,72383556515938605726106637885527993320769823277822471003818376411811642325086,0xb024a7f38a3da5244fd5df6d766b0d49a02677949ef685e2ebd75a649a104334,Will the highest temperature in Shanghai be 36°C on July 30?,highest-temperature-in-shanghai-on-july-30-2026-36c,highest-temperature-in-shanghai-on-july-30-2026,Yes,0,0x97f61b328cb171bdd6b9893cc8c9b85e0367babb6c60e2d3283fea365fb6bc6e,0xbddc2a7690BF600E347d5eb4A9C28f9F24E55d4f-1774968947489,Equal-Sun
1785318831,2026-07-29T09:53:51+00:00,TAKER,BUY,222.333332,0.4497751106,99.99999899036654,16489642801139911856187365931795107871628576330945144415559502122470703021436,0x7f9cc959052e5f1570267ac350ecfbb0fea836605c4373faf88ff8c7ad621f8b,Will the highest temperature in Singapore be 31°C on July 30?,highest-temperature-in-singapore-on-july-30-2026-31c,highest-temperature-in-singapore-on-july-30-2026,Yes,0,0xab38c2a7cd3fd43bbb22ec25cdf565e7e35ca0d9b6fbba36b909b5b7a515f95d,0xbddc2a7690BF600E347d5eb4A9C28f9F24E55d4f-1774968947489,Equal-Sun
1785320633,2026-07-29T10:23:53+00:00,TAKER,BUY,20.833332,0.4799999827,9.999998999583356,5378632730938508312051926905351427951505521926841431855314414272704801241026,0x8d869cdcbedb234df3cd0237081eedec82a04aaf1af39712b9ddd652e09ff1cb,Will the highest temperature in Denver be between 92-93°F on July 29?,highest-temperature-in-denver-on-july-29-2026-92-93f,highest-temperature-in-denver-on-july-29-2026,Yes,0,0x4f358a46983f6096e7a62fbecffaa2fa45bc5d50576a10621f832a5a32c687ed,0xbddc2a7690BF600E347d5eb4A9C28f9F24E55d4f-1774968947489,Equal-Sun
1785324260,2026-07-29T11:24:20+00:00,TAKER,BUY,259.86,0.6471653968,168.172400012448,68718544928737383217517071773782287737950218107339134021826759408667733692453,0x34e4b73285cc79e30f3767c79cbee1ce61479646bbd2446869d70b4d1642869d,Will the highest temperature in Paris be 38°C on July 29?,highest-temperature-in-paris-on-july-29-2026-38c,highest-temperature-in-paris-on-july-29-2026,Yes,0,0xf83a4120091976e79fa182c13d8527ed4ec05128764787a8f0250322b8ef3c08,0xbddc2a7690BF600E347d5eb4A9C28f9F24E55d4f-1774968947489,Equal-Sun
1785325164,2026-07-29T11:39:24+00:00,TAKER,BUY,47.22,0.6740787802,31.830000001044,68718544928737383217517071773782287737950218107339134021826759408667733692453,0x34e4b73285cc79e30f3767c79cbee1ce61479646bbd2446869d70b4d1642869d,Will the highest temperature in Paris be 38°C on July 29?,highest-temperature-in-paris-on-july-29-2026-38c,highest-temperature-in-paris-on-july-29-2026,Yes,0,0xe6c1644ea022efb1f0b313bf89b7a0c2728e54ca260704ba6a276fc3a4d6c91d,0xbddc2a7690BF600E347d5eb4A9C28f9F24E55d4f-1774968947489,Equal-Sun
1785327903,2026-07-29T12:25:03+00:00,TAKER,BUY,195.769229,0.2554027477,49.99999900171052,19901572542695634253290358234425784220135656696970067199459170251693927096742,0x0d089803711a75f3ad3bc4aa6d5c9ff2e24d8b9016bcbfa33328a85f38fbec3e,Will the highest temperature in Busan be 39°C on July 31?,highest-temperature-in-busan-on-july-31-2026-39c,highest-temperature-in-busan-on-july-31-2026,Yes,0,0x9cf66c9198df246850e700dbc271e9eaab6a91039cacafc6a499e27795f7f0ca,0xbddc2a7690BF600E347d5eb4A9C28f9F24E55d4f-1774968947489,Equal-Sun
1785328833,2026-07-29T12:40:33+00:00,TAKER,BUY,17.192966,0.5816330934,9.999997999301025,68718544928737383217517071773782287737950218107339134021826759408667733692453,0x34e4b73285cc79e30f3767c79cbee1ce61479646bbd2446869d70b4d1642869d,Will the highest temperature in Paris be 38°C on July 29?,highest-temperature-in-paris-on-july-29-2026-38c,highest-temperature-in-paris-on-july-29-2026,Yes,0,0x0a510513636ac28169bfb781375bfe9de9fd8724e8a08e8e8650af6a4498acfc,0xbddc2a7690BF600E347d5eb4A9C28f9F24E55d4f-1774968947489,Equal-Sun
1785328868,2026-07-29T12:41:08+00:00,TAKER,BUY,104.166665,0.4799999981,49.999999002083335,5378632730938508312051926905351427951505521926841431855314414272704801241026,0x8d869cdcbedb234df3cd0237081eedec82a04aaf1af39712b9ddd652e09ff1cb,Will the highest temperature in Denver be between 92-93°F on July 29?,highest-temperature-in-denver-on-july-29-2026-92-93f,highest-temperature-in-denver-on-july-29-2026,Yes,0,0xcdc6a1e0487a4e675e885cefc5cf8664708c29aaaf870d41f4128ec34a124d0a,0xbddc2a7690BF600E347d5eb4A9C28f9F24E55d4f-1774968947489,Equal-Sun
1785329733,2026-07-29T12:55:33+00:00,TAKER,BUY,771.959,0.259081117,199.999999998203,36249546286443208011083592003271359081575663967978233891754985349967003571426,0x1144952430ee4be88a4f04930b22354652132cbc1f051d7349903a12f668ee60,Will the highest temperature in Istanbul be 25°C on July 30?,highest-temperature-in-istanbul-on-july-30-2026-25c,highest-temperature-in-istanbul-on-july-30-2026,Yes,0,0x8826e574d419cab7a1904ed100822ad06dc67448f278e65aa5b06a038147e304,0xbddc2a7690BF600E347d5eb4A9C28f9F24E55d4f-1774968947489,Equal-Sun
1785330960,2026-07-29T13:16:00+00:00,TAKER,BUY,17.543858,0.5699999966,9.999999000350883,68718544928737383217517071773782287737950218107339134021826759408667733692453,0x34e4b73285cc79e30f3767c79cbee1ce61479646bbd2446869d70b4d1642869d,Will the highest temperature in Paris be 38°C on July 29?,highest-temperature-in-paris-on-july-29-2026-38c,highest-temperature-in-paris-on-july-29-2026,Yes,0,0xcc16957951a5433bddc0f40d53e13bb0b10dfffdf6e5404c69d473bd2ec29602,0xbddc2a7690BF600E347d5eb4A9C28f9F24E55d4f-1774968947489,Equal-Sun
1785332469,2026-07-29T13:41:09+00:00,TAKER,BUY,119.047618,0.4199999953,49.999999000476194,84614087306496951078700280080059316405378136245878187028222987614702007521463,0x0db68389519376349c25b967bbff44260bba8bc1241554748c21c93ddb913026,Will the highest temperature in Beijing be 35°C on July 30?,highest-temperature-in-beijing-on-july-30-2026-35c,highest-temperature-in-beijing-on-july-30-2026,Yes,0,0x8755ff66f712e6f482cd7e6eaaac8473779c2829ddb2be1fcbdd8840022b77d2,0xbddc2a7690BF600E347d5eb4A9C28f9F24E55d4f-1774968947489,Equal-Sun
1785335210,2026-07-29T14:26:50+00:00,TAKER,BUY,200,0.25,50.0,112318799279180078202322738207239364104144531634898462657192120514103223610523,0x41591126808a16ad403e1e28f744ba7c49d0be936411a94d98074a37628ed8d0,Will the highest temperature in Munich be 37°C on July 31?,highest-temperature-in-munich-on-july-31-2026-37c,highest-temperature-in-munich-on-july-31-2026,Yes,0,0x341f14e3dc5909eb118d37626f98655aa37c40d4c731a730ccfa4f02d7985f7e,0xbddc2a7690BF600E347d5eb4A9C28f9F24E55d4f-1774968947489,Equal-Sun
1785338564,2026-07-29T15:22:44+00:00,TAKER,SELL,222.33,0.3621809922,80.52369999582601,16489642801139911856187365931795107871628576330945144415559502122470703021436,0x7f9cc959052e5f1570267ac350ecfbb0fea836605c4373faf88ff8c7ad621f8b,Will the highest temperature in Singapore be 31°C on July 30?,highest-temperature-in-singapore-on-july-30-2026-31c,highest-temperature-in-singapore-on-july-30-2026,Yes,0,0x2ed28e03bc7eb5dc7d575b5fe31c620b635bf2d73a283e8400bb8f19ca6b7c94,0xbddc2a7690BF600E347d5eb4A9C28f9F24E55d4f-1774968947489,Equal-Sun
1785338861,2026-07-29T15:27:41+00:00,TAKER,BUY,500.333332,0.5996002661,299.9999990058996,52834299035694141130876129294771000392350115936112642746081181307312281288175,0x2c45c4ccd4e20644fbbaeb14b0dbc72de16b7dc43dd7bd82a4e972a5d58a8f93,Will the highest temperature in Madrid be 39°C on July 30?,highest-temperature-in-madrid-on-july-30-2026-39c,highest-temperature-in-madrid-on-july-30-2026,Yes,0,0xbe3b4ab0865ca07c9191041bc37928a59d31ee78573a3acfff385fd2ad677bfb,0xbddc2a7690BF600E347d5eb4A9C28f9F24E55d4f-1774968947489,Equal-Sun
1785339767,2026-07-29T15:42:47+00:00,TAKER,BUY,122.682925,0.4075546699,49.999999000741454,71806956721267380324749920936346081950705988320131750637972759090985608726533,0xa20bc60fbcbc535d4ba6df38665cd22a02963eb9bc0ac50cbf57662bc8297467,Will the highest temperature in Los Angeles be between 78-79°F on July 30?,highest-temperature-in-los-angeles-on-july-30-2026-78-79f,highest-temperature-in-los-angeles-on-july-30-2026,Yes,0,0xa5285a3415ec8280334770a326a694180ab5eb07967e59e14c0018628ef1e3e8,0xbddc2a7690BF600E347d5eb4A9C28f9F24E55d4f-1774968947489,Equal-Sun
1785340727,2026-07-29T15:58:47+00:00,MAKER,SELL,75,0.998,74.85,94644192918658907859043936875294807963367241908313219549214004983699157850215,0x2c46842a4fc68b3c8a94d83b40cbad537e7a7f2db34cb25791256dbeed2c6803,Will the highest temperature in Istanbul be 27°C on July 29?,highest-temperature-in-istanbul-on-july-29-2026-27c,highest-temperature-in-istanbul-on-july-29-2026,Yes,0,0x69b7176fd4cb0d4394ccfd445580bee9f1715fad06920dea9d3f5856c515f438,0xbddc2a7690BF600E347d5eb4A9C28f9F24E55d4f-1774968947489,Equal-Sun
1785340749,2026-07-29T15:59:09+00:00,TAKER,SELL,293.98,0.999,293.68602000000004,19256736043958795892168122655261425103899340858805694418873230775950037199684,0x034816d6712f1277546fa30529e19d8afc0651a9b1e3b493c41064cef11cd41d,Will the highest temperature in Tel Aviv be 33°C on July 29?,highest-temperature-in-tel-aviv-on-july-29-2026-33c,highest-temperature-in-tel-aviv-on-july-29-2026,Yes,0,0xb8fb2f72fefa22f0874686409ebf2c9b580573b100fb6b95310fd7ed440d6c0f,0xbddc2a7690BF600E347d5eb4A9C28f9F24E55d4f-1774968947489,Equal-Sun
1785340757,2026-07-29T15:59:17+00:00,MAKER,SELL,25.050099,0.997999968,24.999998000396833,19256736043958795892168122655261425103899340858805694418873230775950037199684,0x034816d6712f1277546fa30529e19d8afc0651a9b1e3b493c41064cef11cd41d,Will the highest temperature in Tel Aviv be 33°C on July 29?,highest-temperature-in-tel-aviv-on-july-29-2026-33c,highest-temperature-in-tel-aviv-on-july-29-2026,Yes,0,0xd86085b9c9da56e5e0605b621e7993c5ffa7bce05a8760b3fd440ec84e93a55f,0xbddc2a7690BF600E347d5eb4A9C28f9F24E55d4f-1774968947489,Equal-Sun
1785340760,2026-07-29T15:59:20+00:00,MAKER,SELL,25.050099,0.997999968,24.999998000396833,19256736043958795892168122655261425103899340858805694418873230775950037199684,0x034816d6712f1277546fa30529e19d8afc0651a9b1e3b493c41064cef11cd41d,Will the highest temperature in Tel Aviv be 33°C on July 29?,highest-temperature-in-tel-aviv-on-july-29-2026-33c,highest-temperature-in-tel-aviv-on-july-29-2026,Yes,0,0x09442fa757dd4b07b94c8a2321edc6e3c33d72e647f0ba57abf9637b14e8ec79,0xbddc2a7690BF600E347d5eb4A9C28f9F24E55d4f-1774968947489,Equal-Sun
1785340782,2026-07-29T15:59:42+00:00,MAKER,SELL,375.37,0.998,374.61926,19256736043958795892168122655261425103899340858805694418873230775950037199684,0x034816d6712f1277546fa30529e19d8afc0651a9b1e3b493c41064cef11cd41d,Will the highest temperature in Tel Aviv be 33°C on July 29?,highest-temperature-in-tel-aviv-on-july-29-2026-33c,highest-temperature-in-tel-aviv-on-july-29-2026,Yes,0,0x19806fac4051dd8bedaec36f4ac412cee80cd8109c33810d534686075e890d9d,0xbddc2a7690BF600E347d5eb4A9C28f9F24E55d4f-1774968947489,Equal-Sun
1785341030,2026-07-29T16:03:50+00:00,MAKER,SELL,36.22,0.998,36.14756,19256736043958795892168122655261425103899340858805694418873230775950037199684,0x034816d6712f1277546fa30529e19d8afc0651a9b1e3b493c41064cef11cd41d,Will the highest temperature in Tel Aviv be 33°C on July 29?,highest-temperature-in-tel-aviv-on-july-29-2026-33c,highest-temperature-in-tel-aviv-on-july-29-2026,Yes,0,0x44358c28d3b19e9a17213526f93da8885c02bb208491be788f46ea45272a0173,0xbddc2a7690BF600E347d5eb4A9C28f9F24E55d4f-1774968947489,Equal-Sun
1785341423,2026-07-29T16:10:23+00:00,MAKER,SELL,88.032063,0.9979999901,87.85599800248256,94644192918658907859043936875294807963367241908313219549214004983699157850215,0x2c46842a4fc68b3c8a94d83b40cbad537e7a7f2db34cb25791256dbeed2c6803,Will the highest temperature in Istanbul be 27°C on July 29?,highest-temperature-in-istanbul-on-july-29-2026-27c,highest-temperature-in-istanbul-on-july-29-2026,Yes,0,0x989db1a3c513938d598dc83f1bdd4b55bd248d5378aae2476bf3274da41f9415,0xbddc2a7690BF600E347d5eb4A9C28f9F24E55d4f-1774968947489,Equal-Sun
1785342318,2026-07-29T16:25:18+00:00,MAKER,SELL,177.886772,0.9979999974,177.5309979934944,94644192918658907859043936875294807963367241908313219549214004983699157850215,0x2c46842a4fc68b3c8a94d83b40cbad537e7a7f2db34cb25791256dbeed2c6803,Will the highest temperature in Istanbul be 27°C on July 29?,highest-temperature-in-istanbul-on-july-29-2026-27c,highest-temperature-in-istanbul-on-july-29-2026,Yes,0,0x8b3ba1ef84369904d9122c9f39f23fbcd0d82412ac2e4fe4576dacdaf7c019fa,0xbddc2a7690BF600E347d5eb4A9C28f9F24E55d4f-1774968947489,Equal-Sun
1785342417,2026-07-29T16:26:57+00:00,MAKER,SELL,375.37,0.998,374.61926,94644192918658907859043936875294807963367241908313219549214004983699157850215,0x2c46842a4fc68b3c8a94d83b40cbad537e7a7f2db34cb25791256dbeed2c6803,Will the highest temperature in Istanbul be 27°C on July 29?,highest-temperature-in-istanbul-on-july-29-2026-27c,highest-temperature-in-istanbul-on-july-29-2026,Yes,0,0x2a5588d444626a244ae8c2280b76ddd20175acb8775baf3b065ee3b4f8780d88,0xbddc2a7690BF600E347d5eb4A9C28f9F24E55d4f-1774968947489,Equal-Sun
1785342426,2026-07-29T16:27:06+00:00,MAKER,SELL,182.83,0.998,182.46434000000002,94644192918658907859043936875294807963367241908313219549214004983699157850215,0x2c46842a4fc68b3c8a94d83b40cbad537e7a7f2db34cb25791256dbeed2c6803,Will the highest temperature in Istanbul be 27°C on July 29?,highest-temperature-in-istanbul-on-july-29-2026-27c,highest-temperature-in-istanbul-on-july-29-2026,Yes,0,0xf84ac40b754e769e2c5274cd5fc839ea516f159fba1b08a66f41fbfd222b3c12,0xbddc2a7690BF600E347d5eb4A9C28f9F24E55d4f-1774968947489,Equal-Sun
1785344831,2026-07-29T17:07:11+00:00,TAKER,BUY,28,0.41,11.479999999999999,5378632730938508312051926905351427951505521926841431855314414272704801241026,0x8d869cdcbedb234df3cd0237081eedec82a04aaf1af39712b9ddd652e09ff1cb,Will the highest temperature in Denver be between 92-93°F on July 29?,highest-temperature-in-denver-on-july-29-2026-92-93f,highest-temperature-in-denver-on-july-29-2026,Yes,0,0xdf6d6329dadffdbcafbc32052cbd26ebff514834f0c0fe40478c322a9fc9fbf6,0xbddc2a7690BF600E347d5eb4A9C28f9F24E55d4f-1774968947489,Equal-Sun
1785345254,2026-07-29T17:14:14+00:00,TAKER,BUY,79.365078,0.6299999982,49.99999899714285,22676379158299596391003026278776816149196327123797849915080757228744938514250,0xb0abbcd0ad502426456f6cf1cc553ad4d93a78a0f7356d940f0e418f8ef0c92c,Will the highest temperature in Seattle be between 76-77°F on July 29?,highest-temperature-in-seattle-on-july-29-2026-76-77f,highest-temperature-in-seattle-on-july-29-2026,Yes,0,0x528d45a3dfbe093c861612cfac4e5c3cd0f5c14b945d878cb8f68cadfc43d204,0xbddc2a7690BF600E347d5eb4A9C28f9F24E55d4f-1774968947489,Equal-Sun
1785349848,2026-07-29T18:30:48+00:00,TAKER,BUY,856.9768,0.2333785465,199.9999999682212,110612698036958130878941652397460719081595570702160371595790843040502017802614,0x338c18b2c5ba40786bf735c18ce2b08e491f678499da6e43c1d6d043343db818,Will the highest temperature in Tel Aviv be 33°C on July 31?,highest-temperature-in-tel-aviv-on-july-31-2026-33c,highest-temperature-in-tel-aviv-on-july-31-2026,Yes,0,0xb5b2356b12f48a7b7068fa805e5abdd8ede663da42ca59dee56475d3a72fc997,0xbddc2a7690BF600E347d5eb4A9C28f9F24E55d4f-1774968947489,Equal-Sun
1785359781,2026-07-29T21:16:21+00:00,TAKER,BUY,211.030415,0.2369326668,49.99999900186072,63608199143832400348098548362147659492316676870919241320131329540816156481109,0x5bec88a69f314edbd242880c56149b4edbc66561b479f8a82a0b0f01bdd9af50,Will the highest temperature in Taipei be 36°C on July 30?,highest-temperature-in-taipei-on-july-30-2026-36c,highest-temperature-in-taipei-on-july-30-2026,Yes,0,0x953ae9b2b3ca2e996e667966cb341c62c44783141cc2e8d36cc6b96bf478f0cb,0xbddc2a7690BF600E347d5eb4A9C28f9F24E55d4f-1774968947489,Equal-Sun
1785366158,2026-07-29T23:02:38+00:00,TAKER,BUY,138.521864,0.7219076838,99.99999799589861,52834299035694141130876129294771000392350115936112642746081181307312281288175,0x2c45c4ccd4e20644fbbaeb14b0dbc72de16b7dc43dd7bd82a4e972a5d58a8f93,Will the highest temperature in Madrid be 39°C on July 30?,highest-temperature-in-madrid-on-july-30-2026-39c,highest-temperature-in-madrid-on-july-30-2026,Yes,0,0x1b8af98dbd4a1a20d2005caa60df018560e6a074431162339ce89bfd7b23694c,0xbddc2a7690BF600E347d5eb4A9C28f9F24E55d4f-1774968947489,Equal-Sun
1785371622,2026-07-30T00:33:42+00:00,TAKER,BUY,178.571427,0.5599999993,99.999998995,39032677653144734057363913819474808422011760681306391714436019399049664756699,0xbb8172b3bd44547c17e3971e8687af925bbe54f6a72c74398966205fe5495576,Will the highest temperature in Austin be between 98-99°F on July 30?,highest-temperature-in-austin-on-july-30-2026-98-99f,highest-temperature-in-austin-on-july-30-2026,Yes,0,0x928e100220134407ab4ede82079af6513641dc8c48121567bcab0b9de715d4ff,0xbddc2a7690BF600E347d5eb4A9C28f9F24E55d4f-1774968947489,Equal-Sun
1785372524,2026-07-30T00:48:44+00:00,TAKER,BUY,416.666665,0.4799999995,199.99999899166667,56282919432807449024574114778913453393527852798681970229608028815016842462070,0x25808fee889c41ebf38c22e84177f5e5636f105c32101622f331ba280bfb1258,Will the highest temperature in Istanbul be 26°C on July 31?,highest-temperature-in-istanbul-on-july-31-2026-26c,highest-temperature-in-istanbul-on-july-31-2026,Yes,0,0x15816dcf5366168fc38fabe240ce447bc8e895bb7ee4ee25db40fd83509e8978,0xbddc2a7690BF600E347d5eb4A9C28f9F24E55d4f-1774968947489,Equal-Sun
1785373389,2026-07-30T01:03:09+00:00,TAKER,SELL,350.46,0.21,73.5966,36249546286443208011083592003271359081575663967978233891754985349967003571426,0x1144952430ee4be88a4f04930b22354652132cbc1f051d7349903a12f668ee60,Will the highest temperature in Istanbul be 25°C on July 30?,highest-temperature-in-istanbul-on-july-30-2026-25c,highest-temperature-in-istanbul-on-july-30-2026,Yes,0,0x4f0f757b68b0187efaddff2725a274ab38bc6445574171b60aaeac6c5eeef657,0xbddc2a7690BF600E347d5eb4A9C28f9F24E55d4f-1774968947489,Equal-Sun
1785373392,2026-07-30T01:03:12+00:00,MAKER,SELL,35.51,0.21,7.4571,36249546286443208011083592003271359081575663967978233891754985349967003571426,0x1144952430ee4be88a4f04930b22354652132cbc1f051d7349903a12f668ee60,Will the highest temperature in Istanbul be 25°C on July 30?,highest-temperature-in-istanbul-on-july-30-2026-25c,highest-temperature-in-istanbul-on-july-30-2026,Yes,0,0x575fb897e9d09e7a06fe8feec5f1155d42ff942fd4c9634e15badb575ce64ab8,0xbddc2a7690BF600E347d5eb4A9C28f9F24E55d4f-1774968947489,Equal-Sun
1785373452,2026-07-30T01:04:12+00:00,TAKER,SELL,428.48,0.1624411875,69.60280002,110612698036958130878941652397460719081595570702160371595790843040502017802614,0x338c18b2c5ba40786bf735c18ce2b08e491f678499da6e43c1d6d043343db818,Will the highest temperature in Tel Aviv be 33°C on July 31?,highest-temperature-in-tel-aviv-on-july-31-2026-33c,highest-temperature-in-tel-aviv-on-july-31-2026,Yes,0,0x2c281345dfea87629d4d107717dd33f57663c5dccd45400e5d9f003e0e221bf7,0xbddc2a7690BF600E347d5eb4A9C28f9F24E55d4f-1774968947489,Equal-Sun
1785375254,2026-07-30T01:34:14+00:00,TAKER,BUY,240.238094,0.2081268552,49.99999900346199,8351960311405998438197923840063858997080795175749255977273351469988588531625,0xa2183510440af6159e40daeaebe4962cf7fc26f3868b0b8bd07d716700698d91,Will the highest temperature in Qingdao be 36°C on July 31?,highest-temperature-in-qingdao-on-july-31-2026-36c,highest-temperature-in-qingdao-on-july-31-2026,Yes,0,0x0dfe39bbddff55fbd4d885aaa9da69165527b62d5a2fb3e43e3b1fa655d5d969,0xbddc2a7690BF600E347d5eb4A9C28f9F24E55d4f-1774968947489,Equal-Sun
1785382614,2026-07-30T03:36:54+00:00,TAKER,BUY,660.766303,0.4540183082,299.9999990036286,48670841950780178122144351355401936902775872647756593826722100442528208097067,0x77a02451acbca31b3e530ac7c85950e05da8248eb400f85c4df1242b2964a5bf,Will the highest temperature in Madrid be 37°C on July 31?,highest-temperature-in-madrid-on-july-31-2026-37c,highest-temperature-in-madrid-on-july-31-2026,Yes,0,0x8bc2207a043125761f6b52e0061f888d8b02359d637e175f391a4892a6d19de1,0xbddc2a7690BF600E347d5eb4A9C28f9F24E55d4f-1774968947489,Equal-Sun
1785383531,2026-07-30T03:52:11+00:00,TAKER,BUY,217.391303,0.4599999983,99.99999901043478,16450179201486224967352430622845409718133983240028212495933478982639925861330,0xa71662436b6e74c4cc9b2e0cd70268ea5fdbe6d0a4898c16be42bb560d1379ce,Will the highest temperature in Milan be 36°C on July 30?,highest-temperature-in-milan-on-july-30-2026-36c,highest-temperature-in-milan-on-july-30-2026,Yes,0,0xbdad49e3b13227e0d6c7e433539c06e4597fe18926862948dce572625a02481d,0xbddc2a7690BF600E347d5eb4A9C28f9F24E55d4f-1774968947489,Equal-Sun
1785386657,2026-07-30T04:44:17+00:00,TAKER,BUY,30.849443,0.1620774482,4.9999989998313525,63608199143832400348098548362147659492316676870919241320131329540816156481109,0x5bec88a69f314edbd242880c56149b4edbc66561b479f8a82a0b0f01bdd9af50,Will the highest temperature in Taipei be 36°C on July 30?,highest-temperature-in-taipei-on-july-30-2026-36c,highest-temperature-in-taipei-on-july-30-2026,Yes,0,0x220016f0f8be089a765b9c596e523e1bca904375cdca4871d4fc923f7409d060,0xbddc2a7690BF600E347d5eb4A9C28f9F24E55d4f-1774968947489,Equal-Sun
1785386712,2026-07-30T04:45:12+00:00,TAKER,SELL,325.98,0.81,264.04380000000003,52834299035694141130876129294771000392350115936112642746081181307312281288175,0x2c45c4ccd4e20644fbbaeb14b0dbc72de16b7dc43dd7bd82a4e972a5d58a8f93,Will the highest temperature in Madrid be 39°C on July 30?,highest-temperature-in-madrid-on-july-30-2026-39c,highest-temperature-in-madrid-on-july-30-2026,Yes,0,0x56d30f601469ddf64fb2341539302ca736c29f06a6573ab8ba7cfaea44896e0e,0xbddc2a7690BF600E347d5eb4A9C28f9F24E55d4f-1774968947489,Equal-Sun
1785387131,2026-07-30T04:52:11+00:00,TAKER,BUY,194.614614,0.5138360216,99.99999900297965,95304612786336841590048662669646325268550487597210749319138655548701569660013,0xafa8db949126b73007395030866909c0f017f4c9e2410d3e0d7e15762c309980,Will the highest temperature in Denver be between 92-93°F on July 30?,highest-temperature-in-denver-on-july-30-2026-92-93f,highest-temperature-in-denver-on-july-30-2026,Yes,0,0xb4ae1ac457bdfe789dca9c690831b3ef109ab3ff0acfdff07c7834bca01652e7,0xbddc2a7690BF600E347d5eb4A9C28f9F24E55d4f-1774968947489,Equal-Sun
1785387384,2026-07-30T04:56:24+00:00,TAKER,SELL,385.98,0.1144603347,44.179399987506,36249546286443208011083592003271359081575663967978233891754985349967003571426,0x1144952430ee4be88a4f04930b22354652132cbc1f051d7349903a12f668ee60,Will the highest temperature in Istanbul be 25°C on July 30?,highest-temperature-in-istanbul-on-july-30-2026-25c,highest-temperature-in-istanbul-on-july-30-2026,Yes,0,0xfe66a54635660a6ba1d1aa4ed2b8d9d1d83dc3950fd994bdacf0f6b47e6b0518,0xbddc2a7690BF600E347d5eb4A9C28f9F24E55d4f-1774968947489,Equal-Sun
1785387402,2026-07-30T04:56:42+00:00,TAKER,SELL,428.49,0.1496851735,64.13859999301499,110612698036958130878941652397460719081595570702160371595790843040502017802614,0x338c18b2c5ba40786bf735c18ce2b08e491f678499da6e43c1d6d043343db818,Will the highest temperature in Tel Aviv be 33°C on July 31?,highest-temperature-in-tel-aviv-on-july-31-2026-33c,highest-temperature-in-tel-aviv-on-july-31-2026,Yes,0,0xfb4776a21ffe473c2a7292e711a377811fc81966035c242be336f9589c61bb71,0xbddc2a7690BF600E347d5eb4A9C28f9F24E55d4f-1774968947489,Equal-Sun
1785388031,2026-07-30T05:07:11+00:00,TAKER,BUY,462.366135,0.4325576288,199.99999899302068,87197930951836413490410804748691215014405350866361127371945593115670155296099,0x202f06f46b296c8a94b6072ee58d11715dc0510e90eeda71c4f753d02d32b481,Will the highest temperature in Wellington be 13°C on July 31?,highest-temperature-in-wellington-on-july-31-2026-13c,highest-temperature-in-wellington-on-july-31-2026,Yes,0,0x26612bfcda75ab217712a4cc76dd9cecb66d4aaf1cdfe43ac38f6be4d3932363,0xbddc2a7690BF600E347d5eb4A9C28f9F24E55d4f-1774968947489,Equal-Sun
1785388032,2026-07-30T05:07:12+00:00,TAKER,BUY,104.166665,0.4799999981,49.999999002083335,38140868728287229649853329859156909386515085338386148366625155225113850798091,0x88baaabb45971bf21c5e16a22ea4a44248860fb93f42b96085bf665544e8d8b5,Will the highest temperature in Mexico City be 26°C on July 31?,highest-temperature-in-mexico-city-on-july-31-2026-26c,highest-temperature-in-mexico-city-on-july-31-2026,Yes,0,0x88603385da5e63603f73d9a950077767a3633a3397b013c1e2fcc597372eb28e,0xbddc2a7690BF600E347d5eb4A9C28f9F24E55d4f-1774968947489,Equal-Sun
1785388932,2026-07-30T05:22:12+00:00,TAKER,BUY,191.809621,0.5213502768,99.99999900125309,21333052505147145195312567055444077602833727120465938291953068271844140350680,0xab5f7fd411b91b4196817c3ab85feeda14e854fc72ee651da79b2af42f6d5b87,Will the highest temperature in Paris be 30°C on July 31?,highest-temperature-in-paris-on-july-31-2026-30c,highest-temperature-in-paris-on-july-31-2026,Yes,0,0xf86e950a39007c7c10ae77cd094305bfd1aba8c44e7f0fe8e798820c5ffb2bb4,0xbddc2a7690BF600E347d5eb4A9C28f9F24E55d4f-1774968947489,Equal-Sun
1785388934,2026-07-30T05:22:14+00:00,TAKER,BUY,353.4,0.2037283531,71.99759998553999,72484207517629709807549244667008894612568660871684539996773949695502230220261,0x4287e25931c0d92eefc7f3c3ae93037f2417f3a115459c5a18a616517167baf7,Will the highest temperature in Austin be between 96-97°F on July 31?,highest-temperature-in-austin-on-july-31-2026-96-97f,highest-temperature-in-austin-on-july-31-2026,Yes,0,0xe1e23ca95a8d5a9f8e4d6ccd1ba0de1b8f248a8c86d095cf8ab358d0353a7773,0xbddc2a7690BF600E347d5eb4A9C28f9F24E55d4f-1774968947489,Equal-Sun
1785389835,2026-07-30T05:37:15+00:00,TAKER,BUY,140,0.2,28.0,72484207517629709807549244667008894612568660871684539996773949695502230220261,0x4287e25931c0d92eefc7f3c3ae93037f2417f3a115459c5a18a616517167baf7,Will the highest temperature in Austin be between 96-97°F on July 31?,highest-temperature-in-austin-on-july-31-2026-96-97f,highest-temperature-in-austin-on-july-31-2026,Yes,0,0xac2f70a60179c823f07a1d065d8b86c46907e64e6c9fc5dd2fb52a9272ed0914,0xbddc2a7690BF600E347d5eb4A9C28f9F24E55d4f-1774968947489,Equal-Sun
1785391652,2026-07-30T06:07:32+00:00,TAKER,BUY,20.612243,0.485148511,9.999998999820173,81611031309970140342161038928538126339023424516029402578471070907511384656463,0xba1fc365b66ca84ea09addcebe199e11d3c82aaa6550b78c5cabac3367ee71a7,Will the highest temperature in Helsinki be 24°C on July 30?,highest-temperature-in-helsinki-on-july-30-2026-24c,highest-temperature-in-helsinki-on-july-30-2026,Yes,0,0xb6fe4f7490c88cb42b7fe9305acdad7e2ef3d9dab10ef3e2978102ca0ddaca99,0xbddc2a7690BF600E347d5eb4A9C28f9F24E55d4f-1774968947489,Equal-Sun
1785399786,2026-07-30T08:23:06+00:00,TAKER,BUY,188.148147,0.2657480278,49.999998999474485,108256110921535141674092801763943772944803360854908137858609026839823946930693,0x01ae6b3a3b5b80da82ebbd7a9b5c0ca389c8bd79703b50a5c663fd1628102cc6,Will the highest temperature in Warsaw be 35°C on July 31?,highest-temperature-in-warsaw-on-july-31-2026-35c,highest-temperature-in-warsaw-on-july-31-2026,Yes,0,0xebcc4302fd1a9a536d4ea5d645416237ad29c261786c0c49283b6ec9dd688599,0xbddc2a7690BF600E347d5eb4A9C28f9F24E55d4f-1774968947489,Equal-Sun
1785404325,2026-07-30T09:38:45+00:00,TAKER,BUY,119.047618,0.4199999953,49.999999000476194,115423065463800131932030206937787397611895337744792390192993549817254077642798,0xf945200845d130ee6f2f643ed52400a7cd8ec731ac8200a671440732a48cd749,Will the highest temperature in Shanghai be 36°C on July 31?,highest-temperature-in-shanghai-on-july-31-2026-36c,highest-temperature-in-shanghai-on-july-31-2026,Yes,0,0x833358ebe4e227a5735d74a325d4bd54faff3ee5b5d79cb120899c30fff7024b,0xbddc2a7690BF600E347d5eb4A9C28f9F24E55d4f-1774968947489,Equal-Sun
1785405114,2026-07-30T09:51:54+00:00,TAKER,SELL,493.4,0.0400851236,19.77799998424,72484207517629709807549244667008894612568660871684539996773949695502230220261,0x4287e25931c0d92eefc7f3c3ae93037f2417f3a115459c5a18a616517167baf7,Will the highest temperature in Austin be between 96-97°F on July 31?,highest-temperature-in-austin-on-july-31-2026-96-97f,highest-temperature-in-austin-on-july-31-2026,Yes,0,0xc329f0b42005db0cd66bd25ad26c0e2103199b3a511f5cf27a307cef83cfe680,0xbddc2a7690BF600E347d5eb4A9C28f9F24E55d4f-1774968947489,Equal-Sun
1785407051,2026-07-30T10:24:11+00:00,TAKER,BUY,15.873013,0.629999988,9.999997999523844,95304612786336841590048662669646325268550487597210749319138655548701569660013,0xafa8db949126b73007395030866909c0f017f4c9e2410d3e0d7e15762c309980,Will the highest temperature in Denver be between 92-93°F on July 30?,highest-temperature-in-denver-on-july-30-2026-92-93f,highest-temperature-in-denver-on-july-30-2026,Yes,0,0x9173f06f951529884188957e5af3584f7f9868253b447653af03682b452f028b,0xbddc2a7690BF600E347d5eb4A9C28f9F24E55d4f-1774968947489,Equal-Sun
1785410699,2026-07-30T11:24:59+00:00,TAKER,BUY,113.49,0.4477557494,50.815799999405996,37437614117831685866108780232145219806366624724632489785051870098486827981733,0xfb0d998190b5171c2c3931c2f23745c982b5a85f1329289f27b44bc0ef15d863,Will the highest temperature in Paris be 30°C on July 30?,highest-temperature-in-paris-on-july-30-2026-30c,highest-temperature-in-paris-on-july-30-2026,Yes,0,0x8cfc455e06218dd9f82635bd9a48daaddd598d2c5b1c2f031f5b546d95c24e8b,0xbddc2a7690BF600E347d5eb4A9C28f9F24E55d4f-1774968947489,Equal-Sun
1785410898,2026-07-30T11:28:18+00:00,TAKER,BUY,73.5,0.5359863946,39.395000003099995,37437614117831685866108780232145219806366624724632489785051870098486827981733,0xfb0d998190b5171c2c3931c2f23745c982b5a85f1329289f27b44bc0ef15d863,Will the highest temperature in Paris be 30°C on July 30?,highest-temperature-in-paris-on-july-30-2026-30c,highest-temperature-in-paris-on-july-30-2026,Yes,0,0x2426c800b77422f4fce2c7a61d27e036ffd0231ae49797f9e5fc9a35027734ba,0xbddc2a7690BF600E347d5eb4A9C28f9F24E55d4f-1774968947489,Equal-Sun
1785411609,2026-07-30T11:40:09+00:00,TAKER,BUY,70.43,0.5198480761,36.612899999723,37437614117831685866108780232145219806366624724632489785051870098486827981733,0xfb0d998190b5171c2c3931c2f23745c982b5a85f1329289f27b44bc0ef15d863,Will the highest temperature in Paris be 30°C on July 30?,highest-temperature-in-paris-on-july-30-2026-30c,highest-temperature-in-paris-on-july-30-2026,Yes,0,0xfdcbccc7bee8d314639e86690bb5dd2b9a105288dc42089438e76864315e5af9,0xbddc2a7690BF600E347d5eb4A9C28f9F24E55d4f-1774968947489,Equal-Sun
1785413427,2026-07-30T12:10:27+00:00,TAKER,BUY,92.92,0.5423913043,50.398999995556004,37437614117831685866108780232145219806366624724632489785051870098486827981733,0xfb0d998190b5171c2c3931c2f23745c982b5a85f1329289f27b44bc0ef15d863,Will the highest temperature in Paris be 30°C on July 30?,highest-temperature-in-paris-on-july-30-2026-30c,highest-temperature-in-paris-on-july-30-2026,Yes,0,0x31751bd1c195390eb30f3152f9ef7300ab14f512cb18b68d2c7f60e77c2f77eb,0xbddc2a7690BF600E347d5eb4A9C28f9F24E55d4f-1774968947489,Equal-Sun
1785413429,2026-07-30T12:10:29+00:00,TAKER,BUY,135.428377,0.3691988349,49.99999900079796,91665501233640091246347017376719209928018508637143088853486638036446546720066,0x49dcfd283bba92cd697c2b03be3fe0d0bf86a5fb04b32a9937ec75609071ac14,Will the highest temperature in Busan be 39°C on August 1?,highest-temperature-in-busan-on-august-1-2026-39c,highest-temperature-in-busan-on-august-1-2026,Yes,0,0x39f1166ef95b8308420f04db0c4a5ce19e7f5a7f3f8778b2205a3def650daccf,0xbddc2a7690BF600E347d5eb4A9C28f9F24E55d4f-1774968947489,Equal-Sun
1785414227,2026-07-30T12:23:47+00:00,TAKER,BUY,128.597947,0.3888086876,49.99999900112436,91665501233640091246347017376719209928018508637143088853486638036446546720066,0x49dcfd283bba92cd697c2b03be3fe0d0bf86a5fb04b32a9937ec75609071ac14,Will the highest temperature in Busan be 39°C on August 1?,highest-temperature-in-busan-on-august-1-2026-39c,highest-temperature-in-busan-on-august-1-2026,Yes,0,0x28ae0b4428503f50f54c54f0814a9d8dd7b084605b0a712a3f7932937d115faf,0xbddc2a7690BF600E347d5eb4A9C28f9F24E55d4f-1774968947489,Equal-Sun
1785414329,2026-07-30T12:25:29+00:00,TAKER,BUY,124.741345,0.4983912832,62.1699990026439,37437614117831685866108780232145219806366624724632489785051870098486827981733,0xfb0d998190b5171c2c3931c2f23745c982b5a85f1329289f27b44bc0ef15d863,Will the highest temperature in Paris be 30°C on July 30?,highest-temperature-in-paris-on-july-30-2026-30c,highest-temperature-in-paris-on-july-30-2026,Yes,0,0xfbc67acc81534a7c015a97b9015ca947607700737c2fb5e763c0e3dc5f5a9296,0xbddc2a7690BF600E347d5eb4A9C28f9F24E55d4f-1774968947489,Equal-Sun
1785415230,2026-07-30T12:40:30+00:00,TAKER,BUY,333.506165,0.5996890612,199.9999989932623,56282919432807449024574114778913453393527852798681970229608028815016842462070,0x25808fee889c41ebf38c22e84177f5e5636f105c32101622f331ba280bfb1258,Will the highest temperature in Istanbul be 26°C on July 31?,highest-temperature-in-istanbul-on-july-31-2026-26c,highest-temperature-in-istanbul-on-july-31-2026,Yes,0,0x44b06c37e470e30ab9b73a5c41124c9eae544d1991078930960a9c727c94a999,0xbddc2a7690BF600E347d5eb4A9C28f9F24E55d4f-1774968947489,Equal-Sun
1785415736,2026-07-30T12:48:56+00:00,TAKER,BUY,238.214284,0.4197901038,99.99999900700267,38140868728287229649853329859156909386515085338386148366625155225113850798091,0x88baaabb45971bf21c5e16a22ea4a44248860fb93f42b96085bf665544e8d8b5,Will the highest temperature in Mexico City be 26°C on July 31?,highest-temperature-in-mexico-city-on-july-31-2026-26c,highest-temperature-in-mexico-city-on-july-31-2026,Yes,0,0xd370347f2b43fd4cf76a2661b0e02f6fc92482d91f9c603db8cd6cca2f343efc,0xbddc2a7690BF600E347d5eb4A9C28f9F24E55d4f-1774968947489,Equal-Sun
1785417329,2026-07-30T13:15:29+00:00,TAKER,BUY,61.627448,0.4867960458,29.99999799914512,37437614117831685866108780232145219806366624724632489785051870098486827981733,0xfb0d998190b5171c2c3931c2f23745c982b5a85f1329289f27b44bc0ef15d863,Will the highest temperature in Paris be 30°C on July 30?,highest-temperature-in-paris-on-july-30-2026-30c,highest-temperature-in-paris-on-july-30-2026,Yes,0,0x617341d1d2662859d572b17894a4b9108eaff7974de47cbf7475dca020bf5cb5,0xbddc2a7690BF600E347d5eb4A9C28f9F24E55d4f-1774968947489,Equal-Sun
1785417963,2026-07-30T13:26:03+00:00,TAKER,BUY,251.121303,0.1991069591,49.999999005559715,51516005333236023548985898759021394764506879520379726903301084517702794294265,0x4d1e0b08c3303e4cc9b3fbfb22be04aec8b595136e08a92bf364abbdaef2946b,Will the highest temperature in Beijing be 34°C on July 31?,highest-temperature-in-beijing-on-july-31-2026-34c,highest-temperature-in-beijing-on-july-31-2026,Yes,0,0x2b863b1589779889b24544640c1513b9ae89f2ff4c3bc1741ba1aeade93521d6,0xbddc2a7690BF600E347d5eb4A9C28f9F24E55d4f-1774968947489,Equal-Sun
1785418971,2026-07-30T13:42:51+00:00,TAKER,BUY,253.3405,0.3947256755,99.99999999400774,91665501233640091246347017376719209928018508637143088853486638036446546720066,0x49dcfd283bba92cd697c2b03be3fe0d0bf86a5fb04b32a9937ec75609071ac14,Will the highest temperature in Busan be 39°C on August 1?,highest-temperature-in-busan-on-august-1-2026-39c,highest-temperature-in-busan-on-august-1-2026,Yes,0,0x6fbdd86bb98ba9552e74c327316a17f9fabcf007fe018e6597b9ef47b60ba68e,0xbddc2a7690BF600E347d5eb4A9C28f9F24E55d4f-1774968947489,Equal-Sun
1785420735,2026-07-30T14:12:15+00:00,TAKER,BUY,103.314692,0.4839582641,49.99999899634615,19801429900936549477166993491988748909311533863141388956372116351141710695340,0xff6f26dc4306cd67d7de62d121468a953dfe0c504ca44e3e6752c740dc1263b2,Will the highest temperature in Mexico City be 26°C on July 30?,highest-temperature-in-mexico-city-on-july-30-2026-26c,highest-temperature-in-mexico-city-on-july-30-2026,Yes,0,0x4aaa5e99e8b3e7ef2c00a0b572a99fe3dc2770536f7097363bc55895f381defd,0xbddc2a7690BF600E347d5eb4A9C28f9F24E55d4f-1774968947489,Equal-Sun
1785420863,2026-07-30T14:14:23+00:00,TAKER,SELL,462.36,0.2632083225,121.6969999911,87197930951836413490410804748691215014405350866361127371945593115670155296099,0x202f06f46b296c8a94b6072ee58d11715dc0510e90eeda71c4f753d02d32b481,Will the highest temperature in Wellington be 13°C on July 31?,highest-temperature-in-wellington-on-july-31-2026-13c,highest-temperature-in-wellington-on-july-31-2026,Yes,0,0x67a62451aa72ee799b9a3381f34eec9d76a36827bd7ec227aba693b19a7c8b17,0xbddc2a7690BF600E347d5eb4A9C28f9F24E55d4f-1774968947489,Equal-Sun
1785422520,2026-07-30T14:42:00+00:00,TAKER,BUY,145.066713,0.6893380082,99.99999899554105,95304612786336841590048662669646325268550487597210749319138655548701569660013,0xafa8db949126b73007395030866909c0f017f4c9e2410d3e0d7e15762c309980,Will the highest temperature in Denver be between 92-93°F on July 30?,highest-temperature-in-denver-on-july-30-2026-92-93f,highest-temperature-in-denver-on-july-30-2026,Yes,0,0x8bcfcfff12e63d8fcf4f5c189bda86ea6d69bf19fa427bcd8203000a1a6f69e8,0xbddc2a7690BF600E347d5eb4A9C28f9F24E55d4f-1774968947489,Equal-Sun
1785425231,2026-07-30T15:27:11+00:00,TAKER,BUY,529.997376,0.5660405364,299.9999990016325,48670841950780178122144351355401936902775872647756593826722100442528208097067,0x77a02451acbca31b3e530ac7c85950e05da8248eb400f85c4df1242b2964a5bf,Will the highest temperature in Madrid be 37°C on July 31?,highest-temperature-in-madrid-on-july-31-2026-37c,highest-temperature-in-madrid-on-july-31-2026,Yes,0,0xfb59bcc64a9a29d567e2fcc2992909abbead88e3dbcaa2000d038c2a997b38b8,0xbddc2a7690BF600E347d5eb4A9C28f9F24E55d4f-1774968947489,Equal-Sun
1785428879,2026-07-30T16:27:59+00:00,TAKER,BUY,463.090908,0.2159403203,99.99999900153783,34964258985660033010365411659292591973542008010068901750612098090508319676869,0x35dc3d2cf003ee0c0ea16a39d2f14a1a81bd131b01c9cb912ceca12aee4b197e,Will the highest temperature in Warsaw be 37°C on July 31?,highest-temperature-in-warsaw-on-july-31-2026-37c,highest-temperature-in-warsaw-on-july-31-2026,Yes,0,0x2350765a3027bb14213c4ba098851a1c904a68d6f6787c1583ae0dfec77d6929,0xbddc2a7690BF600E347d5eb4A9C28f9F24E55d4f-1774968947489,Equal-Sun
1785432266,2026-07-30T17:24:26+00:00,TAKER,BUY,161.612902,0.3093812337,49.99999900259719,19901572542695634253290358234425784220135656696970067199459170251693927096742,0x0d089803711a75f3ad3bc4aa6d5c9ff2e24d8b9016bcbfa33328a85f38fbec3e,Will the highest temperature in Busan be 39°C on July 31?,highest-temperature-in-busan-on-july-31-2026-39c,highest-temperature-in-busan-on-july-31-2026,Yes,0,0x59bf87b957314205cfc222bc6f065fe8c88dccd2e53cc2ab3e47134826d5fe6d,0xbddc2a7690BF600E347d5eb4A9C28f9F24E55d4f-1774968947489,Equal-Sun
1785432306,2026-07-30T17:25:06+00:00,TAKER,BUY,189.7,0.33,62.601,112318799279180078202322738207239364104144531634898462657192120514103223610523,0x41591126808a16ad403e1e28f744ba7c49d0be936411a94d98074a37628ed8d0,Will the highest temperature in Munich be 37°C on July 31?,highest-temperature-in-munich-on-july-31-2026-37c,highest-temperature-in-munich-on-july-31-2026,Yes,0,0x57bdf887ac1c394d5d4d107c4fedff8edc2b933e17caa9936e634a5c73a934a6,0xbddc2a7690BF600E347d5eb4A9C28f9F24E55d4f-1774968947489,Equal-Sun
1785436140,2026-07-30T18:29:00+00:00,TAKER,BUY,540.540539,0.3699999992,199.99999899756756,104119301394175660453708648991121896931555786495880242305235671320319544236461,0x7f5057fa3c05f74518857a067d2d4456aac2bc53388d4013ff8035051e91f052,Will the highest temperature in Tel Aviv be 34°C on August 1?,highest-temperature-in-tel-aviv-on-august-1-2026-34c,highest-temperature-in-tel-aviv-on-august-1-2026,Yes,0,0x54d8ad53f652e4de51cfa894f809b1152297e0e876fb233ca84f521be2f6c978,0xbddc2a7690BF600E347d5eb4A9C28f9F24E55d4f-1774968947489,Equal-Sun
1785445149,2026-07-30T20:59:09+00:00,TAKER,BUY,214.86,0.2327096714,49.999999997004004,31895180724192374304960338196840075688930980377362182808057659543196290463438,0x3aab2b3b183f3d54601141685fe7208ac8ae7b91ecdd67822ebbe3a2b68bb117,Will the highest temperature in Taipei be 34°C on July 31?,highest-temperature-in-taipei-on-july-31-2026-34c,highest-temperature-in-taipei-on-july-31-2026,Yes,0,0x4280d42c4442b29a7a616d4fdf521a6e4c9632d53a06ac5925dac8ea3dc2393e,0xbddc2a7690BF600E347d5eb4A9C28f9F24E55d4f-1774968947489,Equal-Sun
1785446049,2026-07-30T21:14:09+00:00,TAKER,BUY,598.64,0.1669824937,99.962400028568,71840962163638737948615307292977171125813420622801925433969292810124515562582,0xb1167947e5b8d30330f3c5006e04a003d39fce4c4d29f3a53130126871e20fef,Will the highest temperature in Wellington be 9°C on August 1?,highest-temperature-in-wellington-on-august-1-2026-9c,highest-temperature-in-wellington-on-august-1-2026,Yes,0,0xe348f07a7c1ac48cb3dfaa47f157fe99c8c0e8602fd45f23def8f82153881391,0xbddc2a7690BF600E347d5eb4A9C28f9F24E55d4f-1774968947489,Equal-Sun
1785447270,2026-07-30T21:34:30+00:00,TAKER,SELL,598.64,0.1731745289,103.669199980696,71840962163638737948615307292977171125813420622801925433969292810124515562582,0xb1167947e5b8d30330f3c5006e04a003d39fce4c4d29f3a53130126871e20fef,Will the highest temperature in Wellington be 9°C on August 1?,highest-temperature-in-wellington-on-august-1-2026-9c,highest-temperature-in-wellington-on-august-1-2026,Yes,0,0xac3d8a46006b776d58c6ce23c946fa1e8faebbc06e83c37f99658f7dae050987,0xbddc2a7690BF600E347d5eb4A9C28f9F24E55d4f-1774968947489,Equal-Sun
1785452352,2026-07-30T22:59:12+00:00,TAKER,BUY,157.01446,0.6368840106,99.99999900699328,48670841950780178122144351355401936902775872647756593826722100442528208097067,0x77a02451acbca31b3e530ac7c85950e05da8248eb400f85c4df1242b2964a5bf,Will the highest temperature in Madrid be 37°C on July 31?,highest-temperature-in-madrid-on-july-31-2026-37c,highest-temperature-in-madrid-on-july-31-2026,Yes,0,0x10b99ef1f57011b618637e518f44daf626bd907d699c75df08f395da9ec7feee,0xbddc2a7690BF600E347d5eb4A9C28f9F24E55d4f-1774968947489,Equal-Sun
1785453012,2026-07-30T23:10:12+00:00,TAKER,SELL,191.8,0.2659494265,51.009100002699995,21333052505147145195312567055444077602833727120465938291953068271844140350680,0xab5f7fd411b91b4196817c3ab85feeda14e854fc72ee651da79b2af42f6d5b87,Will the highest temperature in Paris be 30°C on July 31?,highest-temperature-in-paris-on-july-31-2026-30c,highest-temperature-in-paris-on-july-31-2026,Yes,0,0x819f176e8027ebc86ef7eda928247519248b8dbd1da69118751bf6e2bd648934,0xbddc2a7690BF600E347d5eb4A9C28f9F24E55d4f-1774968947489,Equal-Sun
1785457826,2026-07-31T00:30:26+00:00,TAKER,BUY,200.628,0.4984349144,100.00000000624318,43277325903330663522617401298392392159493811761738883417602661528934332499543,0xcd3dad21ad85d8257e7c902468dccd3e680b7a305e34d7c80809d85642d0757c,Will the highest temperature in Austin be between 98-99°F on July 31?,highest-temperature-in-austin-on-july-31-2026-98-99f,highest-temperature-in-austin-on-july-31-2026,Yes,0,0xbd4769ed14a401fdc3248787c3a8b0fbf9ab729b2ca5f6c2eb72cc29747d1895,0xbddc2a7690BF600E347d5eb4A9C28f9F24E55d4f-1774968947489,Equal-Sun
1785459669,2026-07-31T01:01:09+00:00,TAKER,BUY,396.326077,0.5046349726,199.9999990075605,105664093229051762928373477516936419619595645502321969858662739512061310469608,0xf14fa2e71e7550b578acbdc1fbd820ace126077244883bd6568d43e9ee0b8802,Will the highest temperature in Istanbul be 27°C on August 1?,highest-temperature-in-istanbul-on-august-1-2026-27c,highest-temperature-in-istanbul-on-august-1-2026,Yes,0,0x7be6a4ba362385f1594a56c5c67918cb16e3b0e1d43fc5bdd6554a6c934e6f55,0xbddc2a7690BF600E347d5eb4A9C28f9F24E55d4f-1774968947489,Equal-Sun
1785462410,2026-07-31T01:46:50+00:00,TAKER,BUY,128.205127,0.3899999959,49.99999900435898,105130145492276397702227645619249685579459542526505047057689439276376673720710,0x16e7275e0fe1caf4fff76bcddb8032a9c03dc343411e69882c0b0a1da5fd1623,Will the highest temperature in Qingdao be 36°C on August 1?,highest-temperature-in-qingdao-on-august-1-2026-36c,highest-temperature-in-qingdao-on-august-1-2026,Yes,0,0xc23e88645cd1a38d2786b025f57e1e35b2d62d0a2652e5bd4f5d610fc59e0433,0xbddc2a7690BF600E347d5eb4A9C28f9F24E55d4f-1774968947489,Equal-Sun
1785464289,2026-07-31T02:18:09+00:00,TAKER,BUY,239.271488,0.4179352911,99.99999898921016,19901572542695634253290358234425784220135656696970067199459170251693927096742,0x0d089803711a75f3ad3bc4aa6d5c9ff2e24d8b9016bcbfa33328a85f38fbec3e,Will the highest temperature in Busan be 39°C on July 31?,highest-temperature-in-busan-on-july-31-2026-39c,highest-temperature-in-busan-on-july-31-2026,Yes,0,0x6326d99d0ac8144e04e343ad9b28811769eec8a0f3d5068abec4f5a3cbc3631c,0xbddc2a7690BF600E347d5eb4A9C28f9F24E55d4f-1774968947489,Equal-Sun
1785466022,2026-07-31T02:47:02+00:00,TAKER,BUY,402.379732,0.7455643889,299.9999989943258,19814706970004549056553540972241770537131088300159235750375123505522491276138,0x2ffe0c2a01ca112ea32a64c2ac7f3c0d0e6cd348edfcdddd7b711e86a3d26ca1,Will the highest temperature in Tel Aviv be 34°C on July 31?,highest-temperature-in-tel-aviv-on-july-31-2026-34c,highest-temperature-in-tel-aviv-on-july-31-2026,Yes,0,0xfcec81ee4e95f4a2ebc56736ac2ef47502c4da83a04527bf0ca52cde92d09528,0xbddc2a7690BF600E347d5eb4A9C28f9F24E55d4f-1774968947489,Equal-Sun
1785468729,2026-07-31T03:32:09+00:00,TAKER,BUY,457.038332,0.6564000829,299.9999990132777,30339434770053083687900586435553714691407027547968174688953078668240159773570,0x3cc90035ed63304dbc3533ab0e19ccb9a157d1a974825bc429315e85c484c936,Will the highest temperature in Madrid be 38°C on August 1?,highest-temperature-in-madrid-on-august-1-2026-38c,highest-temperature-in-madrid-on-august-1-2026,Yes,0,0xb2b07f557eda75dc2ca98648ea0579b1b39520d0c9c7ba31126ac5dbd42551e5,0xbddc2a7690BF600E347d5eb4A9C28f9F24E55d4f-1774968947489,Equal-Sun
1785470589,2026-07-31T04:03:09+00:00,TAKER,BUY,264.176409,0.3785349319,99.99999899040154,56655749638840496172880761882690430218683961194260066883347847889677666995875,0x5759420ec7cc8682b4250200427fda14ba1e3704d1281a6846c04f7f1956b459,Will the highest temperature in Milan be 37°C on July 31?,highest-temperature-in-milan-on-july-31-2026-37c,highest-temperature-in-milan-on-july-31-2026,Yes,0,0xae228199ee098b6c006fc1c98f8b3f23eeffb2c60cd94a57e807019c675ae88d,0xbddc2a7690BF600E347d5eb4A9C28f9F24E55d4f-1774968947489,Equal-Sun
1785470870,2026-07-31T04:07:50+00:00,TAKER,SELL,463.09,0.0389656438,18.044599987341996,34964258985660033010365411659292591973542008010068901750612098090508319676869,0x35dc3d2cf003ee0c0ea16a39d2f14a1a81bd131b01c9cb912ceca12aee4b197e,Will the highest temperature in Warsaw be 37°C on July 31?,highest-temperature-in-warsaw-on-july-31-2026-37c,highest-temperature-in-warsaw-on-july-31-2026,Yes,0,0xcf5d2a96fbc6d4f94b45109dbd0bbcfe3d4fd09065b5d2884dee1bab6acc91fa,0xbddc2a7690BF600E347d5eb4A9C28f9F24E55d4f-1774968947489,Equal-Sun
1785472412,2026-07-31T04:33:32+00:00,TAKER,BUY,78.896058,0.6337451993,49.999998001194356,51516005333236023548985898759021394764506879520379726903301084517702794294265,0x4d1e0b08c3303e4cc9b3fbfb22be04aec8b595136e08a92bf364abbdaef2946b,Will the highest temperature in Beijing be 34°C on July 31?,highest-temperature-in-beijing-on-july-31-2026-34c,highest-temperature-in-beijing-on-july-31-2026,Yes,0,0x08cd23b1b42c46f53a53c2aa74bba441af806a7bd6e49edba941655ec0723bb3,0xbddc2a7690BF600E347d5eb4A9C28f9F24E55d4f-1774968947489,Equal-Sun
1785474224,2026-07-31T05:03:44+00:00,TAKER,BUY,266.895864,0.7493559286,199.99999800721932,56282919432807449024574114778913453393527852798681970229608028815016842462070,0x25808fee889c41ebf38c22e84177f5e5636f105c32101622f331ba280bfb1258,Will the highest temperature in Istanbul be 26°C on July 31?,highest-temperature-in-istanbul-on-july-31-2026-26c,highest-temperature-in-istanbul-on-july-31-2026,Yes,0,0xb86889288ed9104dd3f35980e83b4a017612a0e759dce813f99f7c0714e22091,0xbddc2a7690BF600E347d5eb4A9C28f9F24E55d4f-1774968947489,Equal-Sun
1785476039,2026-07-31T05:33:59+00:00,TAKER,BUY,222.517776,0.449402294,99.99999899017814,26676520679925029331686803034408638493776539984980726307905797621970284022371,0xfb4eb908098e25f5f1a04a998a85bd2b2ed89d2720fc9bc7eaad48508f35da2d,Will the highest temperature in Paris be 28°C on August 1?,highest-temperature-in-paris-on-august-1-2026-28c,highest-temperature-in-paris-on-august-1-2026,Yes,0,0xbc34b3de5b091d1e8f000f229287e5e404c6c2d32515b52685483ccb17e29305,0xbddc2a7690BF600E347d5eb4A9C28f9F24E55d4f-1774968947489,Equal-Sun
1785476042,2026-07-31T05:34:02+00:00,TAKER,BUY,263.289472,0.3798100936,99.99999900421457,17419261949822955012141578558385521247852651820205685126847625082165328431738,0x857e89fe7b868c0b21e03bc0bcc39442acd794edc77392658c484c568280fa54,Will the highest temperature in Austin be between 100-101°F on August 1?,highest-temperature-in-austin-on-august-1-2026-100-101f,highest-temperature-in-austin-on-august-1-2026,Yes,0,0xcef16b6dd11cc04cd7c0b6b1d2046ccbba5bc3af62e8889f2a82d854d152ebe0,0xbddc2a7690BF600E347d5eb4A9C28f9F24E55d4f-1774968947489,Equal-Sun
1785477699,2026-07-31T06:01:39+00:00,TAKER,SELL,517.36,0.3500966445,181.12599999852,91665501233640091246347017376719209928018508637143088853486638036446546720066,0x49dcfd283bba92cd697c2b03be3fe0d0bf86a5fb04b32a9937ec75609071ac14,Will the highest temperature in Busan be 39°C on August 1?,highest-temperature-in-busan-on-august-1-2026-39c,highest-temperature-in-busan-on-august-1-2026,Yes,0,0xb9aa28a931b2351e72a054ebac6e91175ea75ef339ced62912fb8abfa52dcd1e,0xbddc2a7690BF600E347d5eb4A9C28f9F24E55d4f-1774968947489,Equal-Sun
1785477708,2026-07-31T06:01:48+00:00,TAKER,SELL,128.2,0.45,57.69,105130145492276397702227645619249685579459542526505047057689439276376673720710,0x16e7275e0fe1caf4fff76bcddb8032a9c03dc343411e69882c0b0a1da5fd1623,Will the highest temperature in Qingdao be 36°C on August 1?,highest-temperature-in-qingdao-on-august-1-2026-36c,highest-temperature-in-qingdao-on-august-1-2026,Yes,0,0x4b9dcadc1d9ba2b601fd4067f15cde580d725a637396f15051cdb2b72710f501,0xbddc2a7690BF600E347d5eb4A9C28f9F24E55d4f-1774968947489,Equal-Sun
1785478013,2026-07-31T06:06:53+00:00,TAKER,SELL,200.62,0.3813263882,76.501700000684,43277325903330663522617401298392392159493811761738883417602661528934332499543,0xcd3dad21ad85d8257e7c902468dccd3e680b7a305e34d7c80809d85642d0757c,Will the highest temperature in Austin be between 98-99°F on July 31?,highest-temperature-in-austin-on-july-31-2026-98-99f,highest-temperature-in-austin-on-july-31-2026,Yes,0,0x5cb04a5eb8ab4457b3ca616365fa4c4636c71ecd9a701b55588c5e2385fd88cf,0xbddc2a7690BF600E347d5eb4A9C28f9F24E55d4f-1774968947489,Equal-Sun
1785478013,2026-07-31T06:06:53+00:00,TAKER,SELL,264.17,0.2849029034,75.26279999117801,56655749638840496172880761882690430218683961194260066883347847889677666995875,0x5759420ec7cc8682b4250200427fda14ba1e3704d1281a6846c04f7f1956b459,Will the highest temperature in Milan be 37°C on July 31?,highest-temperature-in-milan-on-july-31-2026-37c,highest-temperature-in-milan-on-july-31-2026,Yes,0,0xb9458a277643e90c1cb0c2c9768d301a6724f4ee75fe2c6b4e553fa3ecebcb51,0xbddc2a7690BF600E347d5eb4A9C28f9F24E55d4f-1774968947489,Equal-Sun
1785482804,2026-07-31T07:26:44+00:00,TAKER,SELL,457.03,0.6011436886,274.740700000858,30339434770053083687900586435553714691407027547968174688953078668240159773570,0x3cc90035ed63304dbc3533ab0e19ccb9a157d1a974825bc429315e85c484c936,Will the highest temperature in Madrid be 38°C on August 1?,highest-temperature-in-madrid-on-august-1-2026-38c,highest-temperature-in-madrid-on-august-1-2026,Yes,0,0x96c5f8c712236fc95becb6607c55dec52330935225aae850fb015930ea3f61f9,0xbddc2a7690BF600E347d5eb4A9C28f9F24E55d4f-1774968947489,Equal-Sun
1785486894,2026-07-31T08:34:54+00:00,TAKER,BUY,172.86,0.2376200393,41.074999993398,71840962163638737948615307292977171125813420622801925433969292810124515562582,0xb1167947e5b8d30330f3c5006e04a003d39fce4c4d29f3a53130126871e20fef,Will the highest temperature in Wellington be 9°C on August 1?,highest-temperature-in-wellington-on-august-1-2026-9c,highest-temperature-in-wellington-on-august-1-2026,Yes,0,0xa90a429c3ceba30cbb8bbe454c74632d29dad09b1b1bdecf2012b2ba3ffd8fe5,0xbddc2a7690BF600E347d5eb4A9C28f9F24E55d4f-1774968947489,Equal-Sun
1785489609,2026-07-31T09:20:09+00:00,TAKER,BUY,239.814284,0.2084946658,49.99999899664628,62971907868772928484961434061469995977574422671138781554953764161181631849150,0xbd9be8975d7b901cd860fc5629bcf97e7a8271ea17313515a5ffc8aceab32037,Will the highest temperature in Warsaw be 29°C on August 1?,highest-temperature-in-warsaw-on-august-1-2026-29c,highest-temperature-in-warsaw-on-august-1-2026,Yes,0,0xa6784f0362acabf6e178b5c0c39dcb52b0e70c25a6a51c18e95d0bc85151e62e,0xbddc2a7690BF600E347d5eb4A9C28f9F24E55d4f-1774968947489,Equal-Sun
1785490271,2026-07-31T09:31:11+00:00,MAKER,SELL,29.814116,0.8499999799,25.341998000736268,56282919432807449024574114778913453393527852798681970229608028815016842462070,0x25808fee889c41ebf38c22e84177f5e5636f105c32101622f331ba280bfb1258,Will the highest temperature in Istanbul be 26°C on July 31?,highest-temperature-in-istanbul-on-july-31-2026-26c,highest-temperature-in-istanbul-on-july-31-2026,Yes,0,0x9eeae2123d70337855093fbae4e7c1b6b095825b4da61619b4a2cbe81dc275b2,0xbddc2a7690BF600E347d5eb4A9C28f9F24E55d4f-1774968947489,Equal-Sun
1785490520,2026-07-31T09:35:20+00:00,TAKER,BUY,119.047618,0.4199999953,49.999999000476194,108528011702789229882919498892107869561187664402727038912500174194200290336336,0xdb0596a4bf532c33c69ed9e2647399fdc970fcdb67a1da464445a4e933653a7f,Will the highest temperature in Shanghai be 37°C on August 1?,highest-temperature-in-shanghai-on-august-1-2026-37c,highest-temperature-in-shanghai-on-august-1-2026,Yes,0,0xe8169eff4ef9cbe44ada486da9e8d982172fa917ea2cf75a0e5fe81bdca6c9ff,0xbddc2a7690BF600E347d5eb4A9C28f9F24E55d4f-1774968947489,Equal-Sun
1785491037,2026-07-31T09:43:57+00:00,TAKER,BUY,119.047618,0.4199999953,49.999999000476194,108528011702789229882919498892107869561187664402727038912500174194200290336336,0xdb0596a4bf532c33c69ed9e2647399fdc970fcdb67a1da464445a4e933653a7f,Will the highest temperature in Shanghai be 37°C on August 1?,highest-temperature-in-shanghai-on-august-1-2026-37c,highest-temperature-in-shanghai-on-august-1-2026,Yes,0,0x28e86aec2a649a2c01f2f4612e8e243e7011eb5164d9361c3fa1ce6281da2d29,0xbddc2a7690BF600E347d5eb4A9C28f9F24E55d4f-1774968947489,Equal-Sun
1785492369,2026-07-31T10:06:09+00:00,TAKER,BUY,185.810739,0.5381820208,99.99999900136137,10358523519750797209834324650365924600324852586514177987186387009181869809039,0x2d92e1858559d2786603525f8af2415e276bfc4de3386e73bb977e263707b8eb,Will the highest temperature in Singapore be 32°C on August 1?,highest-temperature-in-singapore-on-august-1-2026-32c,highest-temperature-in-singapore-on-august-1-2026,Yes,0,0x627df12e26263c05f4d9ea21463761cc96d11ea3b4428ec59ebcfa0578eb6f71,0xbddc2a7690BF600E347d5eb4A9C28f9F24E55d4f-1774968947489,Equal-Sun
1785497813,2026-07-31T11:36:53+00:00,TAKER,BUY,39.06,0.6161955965,24.06859999929,102654509352277045797824715109058862426587717939113825734227260403382508957473,0x38e51a14e87089d7a3922a59cc1f9309113c17e8c7d5077136623dff85bea2bc,Will the highest temperature in Paris be 29°C on July 31?,highest-temperature-in-paris-on-july-31-2026-29c,highest-temperature-in-paris-on-july-31-2026,Yes,0,0x72da7e763aeee430477c32f2e2c320a0e0f342a585d9b725d71d0e7ec27e03b3,0xbddc2a7690BF600E347d5eb4A9C28f9F24E55d4f-1774968947489,Equal-Sun
1785499629,2026-07-31T12:07:09+00:00,TAKER,BUY,89.2,0.6282107623,56.03639999716,102654509352277045797824715109058862426587717939113825734227260403382508957473,0x38e51a14e87089d7a3922a59cc1f9309113c17e8c7d5077136623dff85bea2bc,Will the highest temperature in Paris be 29°C on July 31?,highest-temperature-in-paris-on-july-31-2026-29c,highest-temperature-in-paris-on-july-31-2026,Yes,0,0x506367d41eb2b9ade8d91311323b3e32f7f0a35c2767428b7cc17b0725ec0c37,0xbddc2a7690BF600E347d5eb4A9C28f9F24E55d4f-1774968947489,Equal-Sun
1785500528,2026-07-31T12:22:08+00:00,TAKER,SELL,402.37,0.1202326217,48.377999993429,19814706970004549056553540972241770537131088300159235750375123505522491276138,0x2ffe0c2a01ca112ea32a64c2ac7f3c0d0e6cd348edfcdddd7b711e86a3d26ca1,Will the highest temperature in Tel Aviv be 34°C on July 31?,highest-temperature-in-tel-aviv-on-july-31-2026-34c,highest-temperature-in-tel-aviv-on-july-31-2026,Yes,0,0xb3c6799fb5e9f729780a041913091345d3e175eec7df33fe1a2954457d9f3f4e,0xbddc2a7690BF600E347d5eb4A9C28f9F24E55d4f-1774968947489,Equal-Sun
1785500541,2026-07-31T12:22:21+00:00,TAKER,BUY,35.471405,0.5607333287,19.88999899931582,102654509352277045797824715109058862426587717939113825734227260403382508957473,0x38e51a14e87089d7a3922a59cc1f9309113c17e8c7d5077136623dff85bea2bc,Will the highest temperature in Paris be 29°C on July 31?,highest-temperature-in-paris-on-july-31-2026-29c,highest-temperature-in-paris-on-july-31-2026,Yes,0,0x768709b3cf3abdf56ca581051799cec5ddd20b6490ed47860c0c3c955aa7ed68,0xbddc2a7690BF600E347d5eb4A9C28f9F24E55d4f-1774968947489,Equal-Sun
1785504204,2026-07-31T13:23:24+00:00,TAKER,BUY,328.114753,0.6095428419,199.99999901293654,105664093229051762928373477516936419619595645502321969858662739512061310469608,0xf14fa2e71e7550b578acbdc1fbd820ace126077244883bd6568d43e9ee0b8802,Will the highest temperature in Istanbul be 27°C on August 1?,highest-temperature-in-istanbul-on-august-1-2026-27c,highest-temperature-in-istanbul-on-august-1-2026,Yes,0,0xe7237a59137ed071bfdc5a99e38c26af8ead79b8e6fdec25a23a9c30db886421,0xbddc2a7690BF600E347d5eb4A9C28f9F24E55d4f-1774968947489,Equal-Sun
1785515939,2026-07-31T16:38:59+00:00,TAKER,BUY,528.952379,0.1890529336,99.99999898464903,41009301763932394326140188152148951497236990393940773738952180463370016793901,0xf651f5e59d88cdb43bb55b51b314cdcf5831d87a78964bf31341109d665b8462,Will the highest temperature in Warsaw be 32°C on August 1?,highest-temperature-in-warsaw-on-august-1-2026-32c,highest-temperature-in-warsaw-on-august-1-2026,Yes,0,0xedd4bd296e886f6d8deb5cb731f795b673d10ac67ea31df91aebf5cfb4e7e060,0xbddc2a7690BF600E347d5eb4A9C28f9F24E55d4f-1774968947489,Equal-Sun
1785523209,2026-07-31T18:40:09+00:00,TAKER,BUY,472.813952,0.4229993598,199.9999990005079,3617899080996508297501347777850019996204977130796277483182377413097352838397,0x7ff904a3cf9de5449f2ab6e23313cd49ca2c4faac30eeb0fb494ed1567b85f8d,Will the highest temperature in Tel Aviv be 34°C on August 2?,highest-temperature-in-tel-aviv-on-august-2-2026-34c,highest-temperature-in-tel-aviv-on-august-2-2026,Yes,0,0x7892b5aaab37846ea363b9d4b90a70be25ac20c61c2029e323f5ba0629761015,0xbddc2a7690BF600E347d5eb4A9C28f9F24E55d4f-1774968947489,Equal-Sun
1785525054,2026-07-31T19:10:54+00:00,TAKER,BUY,463.17318,0.2159019635,99.99999900253893,50979063854390914776671018989807663926932684574831337529319410289899235453335,0x2c7d6cf2278ee2cb2f6b892e7c9be3744c2432c43dd7d076bc50c73fb057fa6f,Will the highest temperature in London be 27°C on August 1?,highest-temperature-in-london-on-august-1-2026-27c,highest-temperature-in-london-on-august-1-2026,Yes,0,0x22094e8f55703c3ce032b9b51f6a79ee5670594909c45fbb2793db33f7769c40,0xbddc2a7690BF600E347d5eb4A9C28f9F24E55d4f-1774968947489,Equal-Sun
1785538637,2026-07-31T22:57:17+00:00,TAKER,BUY,178.571427,0.5599999993,99.999998995,30339434770053083687900586435553714691407027547968174688953078668240159773570,0x3cc90035ed63304dbc3533ab0e19ccb9a157d1a974825bc429315e85c484c936,Will the highest temperature in Madrid be 38°C on August 1?,highest-temperature-in-madrid-on-august-1-2026-38c,highest-temperature-in-madrid-on-august-1-2026,Yes,0,0x343af2e51ea7387cdf10f2a2bedc63eb7d388d7b517ba92fe1ad8c5903475293,0xbddc2a7690BF600E347d5eb4A9C28f9F24E55d4f-1774968947489,Equal-Sun
1785540227,2026-07-31T23:23:47+00:00,TAKER,SELL,239.81,0.1206254952,28.927200003912002,62971907868772928484961434061469995977574422671138781554953764161181631849150,0xbd9be8975d7b901cd860fc5629bcf97e7a8271ea17313515a5ffc8aceab32037,Will the highest temperature in Warsaw be 29°C on August 1?,highest-temperature-in-warsaw-on-august-1-2026-29c,highest-temperature-in-warsaw-on-august-1-2026,Yes,0,0xa0ceedf7df3234251b264b8d02b4a5163e8420f629c1818657598bb418f5ceb9,0xbddc2a7690BF600E347d5eb4A9C28f9F24E55d4f-1774968947489,Equal-Sun
1785540240,2026-07-31T23:24:00+00:00,TAKER,SELL,463.17,0.1516881491,70.257400018647,50979063854390914776671018989807663926932684574831337529319410289899235453335,0x2c7d6cf2278ee2cb2f6b892e7c9be3744c2432c43dd7d076bc50c73fb057fa6f,Will the highest temperature in London be 27°C on August 1?,highest-temperature-in-london-on-august-1-2026-27c,highest-temperature-in-london-on-august-1-2026,Yes,0,0x963ec032fad78b88a04b07f66cba1a8b7f164ef0c3740229ec8d7d465cf0d8aa,0xbddc2a7690BF600E347d5eb4A9C28f9F24E55d4f-1774968947489,Equal-Sun
1785540246,2026-07-31T23:24:06+00:00,TAKER,SELL,185.81,0.4652537538,86.448799993578,10358523519750797209834324650365924600324852586514177987186387009181869809039,0x2d92e1858559d2786603525f8af2415e276bfc4de3386e73bb977e263707b8eb,Will the highest temperature in Singapore be 32°C on August 1?,highest-temperature-in-singapore-on-august-1-2026-32c,highest-temperature-in-singapore-on-august-1-2026,Yes,0,0x9e896aacf396efcdfa0a22e7a7ed0fd1b8b2e0020999a71b284b458483735eb4,0xbddc2a7690BF600E347d5eb4A9C28f9F24E55d4f-1774968947489,Equal-Sun
1785540260,2026-07-31T23:24:20+00:00,TAKER,SELL,178.57,0.5448199586,97.28850000720199,30339434770053083687900586435553714691407027547968174688953078668240159773570,0x3cc90035ed63304dbc3533ab0e19ccb9a157d1a974825bc429315e85c484c936,Will the highest temperature in Madrid be 38°C on August 1?,highest-temperature-in-madrid-on-august-1-2026-38c,highest-temperature-in-madrid-on-august-1-2026,Yes,0,0xb7e5f94dbfb963401b35f5bb96bee9065f2d11a927696b85a78ed88f377049f7,0xbddc2a7690BF600E347d5eb4A9C28f9F24E55d4f-1774968947489,Equal-Sun
1785540282,2026-07-31T23:24:42+00:00,TAKER,SELL,472.81,0.2422419154,114.534400020274,3617899080996508297501347777850019996204977130796277483182377413097352838397,0x7ff904a3cf9de5449f2ab6e23313cd49ca2c4faac30eeb0fb494ed1567b85f8d,Will the highest temperature in Tel Aviv be 34°C on August 2?,highest-temperature-in-tel-aviv-on-august-2-2026-34c,highest-temperature-in-tel-aviv-on-august-2-2026,Yes,0,0xfe6c4e636c26cf2526c6d3b8ccc6b98254edbc5e4e5e89e0e80d8d996dbd9d9c,0xbddc2a7690BF600E347d5eb4A9C28f9F24E55d4f-1774968947489,Equal-Sun
1785540351,2026-07-31T23:25:51+00:00,TAKER,SELL,263.28,0.261116302,68.74669999056,17419261949822955012141578558385521247852651820205685126847625082165328431738,0x857e89fe7b868c0b21e03bc0bcc39442acd794edc77392658c484c568280fa54,Will the highest temperature in Austin be between 100-101°F on August 1?,highest-temperature-in-austin-on-august-1-2026-100-101f,highest-temperature-in-austin-on-august-1-2026,Yes,0,0x89770d79da24a386a0cb95118ed1f625d3be2005adfc7f6a0316fa1895915d3b,0xbddc2a7690BF600E347d5eb4A9C28f9F24E55d4f-1774968947489,Equal-Sun
1785540365,2026-07-31T23:26:05+00:00,TAKER,SELL,540.54,0.3252969253,175.83600000166197,104119301394175660453708648991121896931555786495880242305235671320319544236461,0x7f5057fa3c05f74518857a067d2d4456aac2bc53388d4013ff8035051e91f052,Will the highest temperature in Tel Aviv be 34°C on August 1?,highest-temperature-in-tel-aviv-on-august-1-2026-34c,highest-temperature-in-tel-aviv-on-august-1-2026,Yes,0,0x8aeb269fda0de8b4c79a492a1e08b1eadacf5c14e8df63c62416d0341a6f190e,0xbddc2a7690BF600E347d5eb4A9C28f9F24E55d4f-1774968947489,Equal-Sun
1785541346,2026-07-31T23:42:26+00:00,TAKER,BUY,145.729141,0.3431022694,49.999998994812586,16965443463146400687539218410880436586787279682503322483556606534661067919109,0xbd82bbf250a42f9a6a6f35ba61069462ef3c4f29469a63a88a7ac3b7eb172846,Will the highest temperature in Beijing be 36°C on August 1?,highest-temperature-in-beijing-on-august-1-2026-36c,highest-temperature-in-beijing-on-august-1-2026,Yes,0,0xec71bcfecd1f25a7c3da769b0d6416f90e5995c27ed2e44044a9e5623476e950,0xbddc2a7690BF600E347d5eb4A9C28f9F24E55d4f-1774968947489,Equal-Sun
1785542249,2026-07-31T23:57:29+00:00,TAKER,BUY,142.857141,0.3499999975,49.99999899285715,61577461658526657993647511826380781873110162085935324356072237034042380283282,0xbefbd8b549c22f5236471da9b9fc5bb3283d6adaf90ee1099aee3050ab6f32f9,Will the highest temperature in Houston be between 98-99°F on August 1?,highest-temperature-in-houston-on-august-1-2026-98-99f,highest-temperature-in-houston-on-august-1-2026,Yes,0,0xf4bb9895d959ab34a8bd74345e8130b9fd5d71026cfd200fec9ff74cd4ed051f,0xbddc2a7690BF600E347d5eb4A9C28f9F24E55d4f-1774968947489,Equal-Sun
1785545853,2026-08-01T00:57:33+00:00,TAKER,BUY,237.67651,0.4207399334,99.99999898814444,104373302552448655153054108625563296139747349851380291097548385112406025326090,0x274f731e9ecaa5c333df980cd9af327babd7f44adf23a0924ced7c2091e3f0ea,Will the highest temperature in Istanbul be 27°C on August 2?,highest-temperature-in-istanbul-on-august-2-2026-27c,highest-temperature-in-istanbul-on-august-2-2026,Yes,0,0xe13d4cd0e7c78c5b41a4739e26c05b1e849906fc5c31531e76bd335232e38eba,0xbddc2a7690BF600E347d5eb4A9C28f9F24E55d4f-1774968947489,Equal-Sun
1785548562,2026-08-01T01:42:42+00:00,TAKER,BUY,227.422172,0.2198554282,49.99999900723405,29994920189118210123800255952450728245298985082267054850498581086967931383496,0x4a956130634926a410d85411a3fb96f7f5f0514adc1438c584ebe3b68720a862,Will the highest temperature in Qingdao be 37°C on August 2?,highest-temperature-in-qingdao-on-august-2-2026-37c,highest-temperature-in-qingdao-on-august-2-2026,Yes,0,0x8980ed9aea20c498ee9ac0a3c8970b53f27b454a9497f3b6db849b5c09b2d439,0xbddc2a7690BF600E347d5eb4A9C28f9F24E55d4f-1774968947489,Equal-Sun
1785548567,2026-08-01T01:42:47+00:00,TAKER,BUY,281.971827,0.7092907087,199.9999970062638,105664093229051762928373477516936419619595645502321969858662739512061310469608,0xf14fa2e71e7550b578acbdc1fbd820ace126077244883bd6568d43e9ee0b8802,Will the highest temperature in Istanbul be 27°C on August 1?,highest-temperature-in-istanbul-on-august-1-2026-27c,highest-temperature-in-istanbul-on-august-1-2026,Yes,0,0x4f0e5785277624f89ea243aded297f5e4ab5d0319f694391c14e1124d5abb746,0xbddc2a7690BF600E347d5eb4A9C28f9F24E55d4f-1774968947489,Equal-Sun
1785548571,2026-08-01T01:42:51+00:00,TAKER,BUY,200.6534,0.4983718193,100.00000000673063,61869065785818573331074614886805979507265934853001349052327589642013543147372,0x17cd8cfc0b397b74f26f0300e4a4de069d3b363a10744ccb0c1b51737c22ff3b,Will the highest temperature in Amsterdam be 24°C on August 1?,highest-temperature-in-amsterdam-on-august-1-2026-24c,highest-temperature-in-amsterdam-on-august-1-2026,Yes,0,0xd2af3626587d454f7e590ffbfc36e4c8e59134d33ca3c795a8719ea185eb2d94,0xbddc2a7690BF600E347d5eb4A9C28f9F24E55d4f-1774968947489,Equal-Sun
1785549464,2026-08-01T01:57:44+00:00,TAKER,BUY,146.20857,0.341977211,49.99999899289827,72610637963041781391402890367465736816851360541052666550906588065096489946824,0x012bc6043b96665ec4341905ad479bf835f04133fd2290bdfa1eafc4208bd873,Will the highest temperature in New York City be between 86-87°F on August 1?,highest-temperature-in-nyc-on-august-1-2026-86-87f,highest-temperature-in-nyc-on-august-1-2026,Yes,0,0x4fa8e19808d44eaaa6d499a0baf10c5cc4301fc219cce533b8ee20df0ef9456f,0xbddc2a7690BF600E347d5eb4A9C28f9F24E55d4f-1774968947489,Equal-Sun
1785556736,2026-08-01T03:58:56+00:00,TAKER,BUY,270.270269,0.369999998,99.99999898945946,83765038600787592755391731277028367335640884602274078924337286636378364260898,0x7a936934ecca9e5e570813752b80c981fdea95270aba809fd3c5087f638465f8,Will the highest temperature in Milan be 35°C on August 1?,highest-temperature-in-milan-on-august-1-2026-35c,highest-temperature-in-milan-on-august-1-2026,Yes,0,0xd9145a6f611ba886d55a00ff126f3c07cc447e9f7cec1ea0bde16f1e0af9f826,0xbddc2a7690BF600E347d5eb4A9C28f9F24E55d4f-1774968947489,Equal-Sun
1785558287,2026-08-01T04:24:47+00:00,MAKER,SELL,41.27,0.99,40.8573,108528011702789229882919498892107869561187664402727038912500174194200290336336,0xdb0596a4bf532c33c69ed9e2647399fdc970fcdb67a1da464445a4e933653a7f,Will the highest temperature in Shanghai be 37°C on August 1?,highest-temperature-in-shanghai-on-august-1-2026-37c,highest-temperature-in-shanghai-on-august-1-2026,Yes,0,0xcd1066b1ba0f2bb12b013ff97982823836ab753494fda6fff1b20bd3ced0ecbd,0xbddc2a7690BF600E347d5eb4A9C28f9F24E55d4f-1774968947489,Equal-Sun
1785558443,2026-08-01T04:27:23+00:00,MAKER,SELL,45,0.99,44.55,108528011702789229882919498892107869561187664402727038912500174194200290336336,0xdb0596a4bf532c33c69ed9e2647399fdc970fcdb67a1da464445a4e933653a7f,Will the highest temperature in Shanghai be 37°C on August 1?,highest-temperature-in-shanghai-on-august-1-2026-37c,highest-temperature-in-shanghai-on-august-1-2026,Yes,0,0x5379529a46f791046f6eeda88ae308209a170c0b5f7c9735c0b82b34dcb19608,0xbddc2a7690BF600E347d5eb4A9C28f9F24E55d4f-1774968947489,Equal-Sun
1785559022,2026-08-01T04:37:02+00:00,MAKER,SELL,80.8,0.99,79.99199999999999,108528011702789229882919498892107869561187664402727038912500174194200290336336,0xdb0596a4bf532c33c69ed9e2647399fdc970fcdb67a1da464445a4e933653a7f,Will the highest temperature in Shanghai be 37°C on August 1?,highest-temperature-in-shanghai-on-august-1-2026-37c,highest-temperature-in-shanghai-on-august-1-2026,Yes,0,0x81b3740e9b86f8f01afa930ebc9b92eefd0bdcc2282e74162a2a1c99c57b2b36,0xbddc2a7690BF600E347d5eb4A9C28f9F24E55d4f-1774968947489,Equal-Sun
1785559023,2026-08-01T04:37:03+00:00,MAKER,SELL,11.14,0.99,11.0286,108528011702789229882919498892107869561187664402727038912500174194200290336336,0xdb0596a4bf532c33c69ed9e2647399fdc970fcdb67a1da464445a4e933653a7f,Will the highest temperature in Shanghai be 37°C on August 1?,highest-temperature-in-shanghai-on-august-1-2026-37c,highest-temperature-in-shanghai-on-august-1-2026,Yes,0,0x213cb0d733fc500080456ce5491de4631159a9a1bfa6f026ae9824e1095b1d90,0xbddc2a7690BF600E347d5eb4A9C28f9F24E55d4f-1774968947489,Equal-Sun
1785559023,2026-08-01T04:37:03+00:00,MAKER,SELL,11.12,0.99,11.008799999999999,108528011702789229882919498892107869561187664402727038912500174194200290336336,0xdb0596a4bf532c33c69ed9e2647399fdc970fcdb67a1da464445a4e933653a7f,Will the highest temperature in Shanghai be 37°C on August 1?,highest-temperature-in-shanghai-on-august-1-2026-37c,highest-temperature-in-shanghai-on-august-1-2026,Yes,0,0xc3eee67a22db02f8dbe7d1f4d2e0b3589882693c72a48a09c944c3c2559b1a8f,0xbddc2a7690BF600E347d5eb4A9C28f9F24E55d4f-1774968947489,Equal-Sun
1785559023,2026-08-01T04:37:03+00:00,MAKER,SELL,11.13,0.99,11.0187,108528011702789229882919498892107869561187664402727038912500174194200290336336,0xdb0596a4bf532c33c69ed9e2647399fdc970fcdb67a1da464445a4e933653a7f,Will the highest temperature in Shanghai be 37°C on August 1?,highest-temperature-in-shanghai-on-august-1-2026-37c,highest-temperature-in-shanghai-on-august-1-2026,Yes,0,0xf53ff4e6abae9d9985b47f38a3ed0414af4280803a62ccdffbfb8afd1122e2ed,0xbddc2a7690BF600E347d5eb4A9C28f9F24E55d4f-1774968947489,Equal-Sun
1785559143,2026-08-01T04:39:03+00:00,MAKER,SELL,5.050504,0.9899998099,4.99999799989919,108528011702789229882919498892107869561187664402727038912500174194200290336336,0xdb0596a4bf532c33c69ed9e2647399fdc970fcdb67a1da464445a4e933653a7f,Will the highest temperature in Shanghai be 37°C on August 1?,highest-temperature-in-shanghai-on-august-1-2026-37c,highest-temperature-in-shanghai-on-august-1-2026,Yes,0,0x8ae9cf2fd2ba72760d59024f6697f344ba436f53ae68646b9598c99239b8a987,0xbddc2a7690BF600E347d5eb4A9C28f9F24E55d4f-1774968947489,Equal-Sun
1785559457,2026-08-01T04:44:17+00:00,TAKER,BUY,224.286665,0.4458579782,99.9999989941207,106694052924413946494041391753058781124688930353772229337322691452619385670467,0x3076cf8cd45ec4c882746a2d550608b2b6b807da7f5391f14c7359c8501f58bc,Will the highest temperature in Denver be between 92-93°F on August 1?,highest-temperature-in-denver-on-august-1-2026-92-93f,highest-temperature-in-denver-on-august-1-2026,Yes,0,0x1f88cf7dcedd6a2f204d3f493585c4cea822164af4acda47c26e47d77d0dfe25,0xbddc2a7690BF600E347d5eb4A9C28f9F24E55d4f-1774968947489,Equal-Sun
1785559623,2026-08-01T04:47:03+00:00,MAKER,SELL,10.101009,0.9899999099,9.999997999899088,108528011702789229882919498892107869561187664402727038912500174194200290336336,0xdb0596a4bf532c33c69ed9e2647399fdc970fcdb67a1da464445a4e933653a7f,Will the highest temperature in Shanghai be 37°C on August 1?,highest-temperature-in-shanghai-on-august-1-2026-37c,highest-temperature-in-shanghai-on-august-1-2026,Yes,0,0xa56e1f693bc0618c413cbdc0da026e4ae1bb24161b4ef9925c2af88f63fe52aa,0xbddc2a7690BF600E347d5eb4A9C28f9F24E55d4f-1774968947489,Equal-Sun
1785560259,2026-08-01T04:57:39+00:00,MAKER,SELL,5.05,0.99,4.999499999999999,108528011702789229882919498892107869561187664402727038912500174194200290336336,0xdb0596a4bf532c33c69ed9e2647399fdc970fcdb67a1da464445a4e933653a7f,Will the highest temperature in Shanghai be 37°C on August 1?,highest-temperature-in-shanghai-on-august-1-2026-37c,highest-temperature-in-shanghai-on-august-1-2026,Yes,0,0xf55116c2d5a91b79b8a4daa4e6315c6990fcf5ca8a51706fbbc50eeea8a31aa1,0xbddc2a7690BF600E347d5eb4A9C28f9F24E55d4f-1774968947489,Equal-Sun
1785560261,2026-08-01T04:57:41+00:00,MAKER,SELL,5.05,0.99,4.999499999999999,108528011702789229882919498892107869561187664402727038912500174194200290336336,0xdb0596a4bf532c33c69ed9e2647399fdc970fcdb67a1da464445a4e933653a7f,Will the highest temperature in Shanghai be 37°C on August 1?,highest-temperature-in-shanghai-on-august-1-2026-37c,highest-temperature-in-shanghai-on-august-1-2026,Yes,0,0xbbbea741575aa7515582240f684714ca4b4f290f5eeee07af141700a894334d9,0xbddc2a7690BF600E347d5eb4A9C28f9F24E55d4f-1774968947489,Equal-Sun
1785560261,2026-08-01T04:57:41+00:00,MAKER,SELL,5.05,0.99,4.999499999999999,108528011702789229882919498892107869561187664402727038912500174194200290336336,0xdb0596a4bf532c33c69ed9e2647399fdc970fcdb67a1da464445a4e933653a7f,Will the highest temperature in Shanghai be 37°C on August 1?,highest-temperature-in-shanghai-on-august-1-2026-37c,highest-temperature-in-shanghai-on-august-1-2026,Yes,0,0x5e3b2818a07fdc7201672e9e892fade9c16c3adf5a3abf2ebc527769a5d29059,0xbddc2a7690BF600E347d5eb4A9C28f9F24E55d4f-1774968947489,Equal-Sun
1785560363,2026-08-01T04:59:23+00:00,TAKER,BUY,271.621619,0.7363184077,199.99999799897608,105664093229051762928373477516936419619595645502321969858662739512061310469608,0xf14fa2e71e7550b578acbdc1fbd820ace126077244883bd6568d43e9ee0b8802,Will the highest temperature in Istanbul be 27°C on August 1?,highest-temperature-in-istanbul-on-august-1-2026-27c,highest-temperature-in-istanbul-on-august-1-2026,Yes,0,0x869d270baa53901d57be5927058573c94a81b02203f69c82ed69ba544613426b,0xbddc2a7690BF600E347d5eb4A9C28f9F24E55d4f-1774968947489,Equal-Sun
1785560396,2026-08-01T04:59:56+00:00,MAKER,SELL,5.05,0.99,4.999499999999999,108528011702789229882919498892107869561187664402727038912500174194200290336336,0xdb0596a4bf532c33c69ed9e2647399fdc970fcdb67a1da464445a4e933653a7f,Will the highest temperature in Shanghai be 37°C on August 1?,highest-temperature-in-shanghai-on-august-1-2026-37c,highest-temperature-in-shanghai-on-august-1-2026,Yes,0,0xcb4a2cbf1fd12464b773be0105052b17af2a205c6cdb35513bdf674843759487,0xbddc2a7690BF600E347d5eb4A9C28f9F24E55d4f-1774968947489,Equal-Sun
1785560436,2026-08-01T05:00:36+00:00,MAKER,SELL,2.26,0.99,2.2373999999999996,108528011702789229882919498892107869561187664402727038912500174194200290336336,0xdb0596a4bf532c33c69ed9e2647399fdc970fcdb67a1da464445a4e933653a7f,Will the highest temperature in Shanghai be 37°C on August 1?,highest-temperature-in-shanghai-on-august-1-2026-37c,highest-temperature-in-shanghai-on-august-1-2026,Yes,0,0xa4f832083a2ee71bbe123e6ba26db4492080cf995b27e008e5eb79c2179a231d,0xbddc2a7690BF600E347d5eb4A9C28f9F24E55d4f-1774968947489,Equal-Sun
1785561264,2026-08-01T05:14:24+00:00,TAKER,BUY,303.030302,0.3299999978,99.99999899333334,36296626017158160298475684139493058921532529850609948033061785064949309366296,0x7893eeea6c17cd675c8c32f0937e79b5c40bf2c792cf17600d7b22fd6e548c9d,Will the highest temperature in Wellington be 12°C on August 2?,highest-temperature-in-wellington-on-august-2-2026-12c,highest-temperature-in-wellington-on-august-2-2026,Yes,0,0x36a7e91527ad50d4989a0f18405174e369f6a10b31129ad6f6e0de4b181d2e82,0xbddc2a7690BF600E347d5eb4A9C28f9F24E55d4f-1774968947489,Equal-Sun
1785561284,2026-08-01T05:14:44+00:00,TAKER,BUY,572.745896,0.3491949927,199.99999897267494,36296626017158160298475684139493058921532529850609948033061785064949309366296,0x7893eeea6c17cd675c8c32f0937e79b5c40bf2c792cf17600d7b22fd6e548c9d,Will the highest temperature in Wellington be 12°C on August 2?,highest-temperature-in-wellington-on-august-2-2026-12c,highest-temperature-in-wellington-on-august-2-2026,Yes,0,0xbf8f2f6307ee39f02edacc183057e8984cea7fd2b895d7f6c928e5dde2146dad,0xbddc2a7690BF600E347d5eb4A9C28f9F24E55d4f-1774968947489,Equal-Sun
1785564015,2026-08-01T06:00:15+00:00,TAKER,BUY,196.040768,0.5100979762,99.99999900949372,54204334257368742451776554605752497922998079455605465356631247964984831908969,0xa9a7c40466f7dc2e116ceedee099808f47e43b1c88d4898b277230587624b187,Will the highest temperature in Helsinki be 23°C on August 1?,highest-temperature-in-helsinki-on-august-1-2026-23c,highest-temperature-in-helsinki-on-august-1-2026,Yes,0,0xb3bff282fdbdcef1c97d495045df9da2568000f748a147c3afff862b4e3926d0,0xbddc2a7690BF600E347d5eb4A9C28f9F24E55d4f-1774968947489,Equal-Sun
1785576704,2026-08-01T09:31:44+00:00,TAKER,BUY,114.954544,0.4349545243,49.99999900164342,66028257915284770338580605070087954063055242203880309416980218886126797470775,0xb02126d42e2721e697249b16803fc8b4af9b5839efea34fed28d63590eb7f5bf,Will the highest temperature in Shanghai be 36°C on August 2?,highest-temperature-in-shanghai-on-august-2-2026-36c,highest-temperature-in-shanghai-on-august-2-2026,Yes,0,0xde331da103f9f8b54dc61cf49d0b48b315e4d1e3a28b7ccf7bab2b15407c4548,0xbddc2a7690BF600E347d5eb4A9C28f9F24E55d4f-1774968947489,Equal-Sun
1785578526,2026-08-01T10:02:06+00:00,TAKER,BUY,184.73818,0.5413066157,99.99999900637744,60866682444665278132944905389882195140066471426556649944976610801622198659469,0x210cbfd5e6d2a2b149522de99c8e8592cc8207b376a6a6b78f96e14c3767639f,Will the highest temperature in Singapore be 32°C on August 2?,highest-temperature-in-singapore-on-august-2-2026-32c,highest-temperature-in-singapore-on-august-2-2026,Yes,0,0x2a3f463a77aed79e751752e9e83ea04ebf5bfe44b394220f5b0e9e5a8c62e8d6,0xbddc2a7690BF600E347d5eb4A9C28f9F24E55d4f-1774968947489,Equal-Sun
1785589452,2026-08-01T13:04:12+00:00,TAKER,BUY,388.519614,0.5147745231,199.99999901184609,104373302552448655153054108625563296139747349851380291097548385112406025326090,0x274f731e9ecaa5c333df980cd9af327babd7f44adf23a0924ced7c2091e3f0ea,Will the highest temperature in Istanbul be 27°C on August 2?,highest-temperature-in-istanbul-on-august-2-2026-27c,highest-temperature-in-istanbul-on-august-2-2026,Yes,0,0x3ff1059cdacf7d988fd525b83c3f8053ae063a4f91329e7871c360bae46d37a6,0xbddc2a7690BF600E347d5eb4A9C28f9F24E55d4f-1774968947489,Equal-Sun
1785591255,2026-08-01T13:34:15+00:00,TAKER,BUY,195.415768,0.5117294271,99.99999900494653,77547477404384193703149498566860551517709717468968628665128307497540770789947,0xf101164ce159fea0f71c7724139fefa8bcf2c080ffad8d43ecfecc97483c86be,Will the highest temperature in Los Angeles be between 80-81°F on August 2?,highest-temperature-in-los-angeles-on-august-2-2026-80-81f,highest-temperature-in-los-angeles-on-august-2-2026,Yes,0,0x2a313250bd4d192f7f1033e4c8d1547342d700803a5398b93e453e283f2f3072,0xbddc2a7690BF600E347d5eb4A9C28f9F24E55d4f-1774968947489,Equal-Sun
1785595596,2026-08-01T14:46:36+00:00,TAKER,SELL,23.25,0.998,23.2035,105664093229051762928373477516936419619595645502321969858662739512061310469608,0xf14fa2e71e7550b578acbdc1fbd820ace126077244883bd6568d43e9ee0b8802,Will the highest temperature in Istanbul be 27°C on August 1?,highest-temperature-in-istanbul-on-august-1-2026-27c,highest-temperature-in-istanbul-on-august-1-2026,Yes,0,0x911167327529c6372f076366c23e34f501d679a4016f0591cfdaf3f639069026,0xbddc2a7690BF600E347d5eb4A9C28f9F24E55d4f-1774968947489,Equal-Sun
1785595598,2026-08-01T14:46:38+00:00,MAKER,SELL,25.050099,0.997999968,24.999998000396833,105664093229051762928373477516936419619595645502321969858662739512061310469608,0xf14fa2e71e7550b578acbdc1fbd820ace126077244883bd6568d43e9ee0b8802,Will the highest temperature in Istanbul be 27°C on August 1?,highest-temperature-in-istanbul-on-august-1-2026-27c,highest-temperature-in-istanbul-on-august-1-2026,Yes,0,0x74050226910242af7e504ce924fac1b56528a1dd2af73aa23b1d2734a976ec34,0xbddc2a7690BF600E347d5eb4A9C28f9F24E55d4f-1774968947489,Equal-Sun
1785595832,2026-08-01T14:50:32+00:00,MAKER,SELL,45.45,0.998,45.359100000000005,105664093229051762928373477516936419619595645502321969858662739512061310469608,0xf14fa2e71e7550b578acbdc1fbd820ace126077244883bd6568d43e9ee0b8802,Will the highest temperature in Istanbul be 27°C on August 1?,highest-temperature-in-istanbul-on-august-1-2026-27c,highest-temperature-in-istanbul-on-august-1-2026,Yes,0,0xc727758b1ae200c52265998c5e2d88c8fd470c5ab12ede48304cbf096a3c8d35,0xbddc2a7690BF600E347d5eb4A9C28f9F24E55d4f-1774968947489,Equal-Sun
1785596471,2026-08-01T15:01:11+00:00,MAKER,SELL,11.432864,0.9979999762,11.409997999897838,105664093229051762928373477516936419619595645502321969858662739512061310469608,0xf14fa2e71e7550b578acbdc1fbd820ace126077244883bd6568d43e9ee0b8802,Will the highest temperature in Istanbul be 27°C on August 1?,highest-temperature-in-istanbul-on-august-1-2026-27c,highest-temperature-in-istanbul-on-august-1-2026,Yes,0,0xc0dc207e7551ae81e4173791e0db1bcedc33773cfba8d4ce88a55e991d33aaf4,0xbddc2a7690BF600E347d5eb4A9C28f9F24E55d4f-1774968947489,Equal-Sun
1785598020,2026-08-01T15:27:00+00:00,MAKER,SELL,388.77,0.998,387.99246,105664093229051762928373477516936419619595645502321969858662739512061310469608,0xf14fa2e71e7550b578acbdc1fbd820ace126077244883bd6568d43e9ee0b8802,Will the highest temperature in Istanbul be 27°C on August 1?,highest-temperature-in-istanbul-on-august-1-2026-27c,highest-temperature-in-istanbul-on-august-1-2026,Yes,0,0x2277d487c204f29643a0956403c72b4b3a59d5f6a24b1b9ad5f7e06e952ba9b3,0xbddc2a7690BF600E347d5eb4A9C28f9F24E55d4f-1774968947489,Equal-Sun
1785598164,2026-08-01T15:29:24+00:00,MAKER,SELL,388.77,0.998,387.99246,105664093229051762928373477516936419619595645502321969858662739512061310469608,0xf14fa2e71e7550b578acbdc1fbd820ace126077244883bd6568d43e9ee0b8802,Will the highest temperature in Istanbul be 27°C on August 1?,highest-temperature-in-istanbul-on-august-1-2026-27c,highest-temperature-in-istanbul-on-august-1-2026,Yes,0,0x5c1d57f8f906b87db0076d16ce5e8679c79f714cdd6c772279d9ecaf48713791,0xbddc2a7690BF600E347d5eb4A9C28f9F24E55d4f-1774968947489,Equal-Sun
1785598266,2026-08-01T15:31:06+00:00,MAKER,SELL,1.01,0.998,1.00798,105664093229051762928373477516936419619595645502321969858662739512061310469608,0xf14fa2e71e7550b578acbdc1fbd820ace126077244883bd6568d43e9ee0b8802,Will the highest temperature in Istanbul be 27°C on August 1?,highest-temperature-in-istanbul-on-august-1-2026-27c,highest-temperature-in-istanbul-on-august-1-2026,Yes,0,0x962d6b2521c4ef165b972f1ca7fb854db228cd55f0a8039e9d98564084446173,0xbddc2a7690BF600E347d5eb4A9C28f9F24E55d4f-1774968947489,Equal-Sun
1785598419,2026-08-01T15:33:39+00:00,MAKER,SELL,150,0.998,149.7,105664093229051762928373477516936419619595645502321969858662739512061310469608,0xf14fa2e71e7550b578acbdc1fbd820ace126077244883bd6568d43e9ee0b8802,Will the highest temperature in Istanbul be 27°C on August 1?,highest-temperature-in-istanbul-on-august-1-2026-27c,highest-temperature-in-istanbul-on-august-1-2026,Yes,0,0x0662a62979a4c6971e8451e1dd14e8ddc78bc66967f3b33e3f6719377537753f,0xbddc2a7690BF600E347d5eb4A9C28f9F24E55d4f-1774968947489,Equal-Sun
1785598442,2026-08-01T15:34:02+00:00,MAKER,SELL,170,0.998,169.66,105664093229051762928373477516936419619595645502321969858662739512061310469608,0xf14fa2e71e7550b578acbdc1fbd820ace126077244883bd6568d43e9ee0b8802,Will the highest temperature in Istanbul be 27°C on August 1?,highest-temperature-in-istanbul-on-august-1-2026-27c,highest-temperature-in-istanbul-on-august-1-2026,Yes,0,0xfb28e389832a40b39d2d54e82699ac768d082ecfb48820e62fdaa193e37c9bce,0xbddc2a7690BF600E347d5eb4A9C28f9F24E55d4f-1774968947489,Equal-Sun
1785598460,2026-08-01T15:34:20+00:00,MAKER,SELL,74.28,0.998,74.13144,105664093229051762928373477516936419619595645502321969858662739512061310469608,0xf14fa2e71e7550b578acbdc1fbd820ace126077244883bd6568d43e9ee0b8802,Will the highest temperature in Istanbul be 27°C on August 1?,highest-temperature-in-istanbul-on-august-1-2026-27c,highest-temperature-in-istanbul-on-august-1-2026,Yes,0,0xa5ec9730578ef29b4f93e4f3ff290a51d20af69714a09ea73b37809cd8a518dc,0xbddc2a7690BF600E347d5eb4A9C28f9F24E55d4f-1774968947489,Equal-Sun
1785604694,2026-08-01T17:18:14+00:00,TAKER,BUY,58.721152,0.5108891426,29.99999899776427,61577461658526657993647511826380781873110162085935324356072237034042380283282,0xbefbd8b549c22f5236471da9b9fc5bb3283d6adaf90ee1099aee3050ab6f32f9,Will the highest temperature in Houston be between 98-99°F on August 1?,highest-temperature-in-houston-on-august-1-2026-98-99f,highest-temperature-in-houston-on-august-1-2026,Yes,0,0xdfbd75e17d024611eacef4c033dc88821bcc3f39cfac8147afc5f55c753076a4,0xbddc2a7690BF600E347d5eb4A9C28f9F24E55d4f-1774968947489,Equal-Sun
1785609368,2026-08-01T18:36:08+00:00,TAKER,BUY,181.81818,0.55,99.99999900000002,5267541647827808243318981801258219141862069646747485415485775801307274029109,0x0522f7100e04d858ede7885eac5b9a4f133c0f4f1a8bffeb8a3589819b114e50,Will the highest temperature in Tel Aviv be 34°C on August 3?,highest-temperature-in-tel-aviv-on-august-3-2026-34c,highest-temperature-in-tel-aviv-on-august-3-2026,Yes,0,0x23498cb5c1f17924de4bfdd4577c8911688f1007241f98cac7c98fc6598279f8,0xbddc2a7690BF600E347d5eb4A9C28f9F24E55d4f-1774968947489,Equal-Sun
1785611184,2026-08-01T19:06:24+00:00,TAKER,BUY,607.481175,0.3292283074,199.9999990226132,31382156895980956096083354128046029611924592018052645079549256271545847223539,0x65b2ba59ec0bae67b14ce36e4be6ba5525cecbef43dbb770dbe7186ec61d59ff,Will the highest temperature in London be 26°C on August 2?,highest-temperature-in-london-on-august-2-2026-26c,highest-temperature-in-london-on-august-2-2026,Yes,0,0x0f4cd8939db6c8e981e702823b82f2f6b3496d181266e61f2b6502cd235b68f1,0xbddc2a7690BF600E347d5eb4A9C28f9F24E55d4f-1774968947489,Equal-Sun
1785625167,2026-08-01T22:59:27+00:00,TAKER,BUY,150.886469,0.3313749691,49.999999002483115,29994920189118210123800255952450728245298985082267054850498581086967931383496,0x4a956130634926a410d85411a3fb96f7f5f0514adc1438c584ebe3b68720a862,Will the highest temperature in Qingdao be 37°C on August 2?,highest-temperature-in-qingdao-on-august-2-2026-37c,highest-temperature-in-qingdao-on-august-2-2026,Yes,0,0x4c034abd8af4f62e0dc266d67551d31300ebe7fc313f0fee142f39a3fa4e3c2f,0xbddc2a7690BF600E347d5eb4A9C28f9F24E55d4f-1774968947489,Equal-Sun
1785625649,2026-08-01T23:07:29+00:00,TAKER,BUY,200.22294,0.4994432656,99.99999900163286,40447230030491367352225537675957502343690969177304905837917848193143100850106,0x065bd9677d8d73469b1d6db74a3e83cf04c0f021f8f4f24420b6a8f03925fadd,Will the highest temperature in Madrid be 37°C on August 2?,highest-temperature-in-madrid-on-august-2-2026-37c,highest-temperature-in-madrid-on-august-2-2026,Yes,0,0x757f73dd64d42c8688ada62c754cb61e64309b45bae80f69a67b5626f208dc4f,0xbddc2a7690BF600E347d5eb4A9C28f9F24E55d4f-1774968947489,Equal-Sun
1785628382,2026-08-01T23:53:02+00:00,TAKER,BUY,308.470587,0.3241800133,99.99999899631882,54951578887052131526507850289043135624967484610766089347957158755682582161385,0x299351c9781efb5e6a73579294869fb5bbe5951fba95e4c125dbd286f968a503,Will the highest temperature in Houston be between 98-99°F on August 2?,highest-temperature-in-houston-on-august-2-2026-98-99f,highest-temperature-in-houston-on-august-2-2026,Yes,0,0x540bdde5098ba56a23a318d7e83c2ed452122488910dae7441e6cb50a03fa61b,0xbddc2a7690BF600E347d5eb4A9C28f9F24E55d4f-1774968947489,Equal-Sun
1785632058,2026-08-02T00:54:18+00:00,TAKER,BUY,372.474813,0.2684745264,99.99999901610357,2507426886711862934458540870161044604148978493740861211392336976773872195292,0x477288f78db0b2c336a7674e11c7dc4fa28f1fe0606851f4e41ff36f66ee375a,Will the highest temperature in Istanbul be 27°C on August 3?,highest-temperature-in-istanbul-on-august-3-2026-27c,highest-temperature-in-istanbul-on-august-3-2026,Yes,0,0x7274e3e35c76d832e1da5e275743ab59d0bcac73bc833088fb3efedb7a07924d,0xbddc2a7690BF600E347d5eb4A9C28f9F24E55d4f-1774968947489,Equal-Sun
1785632081,2026-08-02T00:54:41+00:00,TAKER,BUY,219.302856,0.2279952022,49.99999899675748,81684307662234002940111384355707959955568656140294750633719499700945844876376,0x9f8090ebbf9289bd9dc697394710ce045f36c116116474221d5ab8914039e3b4,Will the highest temperature in Beijing be 36°C on August 2?,highest-temperature-in-beijing-on-august-2-2026-36c,highest-temperature-in-beijing-on-august-2-2026,Yes,0,0x5da3e52b1e519a83a99470987b89d9170b7c1d8afcc4323b0246f332133dd579,0xbddc2a7690BF600E347d5eb4A9C28f9F24E55d4f-1774968947489,Equal-Sun
1785632088,2026-08-02T00:54:48+00:00,TAKER,BUY,395.545489,0.5056308429,199.9999990083627,104373302552448655153054108625563296139747349851380291097548385112406025326090,0x274f731e9ecaa5c333df980cd9af327babd7f44adf23a0924ced7c2091e3f0ea,Will the highest temperature in Istanbul be 27°C on August 2?,highest-temperature-in-istanbul-on-august-2-2026-27c,highest-temperature-in-istanbul-on-august-2-2026,Yes,0,0x872a23e49654a6e28ebeda9221de1d3fd6b301ebe71f487c0f77322c52b9f5e8,0xbddc2a7690BF600E347d5eb4A9C28f9F24E55d4f-1774968947489,Equal-Sun
1785634752,2026-08-02T01:39:12+00:00,TAKER,BUY,414.4,0.2413127413,99.99999999471999,105224666859893676932470353722928889777221598297048006394230807296523009199230,0xf4195d8d9ec9b2ad43f7ed6ef90fc43f808dc9a48d1834398b2483163b606852,Will the highest temperature in Qingdao be 36°C on August 3?,highest-temperature-in-qingdao-on-august-3-2026-36c,highest-temperature-in-qingdao-on-august-3-2026,Yes,0,0x82d113bbe522d28b36fbe1d0c4a49f3030b71d82e1d5bdb3b15a793b23aaf6e3,0xbddc2a7690BF600E347d5eb4A9C28f9F24E55d4f-1774968947489,Equal-Sun
1785635651,2026-08-02T01:54:11+00:00,TAKER,BUY,403.4776,0.2478452335,99.99999998401961,44371781363748496858769837137662232606069300536904500572148471635483347929312,0xdcecca01b47ed6c774d1ad3b65410a2f56d23b986892b2d04499ccdc356c53f0,Will the highest temperature in New York City be between 84-85°F on August 2?,highest-temperature-in-nyc-on-august-2-2026-84-85f,highest-temperature-in-nyc-on-august-2-2026,Yes,0,0xc266754a3990b958fb56799921c38d6bebd4ce4d561e674ce354005dc7e81422,0xbddc2a7690BF600E347d5eb4A9C28f9F24E55d4f-1774968947489,Equal-Sun
1785638355,2026-08-02T02:39:15+00:00,TAKER,BUY,463.015382,0.6479266341,299.9999979957857,85007056839561284476069602589987343789248492918825687087155842610090166782116,0xca2759ef5c7dff8cecd94033ae425100a233d7ba67942093c51140c4dc24c8bc,Will the highest temperature in Tel Aviv be 35°C on August 2?,highest-temperature-in-tel-aviv-on-august-2-2026-35c,highest-temperature-in-tel-aviv-on-august-2-2026,Yes,0,0x4116ea150fb60545e87d71d8c52f229d7b695e57fec7fb58e58aac61b1bf1f70,0xbddc2a7690BF600E347d5eb4A9C28f9F24E55d4f-1774968947489,Equal-Sun
1785646466,2026-08-02T04:54:26+00:00,TAKER,BUY,302.653528,0.3304108155,99.99999900043208,63452533128046195439147885309223301616038778773405185938843375704969451738800,0x2a03605ef8862b30e44f5141af20259e00ec1da9ec7ec1422b3aacf6d50c6e3f,Will the highest temperature in Denver be between 100-101°F on August 2?,highest-temperature-in-denver-on-august-2-2026-100-101f,highest-temperature-in-denver-on-august-2-2026,Yes,0,0x255e961037200dd8cc587ab2475a6c4476f5e5b2328fd38787f67ab911567380,0xbddc2a7690BF600E347d5eb4A9C28f9F24E55d4f-1774968947489,Equal-Sun
1785646469,2026-08-02T04:54:29+00:00,TAKER,BUY,344.947757,0.5797979402,199.99999898521014,104373302552448655153054108625563296139747349851380291097548385112406025326090,0x274f731e9ecaa5c333df980cd9af327babd7f44adf23a0924ced7c2091e3f0ea,Will the highest temperature in Istanbul be 27°C on August 2?,highest-temperature-in-istanbul-on-august-2-2026-27c,highest-temperature-in-istanbul-on-august-2-2026,Yes,0,0x05141e3dd36991c84ca074c2cbafa6cc8b048f9ccfec3ad4e198dda03c2d4b29,0xbddc2a7690BF600E347d5eb4A9C28f9F24E55d4f-1774968947489,Equal-Sun
1785647367,2026-08-02T05:09:27+00:00,TAKER,BUY,166.5,0.3003003003,49.99999999995,51757630707942237349902772133017501785916810337730854199694415179691818861883,0xb9743d52d3d5999cbf16d42c0fcc27b09b098947d641f81880f009da4cc4f2f0,Will the highest temperature in Wellington be 15°C on August 3?,highest-temperature-in-wellington-on-august-3-2026-15c,highest-temperature-in-wellington-on-august-3-2026,Yes,0,0x3281a41c1c4b3b18ba7b6657f89ded55cc9727ab4eed051a87031bc7be7b37fd,0xbddc2a7690BF600E347d5eb4A9C28f9F24E55d4f-1774968947489,Equal-Sun
1785650990,2026-08-02T06:09:50+00:00,TAKER,BUY,159.111902,0.6284884835,99.9999979947806,81462691238559205205800667778467174970665810496998646521268518621215696009882,0x53d752a9b86a1bf0e4488fd34f5d7c1137fb3dc2c062be8a86ec1560c2eb7947,Will the highest temperature in Helsinki be 22°C on August 2?,highest-temperature-in-helsinki-on-august-2-2026-22c,highest-temperature-in-helsinki-on-august-2-2026,Yes,0,0x1e9ec00edf1a16c003f22608dc645ffc757d1ea2996c6624369016d6199bfe87,0xbddc2a7690BF600E347d5eb4A9C28f9F24E55d4f-1774968947489,Equal-Sun
1785651099,2026-08-02T06:11:39+00:00,TAKER,BUY,246.535608,0.4056209154,99.99999899565556,51757630707942237349902772133017501785916810337730854199694415179691818861883,0xb9743d52d3d5999cbf16d42c0fcc27b09b098947d641f81880f009da4cc4f2f0,Will the highest temperature in Wellington be 15°C on August 3?,highest-temperature-in-wellington-on-august-3-2026-15c,highest-temperature-in-wellington-on-august-3-2026,Yes,0,0x739ae117cbaa7dd38540818beb9feae0b77dfba1d013d5f690f81dd192791103,0xbddc2a7690BF600E347d5eb4A9C28f9F24E55d4f-1774968947489,Equal-Sun
1785659987,2026-08-02T08:39:47+00:00,TAKER,BUY,132.263156,0.3780342199,49.999998999972014,33933889193895875276873737471750380332195398423342035493271895807913618484430,0x1a76c1e23fddefc6c743fa4efa8c4ed25f47c70db69ea0e54e1688940828312f,Will the highest temperature in Dallas be between 98-99°F on August 3?,highest-temperature-in-dallas-on-august-3-2026-98-99f,highest-temperature-in-dallas-on-august-3-2026,Yes,0,0xd1913d99b2afc187974eda0b14e4e5bec637905c0db991fdf07f8112cff89fad,0xbddc2a7690BF600E347d5eb4A9C28f9F24E55d4f-1774968947489,Equal-Sun
1785664502,2026-08-02T09:55:02+00:00,TAKER,BUY,192.307691,0.5199999983,99.99999899307693,6264442192607507124777512469140728294355836739569908213921548636665743508963,0x97b4d4486201b4072318606a5e7649b01794b841048df39699dbaae070c3a5f4,Will the highest temperature in Singapore be 32°C on August 3?,highest-temperature-in-singapore-on-august-3-2026-32c,highest-temperature-in-singapore-on-august-3-2026,Yes,0,0x193302b045e4ac2812da5a2bfa8bafb61e26555088cf02e43682f97e64e6235e,0xbddc2a7690BF600E347d5eb4A9C28f9F24E55d4f-1774968947489,Equal-Sun
1785675428,2026-08-02T12:57:08+00:00,TAKER,BUY,582.4,0.2755357143,160.47200000832,2507426886711862934458540870161044604148978493740861211392336976773872195292,0x477288f78db0b2c336a7674e11c7dc4fa28f1fe0606851f4e41ff36f66ee375a,Will the highest temperature in Istanbul be 27°C on August 3?,highest-temperature-in-istanbul-on-august-3-2026-27c,highest-temperature-in-istanbul-on-august-3-2026,Yes,0,0x7a7cfe14719b251aa6e8e97c095699d1dfa2661d03f0bbe1a78567a865535359,0xbddc2a7690BF600E347d5eb4A9C28f9F24E55d4f-1774968947489,Equal-Sun
1785696359,2026-08-02T18:45:59+00:00,TAKER,BUY,327.88516,0.3049848276,99.99999899519841,29565444123648990097245011574716279489798777262185426294829191823977265436681,0xbd461737cb80dd1236ae4f793ed55fa424a889766e8132d820a31d0c3870915e,Will the highest temperature in Tel Aviv be 32°C on August 4?,highest-temperature-in-tel-aviv-on-august-4-2026-32c,highest-temperature-in-tel-aviv-on-august-4-2026,Yes,0,0x03eb0300276fbd0a4bde07dba6e028f8c91f14f568047d4f888693e428defcfb,0xbddc2a7690BF600E347d5eb4A9C28f9F24E55d4f-1774968947489,Equal-Sun
1785709046,2026-08-02T22:17:26+00:00,TAKER,BUY,752.75,0.1848789107,139.16760002942502,72420424329766836611060466133040624708897711816095157397922881205305196801879,0x9617b531542f1ee0989191749d7f961b3e0099054222536ca387c4b776add357,Will the highest temperature in London be 29°C on August 3?,highest-temperature-in-london-on-august-3-2026-29c,highest-temperature-in-london-on-august-3-2026,Yes,0,0x5c800f93ae4e1580f57627a633569c94515f50a5128b0a3dabf1cb049156e662,0xbddc2a7690BF600E347d5eb4A9C28f9F24E55d4f-1774968947489,Equal-Sun
1785709947,2026-08-02T22:32:27+00:00,TAKER,BUY,299.451817,0.2031378524,60.829999002657814,72420424329766836611060466133040624708897711816095157397922881205305196801879,0x9617b531542f1ee0989191749d7f961b3e0099054222536ca387c4b776add357,Will the highest temperature in London be 29°C on August 3?,highest-temperature-in-london-on-august-3-2026-29c,highest-temperature-in-london-on-august-3-2026,Yes,0,0x3ecffe7581c287acc7977f52bef86fdb005df3e9dc428a5caf22430e3e086dbc,0xbddc2a7690BF600E347d5eb4A9C28f9F24E55d4f-1774968947489,Equal-Sun
1785711749,2026-08-02T23:02:29+00:00,TAKER,BUY,174.749309,0.5722483229,99.99999900318389,106816145839141293997212070002364124247249352742138466778799690522105724688761,0xcde929675a930cf188a738c0817f0be8edab0252f7c02a259e6ef26ce877b432,Will the highest temperature in Madrid be 33°C on August 3?,highest-temperature-in-madrid-on-august-3-2026-33c,highest-temperature-in-madrid-on-august-3-2026,Yes,0,0xd0c966a9ef37f4ee24a9a470b2468f5d37ec1a7902d783a13d5865d5d9bd5f45,0xbddc2a7690BF600E347d5eb4A9C28f9F24E55d4f-1774968947489,Equal-Sun
1785715389,2026-08-03T00:03:09+00:00,TAKER,BUY,385.638517,0.2593101949,99.99999900421696,37412025488310039435903346360898202513525032312529517793655663260290537201090,0x5393047150b66c5f1b71fae1317214d85738d896f81eb14dd9a3d9ce2d5231fd,Will the highest temperature in Houston be between 98-99°F on August 3?,highest-temperature-in-houston-on-august-3-2026-98-99f,highest-temperature-in-houston-on-august-3-2026,Yes,0,0x951e7f3aecb9b591d317ee71c59785dd10b279af8be7512273c39e23244bc054,0xbddc2a7690BF600E347d5eb4A9C28f9F24E55d4f-1774968947489,Equal-Sun
1785719030,2026-08-03T01:03:50+00:00,TAKER,BUY,351.025516,0.2848795727,99.99999900487701,71799211937863186137659820062481880065463840963793222168870939142594909792465,0xbef2e8f9c235bf9107bce157d19cb1d829b01712caad17788f97a15496a3d67e,Will the highest temperature in Istanbul be 28°C on August 4?,highest-temperature-in-istanbul-on-august-4-2026-28c,highest-temperature-in-istanbul-on-august-4-2026,Yes,0,0xa85b2dec7be370da86030a52ec798618e80ec978ecb7474a2e6b09c704db9a70,0xbddc2a7690BF600E347d5eb4A9C28f9F24E55d4f-1774968947489,Equal-Sun
1785719034,2026-08-03T01:03:54+00:00,TAKER,BUY,499,0.3401803607,169.74999998930002,2507426886711862934458540870161044604148978493740861211392336976773872195292,0x477288f78db0b2c336a7674e11c7dc4fa28f1fe0606851f4e41ff36f66ee375a,Will the highest temperature in Istanbul be 27°C on August 3?,highest-temperature-in-istanbul-on-august-3-2026-27c,highest-temperature-in-istanbul-on-august-3-2026,Yes,0,0x2a97dd0d15d604b698d32e7770e9dc55730be9a8efb9cd61869ba2aa9aa6170c,0xbddc2a7690BF600E347d5eb4A9C28f9F24E55d4f-1774968947489,Equal-Sun
1785719933,2026-08-03T01:18:53+00:00,TAKER,BUY,83.929458,0.3604217127,30.249998998342715,2507426886711862934458540870161044604148978493740861211392336976773872195292,0x477288f78db0b2c336a7674e11c7dc4fa28f1fe0606851f4e41ff36f66ee375a,Will the highest temperature in Istanbul be 27°C on August 3?,highest-temperature-in-istanbul-on-august-3-2026-27c,highest-temperature-in-istanbul-on-august-3-2026,Yes,0,0x6792e64c9ed8cc2f3854660ae5a660178097f085ccb437ac1857f3e927b08f3a,0xbddc2a7690BF600E347d5eb4A9C28f9F24E55d4f-1774968947489,Equal-Sun
1785722649,2026-08-03T02:04:09+00:00,TAKER,BUY,387.704443,0.2579284318,99.99999898488251,9914378772371567748976138904032948719894893365124262629944906353530198912969,0xbdec85c11a61d135cad7f8b6ecfa7c9dc5906a1e10f16dc6988e7acd7dba78a7,Will the highest temperature in New York City be between 84-85°F on August 3?,highest-temperature-in-nyc-on-august-3-2026-84-85f,highest-temperature-in-nyc-on-august-3-2026,Yes,0,0x04ccb6eabcc7fbaa6dc62b36dae226bcfd6331f5ec76b72d8ed233ad8c7f8287,0xbddc2a7690BF600E347d5eb4A9C28f9F24E55d4f-1774968947489,Equal-Sun
1785724485,2026-08-03T02:34:45+00:00,TAKER,BUY,951.003125,0.3154563767,300.00000004287716,98928629921735091560144823859667856978657793858159152154527129744067907967946,0x39671d60dbd4985e087bc001a8aebfb88810a833fbcecd25d21f09fc9664a1f3,Will the highest temperature in Tel Aviv be 35°C on August 3?,highest-temperature-in-tel-aviv-on-august-3-2026-35c,highest-temperature-in-tel-aviv-on-august-3-2026,Yes,0,0xdac42e088a4a78fac4904b89b789f9da6ffd4c509af1330e6de188367b06d336,0xbddc2a7690BF600E347d5eb4A9C28f9F24E55d4f-1774968947489,Equal-Sun
1785730835,2026-08-03T04:20:35+00:00,TAKER,BUY,182.801,0.2735214796,49.9999999923596,9914378772371567748976138904032948719894893365124262629944906353530198912969,0xbdec85c11a61d135cad7f8b6ecfa7c9dc5906a1e10f16dc6988e7acd7dba78a7,Will the highest temperature in New York City be between 84-85°F on August 3?,highest-temperature-in-nyc-on-august-3-2026-84-85f,highest-temperature-in-nyc-on-august-3-2026,Yes,0,0x90e147d1e58368251f85e1143dc60f23dc12023e65f7918a917080fc180a75cc,0xbddc2a7690BF600E347d5eb4A9C28f9F24E55d4f-1774968947489,Equal-Sun
1785732639,2026-08-03T04:50:39+00:00,TAKER,BUY,175.181033,0.5708380484,99.999998994416,7534297012306341434447212193396610367773027744592769609852429448904331361133,0xb4921c68a33a1d5da40e4c5f1ea3075041dc8cc1767a105b8a8cce08b06f0e04,Will the highest temperature in Istanbul be 28°C on August 3?,highest-temperature-in-istanbul-on-august-3-2026-28c,highest-temperature-in-istanbul-on-august-3-2026,Yes,0,0xb7ce6e0c1a42acf690b6311e73dcc0355dae033a03e136f1812aa7007df62892,0xbddc2a7690BF600E347d5eb4A9C28f9F24E55d4f-1774968947489,Equal-Sun
1785736956,2026-08-03T06:02:36+00:00,TAKER,SELL,1052.2,0.0561418932,59.07250002504,72420424329766836611060466133040624708897711816095157397922881205305196801879,0x9617b531542f1ee0989191749d7f961b3e0099054222536ca387c4b776add357,Will the highest temperature in London be 29°C on August 3?,highest-temperature-in-london-on-august-3-2026-29c,highest-temperature-in-london-on-august-3-2026,Yes,0,0x6ece4e416f542b19353ea5b4539485412ba297ad24c0cf46f26ad56f884ed13f,0xbddc2a7690BF600E347d5eb4A9C28f9F24E55d4f-1774968947489,Equal-Sun
1785737159,2026-08-03T06:05:59+00:00,TAKER,BUY,161.720321,0.6183514748,99.99999899547942,96301862044260311736228161267732557143293917173618890039280025457135810983348,0x6c4c601abe5243432dea2f50e04e77000ed4e40e708b15f07d4d38c44917880b,Will the highest temperature in Helsinki be 21°C on August 3?,highest-temperature-in-helsinki-on-august-3-2026-21c,highest-temperature-in-helsinki-on-august-3-2026,Yes,0,0x4f4628d14abe48fece160a2ad36b9854590f7ede98945d3d94731e0cae9c770a,0xbddc2a7690BF600E347d5eb4A9C28f9F24E55d4f-1774968947489,Equal-Sun
1785738204,2026-08-03T06:23:24+00:00,TAKER,BUY,142.640532,0.701062998,99.99999900023495,7534297012306341434447212193396610367773027744592769609852429448904331361133,0xb4921c68a33a1d5da40e4c5f1ea3075041dc8cc1767a105b8a8cce08b06f0e04,Will the highest temperature in Istanbul be 28°C on August 3?,highest-temperature-in-istanbul-on-august-3-2026-28c,highest-temperature-in-istanbul-on-august-3-2026,Yes,0,0x95a9564e35dc150e1c2c9dc41fe8752a5510ab026d0ebcd4b97c353afc339287,0xbddc2a7690BF600E347d5eb4A9C28f9F24E55d4f-1774968947489,Equal-Sun
1785743529,2026-08-03T07:52:09+00:00,TAKER,BUY,83.48,0.2281336847,19.044599998756002,114180759132422818147549914418792445498310903853132027577769988139858289951824,0xbf3de7feb2f39bb218f18eb22e1cb7c41ab67c49196a30b01d2c7925c6276a6c,Will the highest temperature in Milan be 36°C on August 3?,highest-temperature-in-milan-on-august-3-2026-36c,highest-temperature-in-milan-on-august-3-2026,Yes,0,0x9f230a0c87e03396f0947bb558a7e64cdf631484d3a2a0a8c85b844012f7309a,0xbddc2a7690BF600E347d5eb4A9C28f9F24E55d4f-1774968947489,Equal-Sun
1785744429,2026-08-03T08:07:09+00:00,TAKER,BUY,120,0.3170833333,38.049999996,114180759132422818147549914418792445498310903853132027577769988139858289951824,0xbf3de7feb2f39bb218f18eb22e1cb7c41ab67c49196a30b01d2c7925c6276a6c,Will the highest temperature in Milan be 36°C on August 3?,highest-temperature-in-milan-on-august-3-2026-36c,highest-temperature-in-milan-on-august-3-2026,Yes,0,0x1270514ef691e66f27485cf832d3bff7ef2ffd1288b573a838ce66495b0cfd4d,0xbddc2a7690BF600E347d5eb4A9C28f9F24E55d4f-1774968947489,Equal-Sun
1785745188,2026-08-03T08:19:48+00:00,TAKER,BUY,204.285713,0.4895104877,99.99999900077222,33933889193895875276873737471750380332195398423342035493271895807913618484430,0x1a76c1e23fddefc6c743fa4efa8c4ed25f47c70db69ea0e54e1688940828312f,Will the highest temperature in Dallas be between 98-99°F on August 3?,highest-temperature-in-dallas-on-august-3-2026-98-99f,highest-temperature-in-dallas-on-august-3-2026,Yes,0,0x2f7d7f911053a8f17a9e6bc7371cba38c397cc313342a4680f402819465d6ab2,0xbddc2a7690BF600E347d5eb4A9C28f9F24E55d4f-1774968947489,Equal-Sun
1785745338,2026-08-03T08:22:18+00:00,TAKER,BUY,43.6,0.2961009174,12.90999999864,114180759132422818147549914418792445498310903853132027577769988139858289951824,0xbf3de7feb2f39bb218f18eb22e1cb7c41ab67c49196a30b01d2c7925c6276a6c,Will the highest temperature in Milan be 36°C on August 3?,highest-temperature-in-milan-on-august-3-2026-36c,highest-temperature-in-milan-on-august-3-2026,Yes,0,0xfec71136ac6a9732e595a63e1a6dbcc6fb18684b98809a7f3d852133f33addd9,0xbddc2a7690BF600E347d5eb4A9C28f9F24E55d4f-1774968947489,Equal-Sun
1785747170,2026-08-03T08:52:50+00:00,TAKER,BUY,189.629628,0.263671872,49.99999900142361,88783274555916923812557649169191863061860000886649472743769597270268958736195,0xf31d71af4137ee1ea75f5e4bc233c38f2fe01544ce346dc99f5f18457728f8c8,Will the highest temperature in Dallas be between 102-103°F on August 4?,highest-temperature-in-dallas-on-august-4-2026-102-103f,highest-temperature-in-dallas-on-august-4-2026,Yes,0,0xb081470cbbd996ce1dd6289a0116511cc42235a06f691a138f4545aa5c1e7395,0xbddc2a7690BF600E347d5eb4A9C28f9F24E55d4f-1774968947489,Equal-Sun
1785749895,2026-08-03T09:38:15+00:00,TAKER,BUY,149.148935,0.4693295262,69.9999989967846,30169164880186346400167965710599575492476535159876771681079252806114621984690,0x5fa4d193fab4ea85e49e133d492b468fa4113281cfce24274b2fdc147f0c94aa,Will the highest temperature in Austin be between 98-99°F on August 4?,highest-temperature-in-austin-on-august-4-2026-98-99f,highest-temperature-in-austin-on-august-4-2026,Yes,0,0xe42a1e1ab234ef5180e23e50469b747e2092005ad392271eec231bab9a131226,0xbddc2a7690BF600E347d5eb4A9C28f9F24E55d4f-1774968947489,Equal-Sun
1785752597,2026-08-03T10:23:17+00:00,TAKER,BUY,256.461427,0.2729455256,69.99999898864104,48607706821235127502166567442775180897033187429750694053246741816168010153667,0x32bec5ca08fe0e917008eef58a776a5bec8fdd23fe2fafa8e5d84a229b30fb99,Will the highest temperature in Wuhan be 38°C on August 4?,highest-temperature-in-wuhan-on-august-4-2026-38c,highest-temperature-in-wuhan-on-august-4-2026,Yes,0,0xe507df7676cebd351551c2210fea163a299f26402b610bc36640a438ade7b2cc,0xbddc2a7690BF600E347d5eb4A9C28f9F24E55d4f-1774968947489,Equal-Sun
1785755147,2026-08-03T11:05:47+00:00,TAKER,BUY,215.553616,0.4639216955,99.99999900587594,65610683118437906443017868631266653852716423775425622991595767039426087351585,0xe212f057e0f3ef51593a05bcbdd8db373fd99797e9040b21f95c040cd8ad838f,Will the highest temperature in Istanbul be 29°C on August 4?,highest-temperature-in-istanbul-on-august-4-2026-29c,highest-temperature-in-istanbul-on-august-4-2026,Yes,0,0x6148687030309b609ab01801b76be36ea4f7488ea14e2961230b15069d1d176a,0xbddc2a7690BF600E347d5eb4A9C28f9F24E55d4f-1774968947489,Equal-Sun
1785761685,2026-08-03T12:54:45+00:00,TAKER,BUY,276.56,0.2025094012,56.005999995871996,71799211937863186137659820062481880065463840963793222168870939142594909792465,0xbef2e8f9c235bf9107bce157d19cb1d829b01712caad17788f97a15496a3d67e,Will the highest temperature in Istanbul be 28°C on August 4?,highest-temperature-in-istanbul-on-august-4-2026-28c,highest-temperature-in-istanbul-on-august-4-2026,Yes,0,0x7d60c65721f7d23efa2d8144901e4d81d22e833e30c7cdcf01b96bb68a25b3cc,0xbddc2a7690BF600E347d5eb4A9C28f9F24E55d4f-1774968947489,Equal-Sun
1785762600,2026-08-03T13:10:00+00:00,TAKER,BUY,526.186665,0.273648134,143.98999901293308,71799211937863186137659820062481880065463840963793222168870939142594909792465,0xbef2e8f9c235bf9107bce157d19cb1d829b01712caad17788f97a15496a3d67e,Will the highest temperature in Istanbul be 28°C on August 4?,highest-temperature-in-istanbul-on-august-4-2026-28c,highest-temperature-in-istanbul-on-august-4-2026,Yes,0,0x184b9ed6866d043c01c54aa451317a5e4c4ebd83d3b08fc8d7ebbe72e24e631d,0xbddc2a7690BF600E347d5eb4A9C28f9F24E55d4f-1774968947489,Equal-Sun
1785763511,2026-08-03T13:25:11+00:00,TAKER,BUY,192.596152,0.519221168,99.99999899374552,99010093923967704215322976431857557201863578818132626696817039388823732809121,0x9390e3c76a8f6a62a94ffee166d7e5769c74206f39b135c43480609bbf6c3667,Will the highest temperature in Los Angeles be between 76-77°F on August 4?,highest-temperature-in-los-angeles-on-august-4-2026-76-77f,highest-temperature-in-los-angeles-on-august-4-2026,Yes,0,0x3c2035a55fb31fcf59cbc5d120035d55715cb18a28b9aad07918f362cb729803,0xbddc2a7690BF600E347d5eb4A9C28f9F24E55d4f-1774968947489,Equal-Sun
1785765851,2026-08-03T14:04:11+00:00,TAKER,BUY,429.587754,0.465562617,199.99999898339223,65610683118437906443017868631266653852716423775425622991595767039426087351585,0xe212f057e0f3ef51593a05bcbdd8db373fd99797e9040b21f95c040cd8ad838f,Will the highest temperature in Istanbul be 29°C on August 4?,highest-temperature-in-istanbul-on-august-4-2026-29c,highest-temperature-in-istanbul-on-august-4-2026,Yes,0,0x8ca7acd2a89bc20a4ab340e2c4807a779c1bab170506dff6c861f570facae522,0xbddc2a7690BF600E347d5eb4A9C28f9F24E55d4f-1774968947489,Equal-Sun
1785776183,2026-08-03T16:56:23+00:00,TAKER,BUY,232.354515,0.3012637779,69.9999990010222,10873797373980063572753114951923106628010799268102022324802453307023087281338,0xe63257fbc4e804649018123963c4c12b7fd4138e964f19c8103feb5aa89132a3,Will the highest temperature in Lucknow be 31°C on August 5?,highest-temperature-in-lucknow-on-august-5-2026-31c,highest-temperature-in-lucknow-on-august-5-2026,Yes,0,0x2e5f2167229d6abfaaee633c0ddc53781e40b6897f850f33fe44b0189f8cae0e,0xbddc2a7690BF600E347d5eb4A9C28f9F24E55d4f-1774968947489,Equal-Sun
1785776448,2026-08-03T17:00:48+00:00,TAKER,SELL,570.5,0.0909114812,51.8650000246,9914378772371567748976138904032948719894893365124262629944906353530198912969,0xbdec85c11a61d135cad7f8b6ecfa7c9dc5906a1e10f16dc6988e7acd7dba78a7,Will the highest temperature in New York City be between 84-85°F on August 3?,highest-temperature-in-nyc-on-august-3-2026-84-85f,highest-temperature-in-nyc-on-august-3-2026,Yes,0,0x223ae167c60d17b8bd3eb29234afff6d7cd80766d91c2fcaa4ce60ec90585e19,0xbddc2a7690BF600E347d5eb4A9C28f9F24E55d4f-1774968947489,Equal-Sun
1785782529,2026-08-03T18:42:09+00:00,TAKER,BUY,247.439023,0.4041399687,99.99999901037859,36464717562359906495529234888829057155790450531278541885521071108983114921149,0xcbb9a2abdcc5b63962ea971a6c647c028d79f25192a4bfa5b162e5dbaa281e8c,Will the highest temperature in Tel Aviv be 33°C on August 5?,highest-temperature-in-tel-aviv-on-august-5-2026-33c,highest-temperature-in-tel-aviv-on-august-5-2026,Yes,0,0xbe7ed3a9f33a910112498918ff4b776366b1045ef07080297b7ee1d382cff8e8,0xbddc2a7690BF600E347d5eb4A9C28f9F24E55d4f-1774968947489,Equal-Sun
1785787089,2026-08-03T19:58:09+00:00,TAKER,BUY,177.8505,0.3935889975,69.99999999987375,27074181251078185979044694989712590929542570059765485107850528544389349106202,0x83db59fd8385b845252ceaeb4d431598ca0e990516fd61ec8554a532e29f4660,Will the highest temperature in Moscow be 25°C on August 4?,highest-temperature-in-moscow-on-august-4-2026-25c,highest-temperature-in-moscow-on-august-4-2026,Yes,0,0x765456f68224ce48525cd853a8b6ff3c440ff1e87d23c7d0d61f79e986c44e35,0xbddc2a7690BF600E347d5eb4A9C28f9F24E55d4f-1774968947489,Equal-Sun
1785788004,2026-08-03T20:13:24+00:00,TAKER,BUY,236.566665,0.2958996738,69.99999900545387,36729596945295770718451012081770289585140761557194088365274916803472893285218,0x3b7a898c1f6aaaa06415dd21d9d34e74f709ef2f05cfa115b5f1b86cd52b0764,Will the highest temperature in Ankara be 31°C on August 5?,highest-temperature-in-ankara-on-august-5-2026-31c,highest-temperature-in-ankara-on-august-5-2026,Yes,0,0x299031708a18f7dad0b69e477777eab6f37d8d79e1a7ddb6f1345c190fcc830d,0xbddc2a7690BF600E347d5eb4A9C28f9F24E55d4f-1774968947489,Equal-Sun
1785797193,2026-08-03T22:46:33+00:00,TAKER,SELL,189.62,0.2151682312,40.800200000144,88783274555916923812557649169191863061860000886649472743769597270268958736195,0xf31d71af4137ee1ea75f5e4bc233c38f2fe01544ce346dc99f5f18457728f8c8,Will the highest temperature in Dallas be between 102-103°F on August 4?,highest-temperature-in-dallas-on-august-4-2026-102-103f,highest-temperature-in-dallas-on-august-4-2026,Yes,0,0x855fc292755cab3b6369955d58692f556c318beedd5485bf0d1d9a4fe4898ea2,0xbddc2a7690BF600E347d5eb4A9C28f9F24E55d4f-1774968947489,Equal-Sun
1785797247,2026-08-03T22:47:27+00:00,TAKER,SELL,576.88,0.0864276799,49.858399980712,71799211937863186137659820062481880065463840963793222168870939142594909792465,0xbef2e8f9c235bf9107bce157d19cb1d829b01712caad17788f97a15496a3d67e,Will the highest temperature in Istanbul be 28°C on August 4?,highest-temperature-in-istanbul-on-august-4-2026-28c,highest-temperature-in-istanbul-on-august-4-2026,Yes,0,0xe5d8f6c16b4a09574dcc7ff3a06cd4f7739c8fcd05471dc5bd1210527becfd46,0xbddc2a7690BF600E347d5eb4A9C28f9F24E55d4f-1774968947489,Equal-Sun
1785797253,2026-08-03T22:47:33+00:00,TAKER,SELL,10,0.07,0.7000000000000001,71799211937863186137659820062481880065463840963793222168870939142594909792465,0xbef2e8f9c235bf9107bce157d19cb1d829b01712caad17788f97a15496a3d67e,Will the highest temperature in Istanbul be 28°C on August 4?,highest-temperature-in-istanbul-on-august-4-2026-28c,highest-temperature-in-istanbul-on-august-4-2026,Yes,0,0x05579c09a158737defb19b03ab872fd1e19f54234dd9c82099bff0f271695b53,0xbddc2a7690BF600E347d5eb4A9C28f9F24E55d4f-1774968947489,Equal-Sun
1785797268,2026-08-03T22:47:48+00:00,TAKER,SELL,141.72,0.0413484335,5.859899995619999,71799211937863186137659820062481880065463840963793222168870939142594909792465,0xbef2e8f9c235bf9107bce157d19cb1d829b01712caad17788f97a15496a3d67e,Will the highest temperature in Istanbul be 28°C on August 4?,highest-temperature-in-istanbul-on-august-4-2026-28c,highest-temperature-in-istanbul-on-august-4-2026,Yes,0,0x766d72fc83b055662483d0e84859da0ba54eae6ee7737390874683b2c3c5a4a6,0xbddc2a7690BF600E347d5eb4A9C28f9F24E55d4f-1774968947489,Equal-Sun
1785801729,2026-08-04T00:02:09+00:00,TAKER,BUY,190.188678,0.525793649,99.99999900410603,108281959571258869994640939645980565495835110586930476690867120379937578333468,0x209523844dc3ff5e1a4f43109369b17953a811c0d3dab62e4f40612f0e3bd1c7,Will the highest temperature in Houston be between 96-97°F on August 4?,highest-temperature-in-houston-on-august-4-2026-96-97f,highest-temperature-in-houston-on-august-4-2026,Yes,0,0xc2cb5d9b0adfb858d11694faf1c9ada53456755e70df3ba02d2019256c480246,0xbddc2a7690BF600E347d5eb4A9C28f9F24E55d4f-1774968947489,Equal-Sun
1785804470,2026-08-04T00:47:50+00:00,TAKER,BUY,147.28235,0.6789679687,99.99999800486245,41916491627439249626103386934302507794636051228076419269953488974500421328914,0xb0e922adde20d05064d6adbfff40fa7e2f1e72246632683552a979f04a2e0afd,Will the highest temperature in Tel Aviv be 33°C on August 4?,highest-temperature-in-tel-aviv-on-august-4-2026-33c,highest-temperature-in-tel-aviv-on-august-4-2026,Yes,0,0x1c3076ac3fc5d7199523e09d67942c4cab8a96cad845c8bf328f4c0b7355332e,0xbddc2a7690BF600E347d5eb4A9C28f9F24E55d4f-1774968947489,Equal-Sun
1785805389,2026-08-04T01:03:09+00:00,TAKER,BUY,335.166665,0.2983590239,99.9999990132183,105183690526418859772129322051491946056033828239291818040036511065016553030234,0xb00ea2f63c9e34ab13d477e1fdd1817fe9e1884dcd4a31003d53e764e3ede49c,Will the highest temperature in Istanbul be 28°C on August 5?,highest-temperature-in-istanbul-on-august-5-2026-28c,highest-temperature-in-istanbul-on-august-5-2026,Yes,0,0x33bd4ddcf105ea81643eed7a329204e234e05ae0c00f639efd13e7f03de26923,0xbddc2a7690BF600E347d5eb4A9C28f9F24E55d4f-1774968947489,Equal-Sun
1785808992,2026-08-04T02:03:12+00:00,TAKER,BUY,319.148935,0.4699999986,149.9999990031915,28171757192187015477054113225633501863581248556494131744390561676764550430959,0x764ec55d3281502e7ff0bd5a4aad834c9762bd78e6718fab488fa4bd84d19d2e,Will the highest temperature in New York City be between 84-85°F on August 4?,highest-temperature-in-nyc-on-august-4-2026-84-85f,highest-temperature-in-nyc-on-august-4-2026,Yes,0,0x65c005e63bec62d6f910a3768785d9f2862352891a291fa7ffbbbd1092401fd5,0xbddc2a7690BF600E347d5eb4A9C28f9F24E55d4f-1774968947489,Equal-Sun
1785811641,2026-08-04T02:47:21+00:00,TAKER,SELL,645.14,0.3105577084,200.353199997176,65610683118437906443017868631266653852716423775425622991595767039426087351585,0xe212f057e0f3ef51593a05bcbdd8db373fd99797e9040b21f95c040cd8ad838f,Will the highest temperature in Istanbul be 29°C on August 4?,highest-temperature-in-istanbul-on-august-4-2026-29c,highest-temperature-in-istanbul-on-august-4-2026,Yes,0,0x30c765a7fd2d36d0b6769a170cb77892184e591015e77ee9743371ba220dcb6f,0xbddc2a7690BF600E347d5eb4A9C28f9F24E55d4f-1774968947489,Equal-Sun
1785811655,2026-08-04T02:47:35+00:00,TAKER,SELL,425.17,0.04,17.006800000000002,71799211937863186137659820062481880065463840963793222168870939142594909792465,0xbef2e8f9c235bf9107bce157d19cb1d829b01712caad17788f97a15496a3d67e,Will the highest temperature in Istanbul be 28°C on August 4?,highest-temperature-in-istanbul-on-august-4-2026-28c,highest-temperature-in-istanbul-on-august-4-2026,Yes,0,0x7814bd5711dddd9445c133c1ec1559ec0560406d2a380a4196c538ce62539122,0xbddc2a7690BF600E347d5eb4A9C28f9F24E55d4f-1774968947489,Equal-Sun
1785818979,2026-08-04T04:49:39+00:00,TAKER,BUY,372.240688,0.2686433865,99.99999901740992,65610683118437906443017868631266653852716423775425622991595767039426087351585,0xe212f057e0f3ef51593a05bcbdd8db373fd99797e9040b21f95c040cd8ad838f,Will the highest temperature in Istanbul be 29°C on August 4?,highest-temperature-in-istanbul-on-august-4-2026-29c,highest-temperature-in-istanbul-on-august-4-2026,Yes,0,0x869e7111548957925bf5669a78c6133b0bba8ec8bf0e4482bc4be72f78559ba7,0xbddc2a7690BF600E347d5eb4A9C28f9F24E55d4f-1774968947489,Equal-Sun
1785823509,2026-08-04T06:05:09+00:00,TAKER,BUY,352.634209,0.5671599462,199.99999900471954,45294105032060128334170275143151938436559105108445365792740505802310226354570,0x2d550b21758247c8b45554dd31c2af6d956183d5d21fd8e40dc718d242efce56,Will the highest temperature in Helsinki be 22°C on August 4?,highest-temperature-in-helsinki-on-august-4-2026-22c,highest-temperature-in-helsinki-on-august-4-2026,Yes,0,0xdae7a45f1e00b23164ef23939e1241dc0b2fbc6d9ed6887ec53a276fd8672e7b,0xbddc2a7690BF600E347d5eb4A9C28f9F24E55d4f-1774968947489,Equal-Sun
1785830751,2026-08-04T08:05:51+00:00,TAKER,BUY,159.258694,0.4395364375,69.99999900166262,36220968515932085050289534148143274829278128792579115355064356950448684641304,0x294b2179ce4dbcc6d28336e4c67ba94a17e54dc472430cafca09d7f92d5681af,Will the highest temperature in Milan be 35°C on August 4?,highest-temperature-in-milan-on-august-4-2026-35c,highest-temperature-in-milan-on-august-4-2026,Yes,0,0x07da8f1561cf2c2c35a17eac7faee05e02a2b54c9d27a20617f19f2649122594,0xbddc2a7690BF600E347d5eb4A9C28f9F24E55d4f-1774968947489,Equal-Sun
1785831489,2026-08-04T08:18:09+00:00,TAKER,BUY,70.162789,0.4275770594,29.99999899992267,36220968515932085050289534148143274829278128792579115355064356950448684641304,0x294b2179ce4dbcc6d28336e4c67ba94a17e54dc472430cafca09d7f92d5681af,Will the highest temperature in Milan be 35°C on August 4?,highest-temperature-in-milan-on-august-4-2026-35c,highest-temperature-in-milan-on-august-4-2026,Yes,0,0x54e6f79bc093c8486faf1b84ad0fdc3194dbd01501631b38ed27afaf0a404aea,0xbddc2a7690BF600E347d5eb4A9C28f9F24E55d4f-1774968947489,Equal-Sun
1785831654,2026-08-04T08:20:54+00:00,TAKER,BUY,100,0.5,50.0,39827616298843326848887419553115011882136432726453171808853589216282110803769,0x6be4587cf65d1bfe5bb0ad23395a21eb8166ccf2e535b9483a73c49fe5877db8,Will the highest temperature in Chicago be between 84-85°F on August 4?,highest-temperature-in-chicago-on-august-4-2026-84-85f,highest-temperature-in-chicago-on-august-4-2026,Yes,0,0x201b82f379222ed5841f62df19e6b4862dd83d7755ae7d477060fe0225cfefa2,0xbddc2a7690BF600E347d5eb4A9C28f9F24E55d4f-1774968947489,Equal-Sun
1785831662,2026-08-04T08:21:02+00:00,TAKER,BUY,65.857607,0.4555282277,29.999998997273114,28171757192187015477054113225633501863581248556494131744390561676764550430959,0x764ec55d3281502e7ff0bd5a4aad834c9762bd78e6718fab488fa4bd84d19d2e,Will the highest temperature in New York City be between 84-85°F on August 4?,highest-temperature-in-nyc-on-august-4-2026-84-85f,highest-temperature-in-nyc-on-august-4-2026,Yes,0,0x0250f9b884f4f6cbe7f57bdda784ab9241b6e0a8a0e8cefd50d0ab68bc84e0cc,0xbddc2a7690BF600E347d5eb4A9C28f9F24E55d4f-1774968947489,Equal-Sun
1785832002,2026-08-04T08:26:42+00:00,TAKER,SELL,236.56,0.270892374,64.08229999344,36729596945295770718451012081770289585140761557194088365274916803472893285218,0x3b7a898c1f6aaaa06415dd21d9d34e74f709ef2f05cfa115b5f1b86cd52b0764,Will the highest temperature in Ankara be 31°C on August 5?,highest-temperature-in-ankara-on-august-5-2026-31c,highest-temperature-in-ankara-on-august-5-2026,Yes,0,0xd79340315b1662fc210225692be53b1bb84a54b13cf19e32bf5b2ffe2597b596,0xbddc2a7690BF600E347d5eb4A9C28f9F24E55d4f-1774968947489,Equal-Sun
1785836184,2026-08-04T09:36:24+00:00,TAKER,BUY,129.722221,0.5396145584,69.9999989995822,94648289761903877853702580529950164221226930243939923499692947546133325811437,0x5cbec1375d78b10949d27806bd1b0501814e673c7e0b798ad371a6ffe75c8d6d,Will the highest temperature in Austin be between 98-99°F on August 5?,highest-temperature-in-austin-on-august-5-2026-98-99f,highest-temperature-in-austin-on-august-5-2026,Yes,0,0x5a80a07c2357e46ebc6a443615fb5d9d8de54f4d8ee47378dd185330ccefc12f,0xbddc2a7690BF600E347d5eb4A9C28f9F24E55d4f-1774968947489,Equal-Sun
1785862512,2026-08-04T16:55:12+00:00,TAKER,BUY,564.255554,0.2658369917,149.9999990253769,78361467227684490004802884100485220123707231321635511410091171641825653337128,0xb62451a6c4c7749c73b6d03f55e7cfbb2ac0ed39833da103ec7fcf1eee5140bc,Will the highest temperature in Lucknow be 30°C on August 6?,highest-temperature-in-lucknow-on-august-6-2026-30c,highest-temperature-in-lucknow-on-august-6-2026,Yes,0,0xb207f1ae6923d1c5a8e0ff1fb2b2c0f117bb729665cba7b8d0f4d99334ba38d8,0xbddc2a7690BF600E347d5eb4A9C28f9F24E55d4f-1774968947489,Equal-Sun
1785865221,2026-08-04T17:40:21+00:00,TAKER,BUY,193.829073,0.5159184711,99.99999899689028,94648289761903877853702580529950164221226930243939923499692947546133325811437,0x5cbec1375d78b10949d27806bd1b0501814e673c7e0b798ad371a6ffe75c8d6d,Will the highest temperature in Austin be between 98-99°F on August 5?,highest-temperature-in-austin-on-august-5-2026-98-99f,highest-temperature-in-austin-on-august-5-2026,Yes,0,0x7ebeb3eeeb05bababdbd2e371cd28a3b59f1353fb7c5c6df96fe27594f8823c8,0xbddc2a7690BF600E347d5eb4A9C28f9F24E55d4f-1774968947489,Equal-Sun
1785870711,2026-08-04T19:11:51+00:00,TAKER,BUY,212.765956,0.4699999985,99.99999900085106,108325173997645575429811052240950639428329625442469078117742110560158924831029,0xf5be7484f57e5878df61998b9730a3b15de63be9b68763ddf3dccb378beef1b9,Will the highest temperature in London be 25°C on August 5?,highest-temperature-in-london-on-august-5-2026-25c,highest-temperature-in-london-on-august-5-2026,Yes,0,0xed24cfd737627fca8e2086d5593633f71ba45c6e2c5490ca0337e2574fbfaffb,0xbddc2a7690BF600E347d5eb4A9C28f9F24E55d4f-1774968947489,Equal-Sun
1785873438,2026-08-04T19:57:18+00:00,TAKER,BUY,271.41964,0.5526497567,149.9999980096016,109915262498339412306695336145369839628188647814984475353957247847278720214941,0xcaeb64fab1b281ad2ebdb53b77166eed7a60b543db0dec7501f714d9d2cd144c,Will the highest temperature in Moscow be 27°C on August 5?,highest-temperature-in-moscow-on-august-5-2026-27c,highest-temperature-in-moscow-on-august-5-2026,Yes,0,0xfc9896aa6e6bde6e2a981e3c679d504ddd5ba45827ebbfd1555d2ea5fff464eb,0xbddc2a7690BF600E347d5eb4A9C28f9F24E55d4f-1774968947489,Equal-Sun
1785874349,2026-08-04T20:12:29+00:00,TAKER,BUY,188.537893,0.3712781441,69.99999900556438,83152829289258540282410420469931418486672485383118468362605848408460176406543,0x2b2d937d1c0bf1105ef9f10a8569390fa389a8d154d3489c25a0bd52eb8f0a7f,Will the highest temperature in Ankara be 32°C on August 6?,highest-temperature-in-ankara-on-august-6-2026-32c,highest-temperature-in-ankara-on-august-6-2026,Yes,0,0x11935f257db1ba9887b1fd23f74c94bd1383f7be6c1e20d0de75e2a97781cb9e,0xbddc2a7690BF600E347d5eb4A9C28f9F24E55d4f-1774968947489,Equal-Sun
1785882093,2026-08-04T22:21:33+00:00,TAKER,BUY,312.65625,0.31984008,100.00000001250001,10873797373980063572753114951923106628010799268102022324802453307023087281338,0xe63257fbc4e804649018123963c4c12b7fd4138e964f19c8103feb5aa89132a3,Will the highest temperature in Lucknow be 31°C on August 5?,highest-temperature-in-lucknow-on-august-5-2026-31c,highest-temperature-in-lucknow-on-august-5-2026,Yes,0,0xbb88412c6ebc43d81f4e4dc1c035fd1fef2781d4954fe437ac83193dc7ae23ff,0xbddc2a7690BF600E347d5eb4A9C28f9F24E55d4f-1774968947489,Equal-Sun
1785890868,2026-08-05T00:47:48+00:00,TAKER,BUY,363.636362,0.5499999997,199.99999899090912,35207188890292288615372849813492082080176458504398184541870428233018504756423,0x96f3d51b46cef57462c459349135a19dbe491590221140575e2cec156d062e82,Will the highest temperature in Dallas be between 100-101°F on August 5?,highest-temperature-in-dallas-on-august-5-2026-100-101f,highest-temperature-in-dallas-on-august-5-2026,Yes,0,0x7dc8e0a2ad4bc140a1228c2aad6d08a55ef4d542efd0f08db65fa4edbb5401b0,0xbddc2a7690BF600E347d5eb4A9C28f9F24E55d4f-1774968947489,Equal-Sun
1785891479,2026-08-05T00:57:59+00:00,TAKER,BUY,263.157893,0.3799999987,99.99999899789474,78361467227684490004802884100485220123707231321635511410091171641825653337128,0xb62451a6c4c7749c73b6d03f55e7cfbb2ac0ed39833da103ec7fcf1eee5140bc,Will the highest temperature in Lucknow be 30°C on August 6?,highest-temperature-in-lucknow-on-august-6-2026-30c,highest-temperature-in-lucknow-on-august-6-2026,Yes,0,0x15f93c02e4ecd42f525b94d4695b1875bbb1ed8a56ea371b32365510075281c3,0xbddc2a7690BF600E347d5eb4A9C28f9F24E55d4f-1774968947489,Equal-Sun
1785891770,2026-08-05T01:02:50+00:00,TAKER,BUY,501.719147,0.3986293929,199.99999897491585,105183690526418859772129322051491946056033828239291818040036511065016553030234,0xb00ea2f63c9e34ab13d477e1fdd1817fe9e1884dcd4a31003d53e764e3ede49c,Will the highest temperature in Istanbul be 28°C on August 5?,highest-temperature-in-istanbul-on-august-5-2026-28c,highest-temperature-in-istanbul-on-august-5-2026,Yes,0,0xdc8231fec62a80997c136f8945c48c5993d1c790e4e0d8ac78013fc23e270c9e,0xbddc2a7690BF600E347d5eb4A9C28f9F24E55d4f-1774968947489,Equal-Sun
1785894476,2026-08-05T01:47:56+00:00,TAKER,BUY,169.491524,0.5899999991,99.99999900745763,32485726591125374810202571665824095992765312843753075204902424052664904200781,0x7fe6380a9bc9c18233ce9965eabc236e022aeb20dacca622cd0036a3d321f019,Will the highest temperature in Amsterdam be 25°C on August 5?,highest-temperature-in-amsterdam-on-august-5-2026-25c,highest-temperature-in-amsterdam-on-august-5-2026,Yes,0,0x3645da3db19c3454b9e61828d3dc1db7e25d0aa2601f1bbd98eeaa01d5d175fc,0xbddc2a7690BF600E347d5eb4A9C28f9F24E55d4f-1774968947489,Equal-Sun
1785895389,2026-08-05T02:03:09+00:00,TAKER,BUY,378.229,0.3965851376,150.0000000093104,63479090196123058218559505780494432733341589638126237760944466673048329703181,0x9f779dbf89f957e62f3cf9c74fea98e824bf59cfa1bbd9d3d176ce3ed8125100,Will the highest temperature in New York City be between 84-85°F on August 5?,highest-temperature-in-nyc-on-august-5-2026-84-85f,highest-temperature-in-nyc-on-august-5-2026,Yes,0,0x9f76f132ae495f7c97253a42616ec284886c27997bc959e30e3d1b1367a155b7,0xbddc2a7690BF600E347d5eb4A9C28f9F24E55d4f-1774968947489,Equal-Sun
1785897192,2026-08-05T02:33:12+00:00,TAKER,BUY,291.260867,0.6866696514,199.99999800935177,36464717562359906495529234888829057155790450531278541885521071108983114921149,0xcbb9a2abdcc5b63962ea971a6c647c028d79f25192a4bfa5b162e5dbaa281e8c,Will the highest temperature in Tel Aviv be 33°C on August 5?,highest-temperature-in-tel-aviv-on-august-5-2026-33c,highest-temperature-in-tel-aviv-on-august-5-2026,Yes,0,0xb7250ff9886294e10e25ee621aa10e42fd8b86974f05558d8b293c6a611389d5,0xbddc2a7690BF600E347d5eb4A9C28f9F24E55d4f-1774968947489,Equal-Sun
1785901712,2026-08-05T03:48:32+00:00,TAKER,BUY,232.879068,0.4294074167,99.99999899338363,51190719162609576907921723718531782315559113077225823257950104287924116450222,0xe244b0a5380b3a6dbcc1a6ac586512feadc335595757d417a91d86eacab0c1e8,Will the highest temperature in London be 23°C on August 6?,highest-temperature-in-london-on-august-6-2026-23c,highest-temperature-in-london-on-august-6-2026,Yes,0,0xf4e55519ec475c120bd1fe776e6f23a2f6c2564a78d1abcf236af2b7f0b161e7,0xbddc2a7690BF600E347d5eb4A9C28f9F24E55d4f-1774968947489,Equal-Sun
1785905349,2026-08-05T04:49:09+00:00,TAKER,BUY,543.86,0.3314466958,180.26059997778802,105183690526418859772129322051491946056033828239291818040036511065016553030234,0xb00ea2f63c9e34ab13d477e1fdd1817fe9e1884dcd4a31003d53e764e3ede49c,Will the highest temperature in Istanbul be 28°C on August 5?,highest-temperature-in-istanbul-on-august-5-2026-28c,highest-temperature-in-istanbul-on-august-5-2026,Yes,0,0xd0731b907d49f0fd457bace9e752df3779cd8f20da7e4a85137e37289d126311,0xbddc2a7690BF600E347d5eb4A9C28f9F24E55d4f-1774968947489,Equal-Sun
1785910169,2026-08-05T06:09:29+00:00,TAKER,BUY,151.51515,0.3299999967,49.99999900000001,63479090196123058218559505780494432733341589638126237760944466673048329703181,0x9f779dbf89f957e62f3cf9c74fea98e824bf59cfa1bbd9d3d176ce3ed8125100,Will the highest temperature in New York City be between 84-85°F on August 5?,highest-temperature-in-nyc-on-august-5-2026-84-85f,highest-temperature-in-nyc-on-august-5-2026,Yes,0,0x7485c5ab4fddeadc46ea641b0258ddeeb504aab7cf90e30e8d179f15a04525fe,0xbddc2a7690BF600E347d5eb4A9C28f9F24E55d4f-1774968947489,Equal-Sun
1785910763,2026-08-05T06:19:23+00:00,TAKER,BUY,131.1,0.5861250953,76.84099999383,45398811543704836908585664422212153110582956257720513880756135578089124533475,0xe87f3f7d0e83905eea7412fb11c6d7afe3d42af1f991d55b86c259d772e98def,Will the highest temperature in Istanbul be 29°C on August 5?,highest-temperature-in-istanbul-on-august-5-2026-29c,highest-temperature-in-istanbul-on-august-5-2026,Yes,0,0x7f8feaaa58d7919578a1bf30e49fc39c4b3379751028edd22ca9468793220916,0xbddc2a7690BF600E347d5eb4A9C28f9F24E55d4f-1774968947489,Equal-Sun
1785911667,2026-08-05T06:34:27+00:00,TAKER,BUY,50.707316,0.3890957076,19.729998999516802,105183690526418859772129322051491946056033828239291818040036511065016553030234,0xb00ea2f63c9e34ab13d477e1fdd1817fe9e1884dcd4a31003d53e764e3ede49c,Will the highest temperature in Istanbul be 28°C on August 5?,highest-temperature-in-istanbul-on-august-5-2026-28c,highest-temperature-in-istanbul-on-august-5-2026,Yes,0,0x45b1ad1c2e1c23ed41d0212cba2666c68a8f48ae653298468bdf007cae04b742,0xbddc2a7690BF600E347d5eb4A9C28f9F24E55d4f-1774968947489,Equal-Sun
1785911670,2026-08-05T06:34:30+00:00,TAKER,BUY,38.688523,0.5986271174,23.1599989999536,45398811543704836908585664422212153110582956257720513880756135578089124533475,0xe87f3f7d0e83905eea7412fb11c6d7afe3d42af1f991d55b86c259d772e98def,Will the highest temperature in Istanbul be 29°C on August 5?,highest-temperature-in-istanbul-on-august-5-2026-29c,highest-temperature-in-istanbul-on-august-5-2026,Yes,0,0xf292e06cebc8c539c0f1ce7962be13097b333277b5c34ba4cba0300cce9bea19,0xbddc2a7690BF600E347d5eb4A9C28f9F24E55d4f-1774968947489,Equal-Sun
1785914175,2026-08-05T07:16:15+00:00,TAKER,SELL,357.86,0.2938601688,105.160800006768,105183690526418859772129322051491946056033828239291818040036511065016553030234,0xb00ea2f63c9e34ab13d477e1fdd1817fe9e1884dcd4a31003d53e764e3ede49c,Will the highest temperature in Istanbul be 28°C on August 5?,highest-temperature-in-istanbul-on-august-5-2026-28c,highest-temperature-in-istanbul-on-august-5-2026,Yes,0,0x38cea8154224e98a94c4c84dd7da326a9f2bc001cf84a8c54aeb2d75d199cc0a,0xbddc2a7690BF600E347d5eb4A9C28f9F24E55d4f-1774968947489,Equal-Sun
1785916145,2026-08-05T07:49:05+00:00,TAKER,BUY,144.513141,0.6919785793,99.99999799936057,36464717562359906495529234888829057155790450531278541885521071108983114921149,0xcbb9a2abdcc5b63962ea971a6c647c028d79f25192a4bfa5b162e5dbaa281e8c,Will the highest temperature in Tel Aviv be 33°C on August 5?,highest-temperature-in-tel-aviv-on-august-5-2026-33c,highest-temperature-in-tel-aviv-on-august-5-2026,Yes,0,0xb957bfc92f3d43bf5b8d8fd8a12e9683b714f8df910d78c8bb6d0d12c135c285,0xbddc2a7690BF600E347d5eb4A9C28f9F24E55d4f-1774968947489,Equal-Sun
1785916173,2026-08-05T07:49:33+00:00,TAKER,BUY,91.05986,0.6589072177,59.99999899675153,45398811543704836908585664422212153110582956257720513880756135578089124533475,0xe87f3f7d0e83905eea7412fb11c6d7afe3d42af1f991d55b86c259d772e98def,Will the highest temperature in Istanbul be 29°C on August 5?,highest-temperature-in-istanbul-on-august-5-2026-29c,highest-temperature-in-istanbul-on-august-5-2026,Yes,0,0xa9b6e3c746f1997492d50178f701c8edf78622a73e9b54e57fdcaaa1b45018f6,0xbddc2a7690BF600E347d5eb4A9C28f9F24E55d4f-1774968947489,Equal-Sun
1785916517,2026-08-05T07:55:17+00:00,TAKER,BUY,10.869564,0.4599999595,4.999998999782658,10873797373980063572753114951923106628010799268102022324802453307023087281338,0xe63257fbc4e804649018123963c4c12b7fd4138e964f19c8103feb5aa89132a3,Will the highest temperature in Lucknow be 31°C on August 5?,highest-temperature-in-lucknow-on-august-5-2026-31c,highest-temperature-in-lucknow-on-august-5-2026,Yes,0,0x021e770790d1e9c99e6b33e8e540288afc18670d6a153ae6936e29de04056718,0xbddc2a7690BF600E347d5eb4A9C28f9F24E55d4f-1774968947489,Equal-Sun
1785916743,2026-08-05T07:59:03+00:00,TAKER,BUY,181.81818,0.55,99.99999900000002,35207188890292288615372849813492082080176458504398184541870428233018504756423,0x96f3d51b46cef57462c459349135a19dbe491590221140575e2cec156d062e82,Will the highest temperature in Dallas be between 100-101°F on August 5?,highest-temperature-in-dallas-on-august-5-2026-100-101f,highest-temperature-in-dallas-on-august-5-2026,Yes,0,0x7fb4ebc74837724364d5d0ec77a418a747ae679bd927aaf3c8dd171a94d8bc12,0xbddc2a7690BF600E347d5eb4A9C28f9F24E55d4f-1774968947489,Equal-Sun
1785916764,2026-08-05T07:59:24+00:00,TAKER,BUY,133.394735,0.3748273798,49.999998999165356,63479090196123058218559505780494432733341589638126237760944466673048329703181,0x9f779dbf89f957e62f3cf9c74fea98e824bf59cfa1bbd9d3d176ce3ed8125100,Will the highest temperature in New York City be between 84-85°F on August 5?,highest-temperature-in-nyc-on-august-5-2026-84-85f,highest-temperature-in-nyc-on-august-5-2026,Yes,0,0xc945e25b9cff0ac4fb7f4f1978f706fcb86c2ab151a72631d588ef0103e09a49,0xbddc2a7690BF600E347d5eb4A9C28f9F24E55d4f-1774968947489,Equal-Sun
1785917114,2026-08-05T08:05:14+00:00,TAKER,BUY,121.476189,0.5762446087,69.99999899667225,96019945083688948437576938048700400453380255977426916085029639005275848311088,0x4edb0ef9df1345e94ed926381ff89b6f83c968d0f84a4e49f2485c8b48bf45f2,Will the highest temperature in Milan be 36°C on August 5?,highest-temperature-in-milan-on-august-5-2026-36c,highest-temperature-in-milan-on-august-5-2026,Yes,0,0x4ffb803c66e11439fd4698b9dc45fa4a571361caedb544ebab7052279a7261ff,0xbddc2a7690BF600E347d5eb4A9C28f9F24E55d4f-1774968947489,Equal-Sun
1785917604,2026-08-05T08:13:24+00:00,TAKER,BUY,33.064515,0.6048780392,19.99999900029899,96019945083688948437576938048700400453380255977426916085029639005275848311088,0x4edb0ef9df1345e94ed926381ff89b6f83c968d0f84a4e49f2485c8b48bf45f2,Will the highest temperature in Milan be 36°C on August 5?,highest-temperature-in-milan-on-august-5-2026-36c,highest-temperature-in-milan-on-august-5-2026,Yes,0,0x1055a66d3c103062cc5364c00f72a0f6fd3c4257fe981463b3aa1728a895d832,0xbddc2a7690BF600E347d5eb4A9C28f9F24E55d4f-1774968947489,Equal-Sun
1785919340,2026-08-05T08:42:20+00:00,TAKER,BUY,135.36842,0.3693623594,49.99999899945014,78361467227684490004802884100485220123707231321635511410091171641825653337128,0xb62451a6c4c7749c73b6d03f55e7cfbb2ac0ed39833da103ec7fcf1eee5140bc,Will the highest temperature in Lucknow be 30°C on August 6?,highest-temperature-in-lucknow-on-august-6-2026-30c,highest-temperature-in-lucknow-on-august-6-2026,Yes,0,0xf837b58bc3e761b7fc3b0644f4671f9de16a8c3859022505c91e875303aba2c8,0xbddc2a7690BF600E347d5eb4A9C28f9F24E55d4f-1774968947489,Equal-Sun
1785925311,2026-08-05T10:21:51+00:00,TAKER,BUY,351.498603,0.4267442252,149.9999989961174,26346165419276456786491560160553011215074174361856272347510226888595121028863,0xe9d4bcb4b86f37425142d62a01d0fe57707c62faecddf6ed4105c50867683285,Will the highest temperature in Wuhan be 36°C on August 6?,highest-temperature-in-wuhan-on-august-6-2026-36c,highest-temperature-in-wuhan-on-august-6-2026,Yes,0,0xef0e84333f8bbb35baebd06da1988d12df67dffe0bc5eb04f20a2330b5d0c575,0xbddc2a7690BF600E347d5eb4A9C28f9F24E55d4f-1774968947489,Equal-Sun
1785932790,2026-08-05T12:26:30+00:00,TAKER,SELL,260.84,0.1278676583,33.352999990971995,45398811543704836908585664422212153110582956257720513880756135578089124533475,0xe87f3f7d0e83905eea7412fb11c6d7afe3d42af1f991d55b86c259d772e98def,Will the highest temperature in Istanbul be 29°C on August 5?,highest-temperature-in-istanbul-on-august-5-2026-29c,highest-temperature-in-istanbul-on-august-5-2026,Yes,0,0x897c9962df0edf2ce5c3db68e7494039862215203a3008d00e10822e52c93181,0xbddc2a7690BF600E347d5eb4A9C28f9F24E55d4f-1774968947489,Equal-Sun
1785932819,2026-08-05T12:26:59+00:00,TAKER,BUY,238.095237,0.4199999977,99.99999899238095,78361467227684490004802884100485220123707231321635511410091171641825653337128,0xb62451a6c4c7749c73b6d03f55e7cfbb2ac0ed39833da103ec7fcf1eee5140bc,Will the highest temperature in Lucknow be 30°C on August 6?,highest-temperature-in-lucknow-on-august-6-2026-30c,highest-temperature-in-lucknow-on-august-6-2026,Yes,0,0x4da98410baf3578fb5382c8ab3893c4bded15c59692c044de115656f92b1d225,0xbddc2a7690BF600E347d5eb4A9C28f9F24E55d4f-1774968947489,Equal-Sun
1785948920,2026-08-05T16:55:20+00:00,TAKER,BUY,371.12195,0.4041798094,149.99999901515633,86436443043913389655698472006133162827547626716401722309320662489144679444033,0x323325966232210bfbdb3723088a6af65c1ba273afeb636bd6f310985934e545,Will the highest temperature in Lucknow be 33°C on August 7?,highest-temperature-in-lucknow-on-august-7-2026-33c,highest-temperature-in-lucknow-on-august-7-2026,Yes,0,0xf21c44650b35462de87baa1511590fed5b7e4acdf52964e865aad743d2f07efd,0xbddc2a7690BF600E347d5eb4A9C28f9F24E55d4f-1774968947489,Equal-Sun
1785951479,2026-08-05T17:37:59+00:00,TAKER,BUY,224.326085,0.4457796292,99.9999989911877,86436443043913389655698472006133162827547626716401722309320662489144679444033,0x323325966232210bfbdb3723088a6af65c1ba273afeb636bd6f310985934e545,Will the highest temperature in Lucknow be 33°C on August 7?,highest-temperature-in-lucknow-on-august-7-2026-33c,highest-temperature-in-lucknow-on-august-7-2026,Yes,0,0x8960b0fa6f12af0e0618ebd5c36719cbb98adc29a7c713bb6c891be2e6f4b372,0xbddc2a7690BF600E347d5eb4A9C28f9F24E55d4f-1774968947489,Equal-Sun
1785957180,2026-08-05T19:13:00+00:00,TAKER,BUY,212.872339,0.4697651159,99.9999990022391,51190719162609576907921723718531782315559113077225823257950104287924116450222,0xe244b0a5380b3a6dbcc1a6ac586512feadc335595757d417a91d86eacab0c1e8,Will the highest temperature in London be 23°C on August 6?,highest-temperature-in-london-on-august-6-2026-23c,highest-temperature-in-london-on-august-6-2026,Yes,0,0x36d6f0a9835dc0f6d9ae666a7add2f8610ec0bd65ce6a726a773b2e9b93a3093,0xbddc2a7690BF600E347d5eb4A9C28f9F24E55d4f-1774968947489,Equal-Sun
1785959898,2026-08-05T19:58:18+00:00,TAKER,BUY,328.014346,0.457297069,149.99999901575188,8055735679470359500006129442329062415383829657611471810373159060963294708631,0x006f68944da8d9885a0f430cc7c089b66b6df9d3bc6ae7951089b4d3b36152ba,Will the highest temperature in Moscow be 30°C on August 6?,highest-temperature-in-moscow-on-august-6-2026-30c,highest-temperature-in-moscow-on-august-6-2026,Yes,0,0x5da81468caba70e3fc85b5784a276f5df388d523c8d98f24a2bd0a197550040c,0xbddc2a7690BF600E347d5eb4A9C28f9F24E55d4f-1774968947489,Equal-Sun
1785976719,2026-08-06T00:38:39+00:00,TAKER,BUY,12.5,0.4,5.0,51190719162609576907921723718531782315559113077225823257950104287924116450222,0xe244b0a5380b3a6dbcc1a6ac586512feadc335595757d417a91d86eacab0c1e8,Will the highest temperature in London be 23°C on August 6?,highest-temperature-in-london-on-august-6-2026-23c,highest-temperature-in-london-on-august-6-2026,Yes,0,0x6333f3594ccdf94e3a0785ae51ea74935fa1409aa1b1a1cfa5846fb2da92d555,0xbddc2a7690BF600E347d5eb4A9C28f9F24E55d4f-1774968947489,Equal-Sun
1785981501,2026-08-06T01:58:21+00:00,TAKER,BUY,12.75,0.3921568627,4.999999999425,51190719162609576907921723718531782315559113077225823257950104287924116450222,0xe244b0a5380b3a6dbcc1a6ac586512feadc335595757d417a91d86eacab0c1e8,Will the highest temperature in London be 23°C on August 6?,highest-temperature-in-london-on-august-6-2026-23c,highest-temperature-in-london-on-august-6-2026,Yes,0,0xf121c70303522bd00c861c6cc88e42d59b1f80692736d39c447bd46e3087ccc9,0xbddc2a7690BF600E347d5eb4A9C28f9F24E55d4f-1774968947489,Equal-Sun
1785981669,2026-08-06T02:01:09+00:00,TAKER,BUY,244.853657,0.4084072104,99.99999901160844,112271443770990573518037034057363901171967797774537714926006960283125546659090,0x8a9818f559c39031a4b30c1c8e5730e3312f4de0f147757436ee2db3fc617852,Will the highest temperature in Singapore be 32°C on August 7?,highest-temperature-in-singapore-on-august-7-2026-32c,highest-temperature-in-singapore-on-august-7-2026,Yes,0,0x8ff2c18fc58046cae6a822d0bade53130f67cab73669aaf2eb1029fc86250f70,0xbddc2a7690BF600E347d5eb4A9C28f9F24E55d4f-1774968947489,Equal-Sun
1785984378,2026-08-06T02:46:18+00:00,TAKER,BUY,600,0.3333333333,199.99999997999998,23344010238883776795639253579533159249437038757669835327945706874615371790413,0x4b959bd9bc39d1321bc264d21815082d73fd8176e1218948651ead19001c2ff5,Will the highest temperature in Tel Aviv be 33°C on August 6?,highest-temperature-in-tel-aviv-on-august-6-2026-33c,highest-temperature-in-tel-aviv-on-august-6-2026,Yes,0,0x8cb28d08a633b8e8029ec23f839e48bf5e3082d004b8101bfa92f336f487e935,0xbddc2a7690BF600E347d5eb4A9C28f9F24E55d4f-1774968947489,Equal-Sun
1785986190,2026-08-06T03:16:30+00:00,TAKER,BUY,485.880475,0.2058119314,99.99999898929941,26180509485656995260761442036463827555259874182201152337829254750583280403397,0x2755b1455ce19397b93eea8c9fbf62dccf685eb0c979b9094d1d6621acacc6a5,Will the highest temperature in Amsterdam be 20°C on August 6?,highest-temperature-in-amsterdam-on-august-6-2026-20c,highest-temperature-in-amsterdam-on-august-6-2026,Yes,0,0xf98e7292d2afcb1fd5496749b37c5f1d1871ae208ce6f99516a49a28af4b877c,0xbddc2a7690BF600E347d5eb4A9C28f9F24E55d4f-1774968947489,Equal-Sun
1785986193,2026-08-06T03:16:33+00:00,TAKER,BUY,305.527271,0.3273030217,99.99999901005476,102116521788001170521001741359167147712048222636239109466085961047691251431001,0xe1befdc526801dac148b49938cd002fe15b721e3edef3ebd58bce00a87884968,Will the highest temperature in London be 25°C on August 7?,highest-temperature-in-london-on-august-7-2026-25c,highest-temperature-in-london-on-august-7-2026,Yes,0,0x56fa8d7e7df91a1715739880cbfa147720e3a3fd77a5cf6b3469fbd03965bb24,0xbddc2a7690BF600E347d5eb4A9C28f9F24E55d4f-1774968947489,Equal-Sun
1785987956,2026-08-06T03:45:56+00:00,TAKER,BUY,227.388887,0.3518201793,79.99999899516745,102116521788001170521001741359167147712048222636239109466085961047691251431001,0xe1befdc526801dac148b49938cd002fe15b721e3edef3ebd58bce00a87884968,Will the highest temperature in London be 25°C on August 7?,highest-temperature-in-london-on-august-7-2026-25c,highest-temperature-in-london-on-august-7-2026,Yes,0,0xc39cf7c99e05dfdc57e6f399248553d6755017791f0b13b44f878235b2bf11b3,0xbddc2a7690BF600E347d5eb4A9C28f9F24E55d4f-1774968947489,Equal-Sun
1785992592,2026-08-06T05:03:12+00:00,TAKER,BUY,319.318094,0.6263346887,199.99999900176732,101404553481287711266962486338573143764772917975147063919195677773739517535500,0x71f77a17910b6d896ee76326d806ebe3ed3e82176a2fb5f9d6b46a6ab3187dad,Will the highest temperature in Istanbul be 28°C on August 6?,highest-temperature-in-istanbul-on-august-6-2026-28c,highest-temperature-in-istanbul-on-august-6-2026,Yes,0,0x4884760f8ed172c2a78e4953c639cfca9f7c3e892776942cae59ae4cad9c980e,0xbddc2a7690BF600E347d5eb4A9C28f9F24E55d4f-1774968947489,Equal-Sun
1785992595,2026-08-06T05:03:15+00:00,TAKER,BUY,371.1,0.6463298302,239.85299998722002,101404553481287711266962486338573143764772917975147063919195677773739517535500,0x71f77a17910b6d896ee76326d806ebe3ed3e82176a2fb5f9d6b46a6ab3187dad,Will the highest temperature in Istanbul be 28°C on August 6?,highest-temperature-in-istanbul-on-august-6-2026-28c,highest-temperature-in-istanbul-on-august-6-2026,Yes,0,0x3a7b46538c1656c2a4125fa576816c615a8ac26ae5d6070f8cf294e2b4a070da,0xbddc2a7690BF600E347d5eb4A9C28f9F24E55d4f-1774968947489,Equal-Sun
1785996195,2026-08-06T06:03:15+00:00,TAKER,BUY,14.791664,0.6861971716,10.149998000057543,101404553481287711266962486338573143764772917975147063919195677773739517535500,0x71f77a17910b6d896ee76326d806ebe3ed3e82176a2fb5f9d6b46a6ab3187dad,Will the highest temperature in Istanbul be 28°C on August 6?,highest-temperature-in-istanbul-on-august-6-2026-28c,highest-temperature-in-istanbul-on-august-6-2026,Yes,0,0x45d4d3395666c44c614e00c8ee0520defe3c4d09968fc06b2921349fb2ec19c5,0xbddc2a7690BF600E347d5eb4A9C28f9F24E55d4f-1774968947489,Equal-Sun
1785996203,2026-08-06T06:03:23+00:00,TAKER,BUY,266.013156,0.5638818781,149.99999800458826,105668416229941343618566729715237190004043003826930263733521405172203936673179,0x1af2063351d70121549a56eefde0c3a217b71db0373770adc94c2e01b356914a,Will the highest temperature in Helsinki be 24°C on August 6?,highest-temperature-in-helsinki-on-august-6-2026-24c,highest-temperature-in-helsinki-on-august-6-2026,Yes,0,0xc502803e9ac0958746563df0eb5c046adaaa11c22ffd047da40c5b7169f47b49,0xbddc2a7690BF600E347d5eb4A9C28f9F24E55d4f-1774968947489,Equal-Sun
1785998039,2026-08-06T06:33:59+00:00,TAKER,BUY,127.577072,0.7838398972,99.999999001557,101404553481287711266962486338573143764772917975147063919195677773739517535500,0x71f77a17910b6d896ee76326d806ebe3ed3e82176a2fb5f9d6b46a6ab3187dad,Will the highest temperature in Istanbul be 28°C on August 6?,highest-temperature-in-istanbul-on-august-6-2026-28c,highest-temperature-in-istanbul-on-august-6-2026,Yes,0,0x1b6476c2fc1a98815ac3d352b5da2467d6bd0fda6a0f2deaf7a1fa306c2664cc,0xbddc2a7690BF600E347d5eb4A9C28f9F24E55d4f-1774968947489,Equal-Sun
1785998592,2026-08-06T06:43:12+00:00,TAKER,BUY,11.590908,0.4313725033,4.999998999479996,78361467227684490004802884100485220123707231321635511410091171641825653337128,0xb62451a6c4c7749c73b6d03f55e7cfbb2ac0ed39833da103ec7fcf1eee5140bc,Will the highest temperature in Lucknow be 30°C on August 6?,highest-temperature-in-lucknow-on-august-6-2026-30c,highest-temperature-in-lucknow-on-august-6-2026,Yes,0,0x9794e86cf244c8e07ccd51f25c3af90c583b8cb39a365b70122c8a772a0cfc85,0xbddc2a7690BF600E347d5eb4A9C28f9F24E55d4f-1774968947489,Equal-Sun
1786003500,2026-08-06T08:05:00+00:00,TAKER,BUY,96.38,0.4308798506,41.528200000828,27935515231968561413408216603906357807870873832719006047469520659043235635730,0x7e35f1114d637d1d8709ed241bb11d7e9af9c58fd796429cd2dc15a206ec5aa0,Will the highest temperature in Milan be 36°C on August 6?,highest-temperature-in-milan-on-august-6-2026-36c,highest-temperature-in-milan-on-august-6-2026,Yes,0,0xba0b274897ceafffa8e71f43ac84e3d688cbc2a7690efb3ebe1d0e8e1a65d1d2,0xbddc2a7690BF600E347d5eb4A9C28f9F24E55d4f-1774968947489,Equal-Sun
1786004411,2026-08-06T08:20:11+00:00,TAKER,BUY,237.2,0.5227487352,123.99599998944,27935515231968561413408216603906357807870873832719006047469520659043235635730,0x7e35f1114d637d1d8709ed241bb11d7e9af9c58fd796429cd2dc15a206ec5aa0,Will the highest temperature in Milan be 36°C on August 6?,highest-temperature-in-milan-on-august-6-2026-36c,highest-temperature-in-milan-on-august-6-2026,Yes,0,0xf977465b731989f82f85456158e497b3dc2bc45ed490189c731e36836b439868,0xbddc2a7690BF600E347d5eb4A9C28f9F24E55d4f-1774968947489,Equal-Sun
1786007129,2026-08-06T09:05:29+00:00,TAKER,BUY,38,0.4157894737,15.8000000006,27935515231968561413408216603906357807870873832719006047469520659043235635730,0x7e35f1114d637d1d8709ed241bb11d7e9af9c58fd796429cd2dc15a206ec5aa0,Will the highest temperature in Milan be 36°C on August 6?,highest-temperature-in-milan-on-august-6-2026-36c,highest-temperature-in-milan-on-august-6-2026,Yes,0,0x571a628b4edb84815354b0e7e3dd1591a4760ebc50f04a52d56c355619cc3e6c,0xbddc2a7690BF600E347d5eb4A9C28f9F24E55d4f-1774968947489,Equal-Sun
1786008030,2026-08-06T09:20:30+00:00,TAKER,BUY,45.340951,0.4119895721,18.679999001097066,27935515231968561413408216603906357807870873832719006047469520659043235635730,0x7e35f1114d637d1d8709ed241bb11d7e9af9c58fd796429cd2dc15a206ec5aa0,Will the highest temperature in Milan be 36°C on August 6?,highest-temperature-in-milan-on-august-6-2026-36c,highest-temperature-in-milan-on-august-6-2026,Yes,0,0xc199de1117597bf66c17df7f781178c2787088169652f37b31f9eb52c0c757dd,0xbddc2a7690BF600E347d5eb4A9C28f9F24E55d4f-1774968947489,Equal-Sun
1786008950,2026-08-06T09:35:50+00:00,TAKER,BUY,213.04,0.5898328952,125.657999993408,112546871504666454716429227465621249474000650225961640654933499917493001197116,0x0cd869c770ae3dba9a4d6102dbd41a4bc110d6dce747b36e64401d7f3775df23,Will the highest temperature in Madrid be 38°C on August 6?,highest-temperature-in-madrid-on-august-6-2026-38c,highest-temperature-in-madrid-on-august-6-2026,Yes,0,0xac7ae0b605ecc148469ddf2659e92474f7da9904bab1c5fc3944cbc51b2c35f7,0xbddc2a7690BF600E347d5eb4A9C28f9F24E55d4f-1774968947489,Equal-Sun
1786011674,2026-08-06T10:21:14+00:00,TAKER,BUY,296.996861,0.5050558396,149.9999989909195,37617229780408876479606961211006769489578134404518277263268505019015846437833,0xef0dac41b0c89c25c89b135e23305c046ebf17a28b81910091485d2d8c3442c0,Will the highest temperature in Wuhan be 37°C on August 7?,highest-temperature-in-wuhan-on-august-7-2026-37c,highest-temperature-in-wuhan-on-august-7-2026,Yes,0,0xaa5ae57b2ae37c4ca80fe59f4634458ab3ccedbed0e87f01a52875dab7372c3c,0xbddc2a7690BF600E347d5eb4A9C28f9F24E55d4f-1774968947489,Equal-Sun
1786017129,2026-08-06T11:52:09+00:00,TAKER,BUY,548.56,0.2345916582,128.687600022192,2885296584002949800189337095256311042912109620964077684988682022822565055285,0x733e548c884eb0b5e6623cf12f71c5f88502ceaa6752ef71fa246a320f1056e8,Will the highest temperature in Moscow be 31°C on August 7?,highest-temperature-in-moscow-on-august-7-2026-31c,highest-temperature-in-moscow-on-august-7-2026,Yes,0,0xb837e5145a78ff8908bef76e5aadae757fecf0fae52e90ee3d8e0ff438088fd8,0xbddc2a7690BF600E347d5eb4A9C28f9F24E55d4f-1774968947489,Equal-Sun
1786018046,2026-08-06T12:07:26+00:00,TAKER,BUY,260.733332,0.2734978242,71.30999899841625,2885296584002949800189337095256311042912109620964077684988682022822565055285,0x733e548c884eb0b5e6623cf12f71c5f88502ceaa6752ef71fa246a320f1056e8,Will the highest temperature in Moscow be 31°C on August 7?,highest-temperature-in-moscow-on-august-7-2026-31c,highest-temperature-in-moscow-on-august-7-2026,Yes,0,0xd50700f504dd8992eeb2d39cf2b46266cfecc379999bb6c5ccaf86701b9df498,0xbddc2a7690BF600E347d5eb4A9C28f9F24E55d4f-1774968947489,Equal-Sun
1786024470,2026-08-06T13:54:30+00:00,TAKER,BUY,200,0.5,100.0,109930676153389773259400824922429294067294153271064524805028562317130229163797,0xf357e65cdcf539ebec03cef60bd1d7b63c39dcbec7a776b287a9034105f109c3,Will the highest temperature in Houston be between 94-95°F on August 6?,highest-temperature-in-houston-on-august-6-2026-94-95f,highest-temperature-in-houston-on-august-6-2026,Yes,0,0x55d6ce9774520aadbff6ff883e9485eca33ecd749287dc8d2f6bb37ea372fee2,0xbddc2a7690BF600E347d5eb4A9C28f9F24E55d4f-1774968947489,Equal-Sun
1786035432,2026-08-06T16:57:12+00:00,TAKER,BUY,361.17857,0.4153070294,149.99999898963995,4485744146449575799983546571909290070573457844761160029607303268987562767137,0x8152ff050793ede89ba286298064abc533de583d2d7093392789855d9f4ba56b,Will the highest temperature in Lucknow be 34°C on August 8?,highest-temperature-in-lucknow-on-august-8-2026-34c,highest-temperature-in-lucknow-on-august-8-2026,Yes,0,0x9c0bab7c2638b09830150367367d6a93d357d6f7e1a783fd5394cf231b8a8aab,0xbddc2a7690BF600E347d5eb4A9C28f9F24E55d4f-1774968947489,Equal-Sun
1786043628,2026-08-06T19:13:48+00:00,TAKER,BUY,237.289301,0.4214264974,99.99999899092431,102116521788001170521001741359167147712048222636239109466085961047691251431001,0xe1befdc526801dac148b49938cd002fe15b721e3edef3ebd58bce00a87884968,Will the highest temperature in London be 25°C on August 7?,highest-temperature-in-london-on-august-7-2026-25c,highest-temperature-in-london-on-august-7-2026,Yes,0,0x35c44c4dab7ade37fbf71d05973bba15bddf37c2ff7779dcc836b8a23bd721e3,0xbddc2a7690BF600E347d5eb4A9C28f9F24E55d4f-1774968947489,Equal-Sun
1786044531,2026-08-06T19:28:51+00:00,TAKER,BUY,204.591835,0.4887780541,99.99999899604828,48023182440395878816793145970547727541001363923616655005546613842571108326640,0xa6cff2e87357c2934d8e9f914d14f7912791bdd016a45d4da65269e1d18416d7,Will the highest temperature in Shanghai be 34°C on August 7?,highest-temperature-in-shanghai-on-august-7-2026-34c,highest-temperature-in-shanghai-on-august-7-2026,Yes,0,0xabda9da8e7cef7772f22ccf4d97563927f51988fe7cd179b0d4ef272beb6dbbe,0xbddc2a7690BF600E347d5eb4A9C28f9F24E55d4f-1774968947489,Equal-Sun
1786046351,2026-08-06T19:59:11+00:00,TAKER,BUY,535.581314,0.373426021,199.9999990089716,6319288951149323372003427315066789188508059923279473251655264416471385408212,0x837ca30dc28e60a749102c1ffae13c9466272bbc34022377e48f730585b54af9,Will the highest temperature in Moscow be 30°C on August 7?,highest-temperature-in-moscow-on-august-7-2026-30c,highest-temperature-in-moscow-on-august-7-2026,Yes,0,0x9841ca4a377d88ba769a2bbd5a46a4882f8083b6f661e03d4e276776d25e1bb9,0xbddc2a7690BF600E347d5eb4A9C28f9F24E55d4f-1774968947489,Equal-Sun
1786056314,2026-08-06T22:45:14+00:00,TAKER,BUY,317.666664,0.629590765,199.99999800275796,17644473171888818338199895747090726273152544888480534389951637025377503178692,0x04db1fe61e5b278b478bbda88a21b914d7c2bdc7d2e694745c83c5476a7a4133,Will the highest temperature in Tel Aviv be 32°C on August 7?,highest-temperature-in-tel-aviv-on-august-7-2026-32c,highest-temperature-in-tel-aviv-on-august-7-2026,Yes,0,0xc426af3e1a8e5f37d4e75de33676caab831fcf0804896b9b64eaf84d3dd080f4,0xbddc2a7690BF600E347d5eb4A9C28f9F24E55d4f-1774968947489,Equal-Sun
1786062651,2026-08-07T00:30:51+00:00,TAKER,BUY,241.23111,0.4145402266,99.99999900236953,72616052726203085340104000193053401672023362634921388928705868142968945738760,0x4ea4aa29c46acf27dab0d4a8673ad2e8e50fcdbd9178e8802a124498153b7775,Will the highest temperature in Warsaw be 25°C on August 7?,highest-temperature-in-warsaw-on-august-7-2026-25c,highest-temperature-in-warsaw-on-august-7-2026,Yes,0,0xe896e026fe7c0d415174701d082edfb35cb62ddf3495182d7c949d7e3697d50b,0xbddc2a7690BF600E347d5eb4A9C28f9F24E55d4f-1774968947489,Equal-Sun
1786063562,2026-08-07T00:46:02+00:00,TAKER,BUY,343.907665,0.2907757203,99.9999990070661,58968245278420234190062028451302744352314481027217243699571156085382986542305,0x3f80d737cf645a2c94e266ceb7f6a87fca4cb53beedcaad8ccb65f75de9c4d22,Will the highest temperature in Tel Aviv be 31°C on August 7?,highest-temperature-in-tel-aviv-on-august-7-2026-31c,highest-temperature-in-tel-aviv-on-august-7-2026,Yes,0,0xa9686fb3192701a79abefcdbfa5eae0da5f5674ddb1d0ce96441c53f2914973d,0xbddc2a7690BF600E347d5eb4A9C28f9F24E55d4f-1774968947489,Equal-Sun
1786063565,2026-08-07T00:46:05+00:00,TAKER,BUY,413.578162,0.4835845249,199.99999897978523,13073998435631304578472392256345567060375796775936592568507677690840505800479,0xa9e77a219b20290121f473d548eefce0031fbd17f1b8aee36aa54da302140371,Will the highest temperature in Dallas be between 100-101°F on August 7?,highest-temperature-in-dallas-on-august-7-2026-100-101f,highest-temperature-in-dallas-on-august-7-2026,Yes,0,0xf7d18e2c0f250a3eb2bddf95b3582cbb4dddf28050f32d5b1630e00acd087e79,0xbddc2a7690BF600E347d5eb4A9C28f9F24E55d4f-1774968947489,Equal-Sun
1786064193,2026-08-07T00:56:33+00:00,TAKER,BUY,211.174582,0.4735418347,99.99999900228559,37617229780408876479606961211006769489578134404518277263268505019015846437833,0xef0dac41b0c89c25c89b135e23305c046ebf17a28b81910091485d2d8c3442c0,Will the highest temperature in Wuhan be 37°C on August 7?,highest-temperature-in-wuhan-on-august-7-2026-37c,highest-temperature-in-wuhan-on-august-7-2026,Yes,0,0xeedd95c7bc8d0260c76e875f08d2f4fec843e82664a28f8cef6aba7c8810ee60,0xbddc2a7690BF600E347d5eb4A9C28f9F24E55d4f-1774968947489,Equal-Sun
1786067211,2026-08-07T01:46:51+00:00,TAKER,BUY,183.290908,0.5455807933,99.99999899131731,109183688633407339977331430362409828946331856501066719795213269980739682028039,0xc6f92a8f2156dcc613947e9c8c0021b192ea336522e1fa3535d9678ebdb836dc,Will the highest temperature in Amsterdam be 22°C on August 7?,highest-temperature-in-amsterdam-on-august-7-2026-22c,highest-temperature-in-amsterdam-on-august-7-2026,Yes,0,0x703a4531136ef35bb552870dbf20b26ec765dd6aab7e584137e8a50bb1b6d4ff,0xbddc2a7690BF600E347d5eb4A9C28f9F24E55d4f-1774968947489,Equal-Sun
1786068109,2026-08-07T02:01:49+00:00,TAKER,BUY,719.177836,0.3476191652,249.9999989806625,39646495905742338377085637355841242303279142337617319806346441953823559075765,0x6733f3b5d08c95a17d539f34a58a4dfd36f877b7b0f9ce6589807038b258404e,Will the highest temperature in New York City be between 90-91°F on August 7?,highest-temperature-in-nyc-on-august-7-2026-90-91f,highest-temperature-in-nyc-on-august-7-2026,Yes,0,0x1cd8b06e4b688c83281ad59b79695ad61b6dece9ecace238111c353dbf233861,0xbddc2a7690BF600E347d5eb4A9C28f9F24E55d4f-1774968947489,Equal-Sun
1786068112,2026-08-07T02:01:52+00:00,TAKER,BUY,416.666665,0.4799999995,199.99999899166667,54581218581808439258023234767706359026353039508978106225395166490302407449786,0xb98f27526d4699e6b84568f2cad70639ee0f36256eaad52b5b5c2428d584d9bc,Will the highest temperature in Singapore be 32°C on August 8?,highest-temperature-in-singapore-on-august-8-2026-32c,highest-temperature-in-singapore-on-august-8-2026,Yes,0,0x85eb92a3b999270b1b7d35618b324b9243ea0c69f5932efd6c8c3f808f7ead07,0xbddc2a7690BF600E347d5eb4A9C28f9F24E55d4f-1774968947489,Equal-Sun
1786070818,2026-08-07T02:46:58+00:00,TAKER,BUY,303.181817,0.6596701642,199.99999900284436,17644473171888818338199895747090726273152544888480534389951637025377503178692,0x04db1fe61e5b278b478bbda88a21b914d7c2bdc7d2e694745c83c5476a7a4133,Will the highest temperature in Tel Aviv be 32°C on August 7?,highest-temperature-in-tel-aviv-on-august-7-2026-32c,highest-temperature-in-tel-aviv-on-august-7-2026,Yes,0,0xf25710181c827e6a970ef3434bbf3cd8d5dcb301dd64fbb6f6a1880bb369ed1c,0xbddc2a7690BF600E347d5eb4A9C28f9F24E55d4f-1774968947489,Equal-Sun
1786074823,2026-08-07T03:53:43+00:00,TAKER,SELL,620.84,0.6507058179,403.98419998503607,17644473171888818338199895747090726273152544888480534389951637025377503178692,0x04db1fe61e5b278b478bbda88a21b914d7c2bdc7d2e694745c83c5476a7a4133,Will the highest temperature in Tel Aviv be 32°C on August 7?,highest-temperature-in-tel-aviv-on-august-7-2026-32c,highest-temperature-in-tel-aviv-on-august-7-2026,Yes,0,0x2be2cf7cc6cfa4a0b193d4054cffaed64b26bbb4b3e25022a8d39bf4a48b1abb,0xbddc2a7690BF600E347d5eb4A9C28f9F24E55d4f-1774968947489,Equal-Sun
1786074826,2026-08-07T03:53:46+00:00,TAKER,SELL,343.9,0.29,99.73099999999998,58968245278420234190062028451302744352314481027217243699571156085382986542305,0x3f80d737cf645a2c94e266ceb7f6a87fca4cb53beedcaad8ccb65f75de9c4d22,Will the highest temperature in Tel Aviv be 31°C on August 7?,highest-temperature-in-tel-aviv-on-august-7-2026-31c,highest-temperature-in-tel-aviv-on-august-7-2026,Yes,0,0xf996759ec2a4f5fb92a25474341a915edd3d863edb532a2e0328231bcb8e6ec2,0xbddc2a7690BF600E347d5eb4A9C28f9F24E55d4f-1774968947489,Equal-Sun
1786078149,2026-08-07T04:49:09+00:00,TAKER,BUY,188.392856,0.5308056851,99.99999899702566,29928787051643860903730730231224470843246876684326651243399402407411586701752,0x9713271ed66fca08fe81bc2588dd701e076ba1722ae43e419d6c44007182794f,Will the highest temperature in Denver be between 96-97°F on August 7?,highest-temperature-in-denver-on-august-7-2026-96-97f,highest-temperature-in-denver-on-august-7-2026,Yes,0,0x10e22e73afa51fe899e5a70fdbac3b6c393a04605598f8527c8042a30ea3e992,0xbddc2a7690BF600E347d5eb4A9C28f9F24E55d4f-1774968947489,Equal-Sun
1786079080,2026-08-07T05:04:40+00:00,TAKER,BUY,417.209165,0.4793758522,199.9999990175254,39811485568775674083546843876136770863864775186480582486484491832453812067287,0xfa12970fd2d973d1b0d4598b1e6cf8cbb7032da424a9fec037f65bdb59d9b16c,Will the highest temperature in Istanbul be 28°C on August 7?,highest-temperature-in-istanbul-on-august-7-2026-28c,highest-temperature-in-istanbul-on-august-7-2026,Yes,0,0x6563ca83eb133c0a1ef370c5769631e4bec4a2066eeb183c72d7089250d02530,0xbddc2a7690BF600E347d5eb4A9C28f9F24E55d4f-1774968947489,Equal-Sun
1786079083,2026-08-07T05:04:43+00:00,TAKER,BUY,470.88,0.505214492,237.89539999296,39811485568775674083546843876136770863864775186480582486484491832453812067287,0xfa12970fd2d973d1b0d4598b1e6cf8cbb7032da424a9fec037f65bdb59d9b16c,Will the highest temperature in Istanbul be 28°C on August 7?,highest-temperature-in-istanbul-on-august-7-2026-28c,highest-temperature-in-istanbul-on-august-7-2026,Yes,0,0x2c70288d669c839ea7b0170a386aa68fd07a7e065e4b9fc5900a541edcf915cb,0xbddc2a7690BF600E347d5eb4A9C28f9F24E55d4f-1774968947489,Equal-Sun
1786083609,2026-08-07T06:20:09+00:00,TAKER,BUY,161.113967,0.6206786467,99.99999900202845,39811485568775674083546843876136770863864775186480582486484491832453812067287,0xfa12970fd2d973d1b0d4598b1e6cf8cbb7032da424a9fec037f65bdb59d9b16c,Will the highest temperature in Istanbul be 28°C on August 7?,highest-temperature-in-istanbul-on-august-7-2026-28c,highest-temperature-in-istanbul-on-august-7-2026,Yes,0,0xeffae822717faebd073bcdec0c4f0fb9cc820ee9dc957e21aabd18ba2f4071f1,0xbddc2a7690BF600E347d5eb4A9C28f9F24E55d4f-1774968947489,Equal-Sun
1786089081,2026-08-07T07:51:21+00:00,TAKER,BUY,365.64218,0.5469828426,199.99999899086086,82092537043514053404418875268104227139835271053751231541035526475942636422742,0x498be712fb76fa3f1750055cf0f86939af2900b4f6e91d7c53c2fb4ea2abcdbf,Will the highest temperature in Milan be 34°C on August 7?,highest-temperature-in-milan-on-august-7-2026-34c,highest-temperature-in-milan-on-august-7-2026,Yes,0,0x935c5284a0b18c2c21de257e6e6efea0db03102769edc775467e1bcacbd8de44,0xbddc2a7690BF600E347d5eb4A9C28f9F24E55d4f-1774968947489,Equal-Sun
1786095450,2026-08-07T09:37:30+00:00,TAKER,BUY,245.89,0.6072569035,149.31840000161498,55915254877259040140198593323837967078422395296096210557216149507120268707245,0x4c21dc6ab914a89a87b2999c2d7c5c202205c2abcf6b4423f2366df2e43691d5,Will the highest temperature in Madrid be 39°C on August 7?,highest-temperature-in-madrid-on-august-7-2026-39c,highest-temperature-in-madrid-on-august-7-2026,Yes,0,0xd9ce0fece918733ed1a80bec9b5d93a37ba0e1fd82aae953cc889b869bd33b69,0xbddc2a7690BF600E347d5eb4A9C28f9F24E55d4f-1774968947489,Equal-Sun
1786096389,2026-08-07T09:53:09+00:00,TAKER,BUY,92.113558,0.5501904399,50.67999899677417,55915254877259040140198593323837967078422395296096210557216149507120268707245,0x4c21dc6ab914a89a87b2999c2d7c5c202205c2abcf6b4423f2366df2e43691d5,Will the highest temperature in Madrid be 39°C on August 7?,highest-temperature-in-madrid-on-august-7-2026-39c,highest-temperature-in-madrid-on-august-7-2026,Yes,0,0x5ac94d199822dda8beecf38bab720a5f27fb0b258459dce4962a7e74b5adbf27,0xbddc2a7690BF600E347d5eb4A9C28f9F24E55d4f-1774968947489,Equal-Sun
1786096393,2026-08-07T09:53:13+00:00,TAKER,BUY,227.272726,0.4399999981,99.99999900818183,107770160714165928724626326709104147447760600197628231625255512798295568368832,0x273eb8b6028e346e170fbda6879173d99e52d2400e7a8c711d1e312720413386,Will the highest temperature in Qingdao be 35°C on August 8?,highest-temperature-in-qingdao-on-august-8-2026-35c,highest-temperature-in-qingdao-on-august-8-2026,Yes,0,0x52c308b04e15601fbc83962e78927c2b19a1bb99fac86c801358ca485a9968a0,0xbddc2a7690BF600E347d5eb4A9C28f9F24E55d4f-1774968947489,Equal-Sun
1786098199,2026-08-07T10:23:19+00:00,TAKER,BUY,374.988779,0.4000119668,149.99999901572056,28766307546506882087408418007500827106142678350057528786213585640190735830376,0xe507124ad2ca809b32151bd32c8d92f906a08bb28c23e10594faded7ad2e2696,Will the highest temperature in Wuhan be 36°C on August 8?,highest-temperature-in-wuhan-on-august-8-2026-36c,highest-temperature-in-wuhan-on-august-8-2026,Yes,0,0x84691fbfe0fd4257c840b7ae9dd348f4205bc4497ff60f7e3c384ab7297fe1ec,0xbddc2a7690BF600E347d5eb4A9C28f9F24E55d4f-1774968947489,Equal-Sun
1786102666,2026-08-07T11:37:46+00:00,TAKER,SELL,361.17,0.4466957388,161.33309998239602,4485744146449575799983546571909290070573457844761160029607303268987562767137,0x8152ff050793ede89ba286298064abc533de583d2d7093392789855d9f4ba56b,Will the highest temperature in Lucknow be 34°C on August 8?,highest-temperature-in-lucknow-on-august-8-2026-34c,highest-temperature-in-lucknow-on-august-8-2026,Yes,0,0x48e8bee23a633ec7a5527d47201cb73d538119b3feab59107b6ec9f19e5e9f66,0xbddc2a7690BF600E347d5eb4A9C28f9F24E55d4f-1774968947489,Equal-Sun
1786106646,2026-08-07T12:44:06+00:00,TAKER,SELL,338,0.1567390533,52.97780001539999,55915254877259040140198593323837967078422395296096210557216149507120268707245,0x4c21dc6ab914a89a87b2999c2d7c5c202205c2abcf6b4423f2366df2e43691d5,Will the highest temperature in Madrid be 39°C on August 7?,highest-temperature-in-madrid-on-august-7-2026-39c,highest-temperature-in-madrid-on-august-7-2026,Yes,0,0x3714c14681ecbbfb7b77435f8cbf921910df7b2f4e061f625e18b53b76932b4c,0xbddc2a7690BF600E347d5eb4A9C28f9F24E55d4f-1774968947489,Equal-Sun
1786109685,2026-08-07T13:34:45+00:00,TAKER,BUY,29.411763,0.3399999857,9.999998999411789,102116521788001170521001741359167147712048222636239109466085961047691251431001,0xe1befdc526801dac148b49938cd002fe15b721e3edef3ebd58bce00a87884968,Will the highest temperature in London be 25°C on August 7?,highest-temperature-in-london-on-august-7-2026-25c,highest-temperature-in-london-on-august-7-2026,Yes,0,0x89b2e824d474750e418e420f3b59f7ef9b2b94c29a666be231854960a3aead2b,0xbddc2a7690BF600E347d5eb4A9C28f9F24E55d4f-1774968947489,Equal-Sun
1786110687,2026-08-07T13:51:27+00:00,TAKER,BUY,15.555554,0.3214285393,4.999999000222272,39646495905742338377085637355841242303279142337617319806346441953823559075765,0x6733f3b5d08c95a17d539f34a58a4dfd36f877b7b0f9ce6589807038b258404e,Will the highest temperature in New York City be between 90-91°F on August 7?,highest-temperature-in-nyc-on-august-7-2026-90-91f,highest-temperature-in-nyc-on-august-7-2026,Yes,0,0x80c142f238b80239149bbea85dac86da1f9c70f89878091f49a4ea1524027876,0xbddc2a7690BF600E347d5eb4A9C28f9F24E55d4f-1774968947489,Equal-Sun
1786110732,2026-08-07T13:52:12+00:00,TAKER,BUY,10,0.19,1.9,102116521788001170521001741359167147712048222636239109466085961047691251431001,0xe1befdc526801dac148b49938cd002fe15b721e3edef3ebd58bce00a87884968,Will the highest temperature in London be 25°C on August 7?,highest-temperature-in-london-on-august-7-2026-25c,highest-temperature-in-london-on-august-7-2026,Yes,0,0xf5c7db44b943abf7f32d493db9a49e8c03befded4ae9015f73ae2c8462b0cd4e,0xbddc2a7690BF600E347d5eb4A9C28f9F24E55d4f-1774968947489,Equal-Sun
1786111066,2026-08-07T13:57:46+00:00,TAKER,BUY,245.53,0.3702508858,90.907699990474,79957476994691572373809625804551864365043343014667058642596247119960505217571,0xca994b2b4a6f3b2e3d01aa2381320bd4cca10fce978bde6892686f0120e353f4,Will the highest temperature in Houston be between 92-93°F on August 7?,highest-temperature-in-houston-on-august-7-2026-92-93f,highest-temperature-in-houston-on-august-7-2026,Yes,0,0x017ae36fb8288dd1a1ed9752e11ca34210daae165033ba4eec2de8281fc239a5,0xbddc2a7690BF600E347d5eb4A9C28f9F24E55d4f-1774968947489,Equal-Sun
1786113817,2026-08-07T14:43:37+00:00,TAKER,BUY,44.55,0.36,16.037999999999997,79957476994691572373809625804551864365043343014667058642596247119960505217571,0xca994b2b4a6f3b2e3d01aa2381320bd4cca10fce978bde6892686f0120e353f4,Will the highest temperature in Houston be between 92-93°F on August 7?,highest-temperature-in-houston-on-august-7-2026-92-93f,highest-temperature-in-houston-on-august-7-2026,Yes,0,0x333cc560509109c6ab4b8b6d0ff8b72120c2cb16d3f874ffa42fa44ddbc95745,0xbddc2a7690BF600E347d5eb4A9C28f9F24E55d4f-1774968947489,Equal-Sun
1786114867,2026-08-07T15:01:07+00:00,TAKER,BUY,19.615383,0.2549019308,4.999999000081497,102116521788001170521001741359167147712048222636239109466085961047691251431001,0xe1befdc526801dac148b49938cd002fe15b721e3edef3ebd58bce00a87884968,Will the highest temperature in London be 25°C on August 7?,highest-temperature-in-london-on-august-7-2026-25c,highest-temperature-in-london-on-august-7-2026,Yes,0,0xfaf0c6c1e9c15c407b09c4c51181f1ba0aee39f19ecceca1dc227080c5567c24,0xbddc2a7690BF600E347d5eb4A9C28f9F24E55d4f-1774968947489,Equal-Sun
1786115002,2026-08-07T15:03:22+00:00,TAKER,BUY,4.166665,0.239999856,0.9999990000002401,102116521788001170521001741359167147712048222636239109466085961047691251431001,0xe1befdc526801dac148b49938cd002fe15b721e3edef3ebd58bce00a87884968,Will the highest temperature in London be 25°C on August 7?,highest-temperature-in-london-on-august-7-2026-25c,highest-temperature-in-london-on-august-7-2026,Yes,0,0xae310dfcdcb2bbc612aa87978b0f96765e241bd2abdab6c2928a09a916b8f289,0xbddc2a7690BF600E347d5eb4A9C28f9F24E55d4f-1774968947489,Equal-Sun
1786115008,2026-08-07T15:03:28+00:00,TAKER,BUY,4.347825,0.2299998275,0.9999990000001876,102116521788001170521001741359167147712048222636239109466085961047691251431001,0xe1befdc526801dac148b49938cd002fe15b721e3edef3ebd58bce00a87884968,Will the highest temperature in London be 25°C on August 7?,highest-temperature-in-london-on-august-7-2026-25c,highest-temperature-in-london-on-august-7-2026,Yes,0,0x71514ff9d0dc4e382840ecbcf56330e1e6e27babddafc62fd19a0e6e6614888d,0xbddc2a7690BF600E347d5eb4A9C28f9F24E55d4f-1774968947489,Equal-Sun
1786115017,2026-08-07T15:03:37+00:00,TAKER,BUY,16.666665,0.239999964,3.99999900000006,102116521788001170521001741359167147712048222636239109466085961047691251431001,0xe1befdc526801dac148b49938cd002fe15b721e3edef3ebd58bce00a87884968,Will the highest temperature in London be 25°C on August 7?,highest-temperature-in-london-on-august-7-2026-25c,highest-temperature-in-london-on-august-7-2026,Yes,0,0xe20dc2ace37405389d3c731210c167938b5d73c4aea272665fa7bc9738155986,0xbddc2a7690BF600E347d5eb4A9C28f9F24E55d4f-1774968947489,Equal-Sun
1786115172,2026-08-07T15:06:12+00:00,TAKER,BUY,8.2,0.1219512195,0.9999999998999999,102116521788001170521001741359167147712048222636239109466085961047691251431001,0xe1befdc526801dac148b49938cd002fe15b721e3edef3ebd58bce00a87884968,Will the highest temperature in London be 25°C on August 7?,highest-temperature-in-london-on-august-7-2026-25c,highest-temperature-in-london-on-august-7-2026,Yes,0,0xad8fd84a0af032a3fbb63321c5d977da38501452c2c1039d2af27bd0cff110e2,0xbddc2a7690BF600E347d5eb4A9C28f9F24E55d4f-1774968947489,Equal-Sun
1786115428,2026-08-07T15:10:28+00:00,TAKER,BUY,5,0.13,0.65,102116521788001170521001741359167147712048222636239109466085961047691251431001,0xe1befdc526801dac148b49938cd002fe15b721e3edef3ebd58bce00a87884968,Will the highest temperature in London be 25°C on August 7?,highest-temperature-in-london-on-august-7-2026-25c,highest-temperature-in-london-on-august-7-2026,Yes,0,0x3762b04e5bac4ac955eafc65651dd18c0d9a166d6aaccdb3c01508c49b2152a9,0xbddc2a7690BF600E347d5eb4A9C28f9F24E55d4f-1774968947489,Equal-Sun
1786115437,2026-08-07T15:10:37+00:00,TAKER,BUY,7.692306,0.1299998986,0.9999990000001716,102116521788001170521001741359167147712048222636239109466085961047691251431001,0xe1befdc526801dac148b49938cd002fe15b721e3edef3ebd58bce00a87884968,Will the highest temperature in London be 25°C on August 7?,highest-temperature-in-london-on-august-7-2026-25c,highest-temperature-in-london-on-august-7-2026,Yes,0,0x86728b83d85e28b7ed033205582e5c183a0e453589573aa8fdcff18876af9bf0,0xbddc2a7690BF600E347d5eb4A9C28f9F24E55d4f-1774968947489,Equal-Sun
1786115910,2026-08-07T15:18:30+00:00,TAKER,BUY,12,0.0833333333,0.9999999996000001,102116521788001170521001741359167147712048222636239109466085961047691251431001,0xe1befdc526801dac148b49938cd002fe15b721e3edef3ebd58bce00a87884968,Will the highest temperature in London be 25°C on August 7?,highest-temperature-in-london-on-august-7-2026-25c,highest-temperature-in-london-on-august-7-2026,Yes,0,0xbbc60f6a5ddc0be261d8d428112689ec287cbc2fc3850555cd04c0e00bffeb2e,0xbddc2a7690BF600E347d5eb4A9C28f9F24E55d4f-1774968947489,Equal-Sun
1786116276,2026-08-07T15:24:36+00:00,TAKER,BUY,227.522726,0.4395165299,99.99999900490852,28766307546506882087408418007500827106142678350057528786213585640190735830376,0xe507124ad2ca809b32151bd32c8d92f906a08bb28c23e10594faded7ad2e2696,Will the highest temperature in Wuhan be 36°C on August 8?,highest-temperature-in-wuhan-on-august-8-2026-36c,highest-temperature-in-wuhan-on-august-8-2026,Yes,0,0x970f89021dfb2dd04abbdabd226c929070f601ad31f45906013c6f8cc2851e7b,0xbddc2a7690BF600E347d5eb4A9C28f9F24E55d4f-1774968947489,Equal-Sun
1786118331,2026-08-07T15:58:51+00:00,TAKER,BUY,481.619046,0.4152659673,199.9999990072932,88477344978115079527165526646533815702875002878730730307851971331802803575047,0x414f20c7224d245231caf258ff13cf855a90323103b0441fe7299164a8405783,Will the highest temperature in Moscow be 24°C on August 8?,highest-temperature-in-moscow-on-august-8-2026-24c,highest-temperature-in-moscow-on-august-8-2026,Yes,0,0x2feae02f8993cfa0e3aef254ecb32a1c0b57a0a5bb7a438ce6f3791114c16d64,0xbddc2a7690BF600E347d5eb4A9C28f9F24E55d4f-1774968947489,Equal-Sun
1786119234,2026-08-07T16:13:54+00:00,TAKER,BUY,42.25,0.4285207101,18.105000001725,79957476994691572373809625804551864365043343014667058642596247119960505217571,0xca994b2b4a6f3b2e3d01aa2381320bd4cca10fce978bde6892686f0120e353f4,Will the highest temperature in Houston be between 92-93°F on August 7?,highest-temperature-in-houston-on-august-7-2026-92-93f,highest-temperature-in-houston-on-august-7-2026,Yes,0,0x64e6eacbb0219f1b2c570cb5c6afc061cb8565424f6fd7842bd2b0db621027ba,0xbddc2a7690BF600E347d5eb4A9C28f9F24E55d4f-1774968947489,Equal-Sun
1786123764,2026-08-07T17:29:24+00:00,TAKER,BUY,427,0.2494145199,106.4999999973,18548453502169107791109892155017680692662396889031122760313558241680350461819,0x18f1044f02c14a32d47e3d4be78f77fbd34104ac2ea72c7e68efe424aa75b57d,Will the highest temperature in Austin be between 96-97°F on August 8?,highest-temperature-in-austin-on-august-8-2026-96-97f,highest-temperature-in-austin-on-august-8-2026,Yes,0,0x3f3c7d357f346d4508364cd468900654a983d0041fa3c08f5dc47bb5e50b3f0c,0xbddc2a7690BF600E347d5eb4A9C28f9F24E55d4f-1774968947489,Equal-Sun
1786124275,2026-08-07T17:37:55+00:00,TAKER,BUY,248.987803,0.4016260949,99.99999899662052,107770160714165928724626326709104147447760600197628231625255512798295568368832,0x273eb8b6028e346e170fbda6879173d99e52d2400e7a8c711d1e312720413386,Will the highest temperature in Qingdao be 35°C on August 8?,highest-temperature-in-qingdao-on-august-8-2026-35c,highest-temperature-in-qingdao-on-august-8-2026,Yes,0,0x42f56785303344158d9eecf1c99f797e894c6f879b40438af931f2b714a6ddf6,0xbddc2a7690BF600E347d5eb4A9C28f9F24E55d4f-1774968947489,Equal-Sun
1786124668,2026-08-07T17:44:28+00:00,TAKER,BUY,187.24,0.2323221534,43.500000002616005,18548453502169107791109892155017680692662396889031122760313558241680350461819,0x18f1044f02c14a32d47e3d4be78f77fbd34104ac2ea72c7e68efe424aa75b57d,Will the highest temperature in Austin be between 96-97°F on August 8?,highest-temperature-in-austin-on-august-8-2026-96-97f,highest-temperature-in-austin-on-august-8-2026,Yes,0,0x0c1d56145eb65353b833a8c80df583e3486fd11c4d63eae0f9877933474c846d,0xbddc2a7690BF600E347d5eb4A9C28f9F24E55d4f-1774968947489,Equal-Sun
1786130125,2026-08-07T19:15:25+00:00,TAKER,BUY,248.56634,0.4023070823,99.99999900338979,55515955708531721717620874665024129836419237312428479330838791124622888938454,0x293c58d724d27e61130aadc8d9ab430970a0fee1dc26485159d63dddd3c87e83,Will the highest temperature in London be 27°C on August 8?,highest-temperature-in-london-on-august-8-2026-27c,highest-temperature-in-london-on-august-8-2026,Yes,0,0x176db8cc7579bf407bfdc45e20b415841a3b7d921e82c4bfe3ca05395b2738a3,0xbddc2a7690BF600E347d5eb4A9C28f9F24E55d4f-1774968947489,Equal-Sun
1786131027,2026-08-07T19:30:27+00:00,TAKER,BUY,367.690908,0.5439351223,199.999999011578,90928595193312167160816509149394283901526120077430920482745292677058835413360,0xfedcb17b2628dcd1afeb2896f3613f21cb2ffb4ee7727423ed943f97a221063d,Will the highest temperature in Shanghai be 33°C on August 8?,highest-temperature-in-shanghai-on-august-8-2026-33c,highest-temperature-in-shanghai-on-august-8-2026,Yes,0,0x04d3236c6a8a54f3dde5ef52236e169b5502a2ca59cdc4bad7b3dbe07555b7a5,0xbddc2a7690BF600E347d5eb4A9C28f9F24E55d4f-1774968947489,Equal-Sun
1786132830,2026-08-07T20:00:30+00:00,TAKER,BUY,218.170211,0.4583577132,99.99999900232149,88477344978115079527165526646533815702875002878730730307851971331802803575047,0x414f20c7224d245231caf258ff13cf855a90323103b0441fe7299164a8405783,Will the highest temperature in Moscow be 24°C on August 8?,highest-temperature-in-moscow-on-august-8-2026-24c,highest-temperature-in-moscow-on-august-8-2026,Yes,0,0x6c9d9f122a9d925e82068eba2a42e43c27f7aa1d9e1711d1be3d4e1ebcf72315,0xbddc2a7690BF600E347d5eb4A9C28f9F24E55d4f-1774968947489,Equal-Sun
1786149189,2026-08-08T00:33:09+00:00,TAKER,BUY,142.85714,0.7,99.99999799999999,103474293860392564544740004317304395237806921607338223298753082378977117243227,0x1e41d279ab064e5bcd17f5f99fce5f63f2c7eecf193da55aad5eb56f44ebc26f,Will the highest temperature in Tel Aviv be 32°C on August 8?,highest-temperature-in-tel-aviv-on-august-8-2026-32c,highest-temperature-in-tel-aviv-on-august-8-2026,Yes,0,0xd096c70c51819a5c2bfe6d5d97fbd15843efdc6bbffc7baf074e858bcea2e8a8,0xbddc2a7690BF600E347d5eb4A9C28f9F24E55d4f-1774968947489,Equal-Sun
1786150852,2026-08-08T01:00:52+00:00,TAKER,SELL,416.66,0.310749292,129.47680000472002,54581218581808439258023234767706359026353039508978106225395166490302407449786,0xb98f27526d4699e6b84568f2cad70639ee0f36256eaad52b5b5c2428d584d9bc,Will the highest temperature in Singapore be 32°C on August 8?,highest-temperature-in-singapore-on-august-8-2026-32c,highest-temperature-in-singapore-on-august-8-2026,Yes,0,0x3a03d1e2558da8af90d8d6e5ab1606c05afb0e2b86c86cbc070093cb376b48c5,0xbddc2a7690BF600E347d5eb4A9C28f9F24E55d4f-1774968947489,Equal-Sun
1786150854,2026-08-08T01:00:54+00:00,TAKER,SELL,357.16,0.264500784,94.46910001344,90928595193312167160816509149394283901526120077430920482745292677058835413360,0xfedcb17b2628dcd1afeb2896f3613f21cb2ffb4ee7727423ed943f97a221063d,Will the highest temperature in Shanghai be 33°C on August 8?,highest-temperature-in-shanghai-on-august-8-2026-33c,highest-temperature-in-shanghai-on-august-8-2026,Yes,0,0xb5bc6cc4053eaee92aae5394ff1edaf37df9751b6e1416c76869eac1e634c577,0xbddc2a7690BF600E347d5eb4A9C28f9F24E55d4f-1774968947489,Equal-Sun
1786151022,2026-08-08T01:03:42+00:00,TAKER,BUY,186.944443,0.5349182752,99.99999900778472,48934949529119832751879057522647660371730345958467518854599668036915027958271,0xb45ab59723b0b0a7cc0171784634a84be0ddb59bbee94ac027af1a5f34fc21e1,Will the highest temperature in Wellington be 14°C on August 9?,highest-temperature-in-wellington-on-august-9-2026-14c,highest-temperature-in-wellington-on-august-9-2026,Yes,0,0x604a35558d2bc7183c8783056b1eac6bf5109bbf6e074860a147c2fb76315494,0xbddc2a7690BF600E347d5eb4A9C28f9F24E55d4f-1774968947489,Equal-Sun
1786151025,2026-08-08T01:03:45+00:00,TAKER,BUY,177.276139,0.5640917022,99.99999900795382,1311937569586441668016421572305346560762551065787397340893532399840256650429,0x3dd2667d4e666af41f8ee4ee5ea4cc5b723d431a8808133467ae8eaf1aae7e2f,Will the highest temperature in Madrid be 37°C on August 9?,highest-temperature-in-madrid-on-august-9-2026-37c,highest-temperature-in-madrid-on-august-9-2026,Yes,0,0x28cbb95fe4fcdfc3085c73e0c6619c986ad58b6dc73b703443f5a4c9994a191a,0xbddc2a7690BF600E347d5eb4A9C28f9F24E55d4f-1774968947489,Equal-Sun
1786151026,2026-08-08T01:03:46+00:00,TAKER,BUY,178.571427,0.5599999993,99.999998995,9070925317339642309195495342745948034988342286807528089464659939505789364099,0xba0f0a610e0cb939b7223c45149c7fa333fad2f0e6cec23532a9e9e273493ae6,Will the highest temperature in Helsinki be 21°C on August 8?,highest-temperature-in-helsinki-on-august-8-2026-21c,highest-temperature-in-helsinki-on-august-8-2026,Yes,0,0xefe69be6f4e4d9cd7b5a3f19fdb19784985cfdd5d3bf51c0d7273ef27b418956,0xbddc2a7690BF600E347d5eb4A9C28f9F24E55d4f-1774968947489,Equal-Sun
1786154665,2026-08-08T02:04:25+00:00,TAKER,BUY,761.672332,0.2625801025,199.99999900797405,32012805582467778217302684809437763800639597556774790731197023994850604579312,0xcf4cb91796f38f2ed955a5e9e41c083f1a5638f3c6e0d601dcd801818616f663,Will the highest temperature in New York City be between 88-89°F on August 8?,highest-temperature-in-nyc-on-august-8-2026-88-89f,highest-temperature-in-nyc-on-august-8-2026,Yes,0,0xdb19ea0198d549762863c83292182b6f2fbb5f606808ca207b91b639f5806c89,0xbddc2a7690BF600E347d5eb4A9C28f9F24E55d4f-1774968947489,Equal-Sun
1786154668,2026-08-08T02:04:28+00:00,TAKER,BUY,386.292306,0.5177426418,199.99999901545397,69650046022384766438522377706469756529806463556574759512539151170122786200464,0xa79e216f7868115b55b4cf1e5c9422512edba53e532ff9dbae9a8852c16e2357,Will the highest temperature in Singapore be 32°C on August 9?,highest-temperature-in-singapore-on-august-9-2026-32c,highest-temperature-in-singapore-on-august-9-2026,Yes,0,0x89ded125774e360c0314a9b82aaeaf0d8acfe4323e78d22863d4e1c7efe73121,0xbddc2a7690BF600E347d5eb4A9C28f9F24E55d4f-1774968947489,Equal-Sun
1786156474,2026-08-08T02:34:34+00:00,TAKER,BUY,294.117646,0.679999999,199.99999898588234,103474293860392564544740004317304395237806921607338223298753082378977117243227,0x1e41d279ab064e5bcd17f5f99fce5f63f2c7eecf193da55aad5eb56f44ebc26f,Will the highest temperature in Tel Aviv be 32°C on August 8?,highest-temperature-in-tel-aviv-on-august-8-2026-32c,highest-temperature-in-tel-aviv-on-august-8-2026,Yes,0,0x89e8417c0e391a7d577e9fa8ee11fbee49ce166afbc57a3f04e51794b083b6cb,0xbddc2a7690BF600E347d5eb4A9C28f9F24E55d4f-1774968947489,Equal-Sun
1786161097,2026-08-08T03:51:37+00:00,TAKER,SELL,761.67,0.1033535521,78.721300028007,32012805582467778217302684809437763800639597556774790731197023994850604579312,0xcf4cb91796f38f2ed955a5e9e41c083f1a5638f3c6e0d601dcd801818616f663,Will the highest temperature in New York City be between 88-89°F on August 8?,highest-temperature-in-nyc-on-august-8-2026-88-89f,highest-temperature-in-nyc-on-august-8-2026,Yes,0,0x19e5aeb602ee73010cdbc0af3e22f54f79f0e9d54d40075bfed9bad0a4716cb9,0xbddc2a7690BF600E347d5eb4A9C28f9F24E55d4f-1774968947489,Equal-Sun
1786163752,2026-08-08T04:35:52+00:00,TAKER,BUY,432.875,0.231013572,99.9999999795,32275212977898455912060091915219688702470727341213931870143606386790845008193,0xc21de1e01ba4181703cab7b46a003de2aa357efed94938627f1bc4383df29057,Will the highest temperature in Helsinki be 21°C on August 9?,highest-temperature-in-helsinki-on-august-9-2026-21c,highest-temperature-in-helsinki-on-august-9-2026,Yes,0,0x73218a1a66c338ce3befa9d9d0aff333779f9e7bcbb0fe3c5cf3963c4f096f35,0xbddc2a7690BF600E347d5eb4A9C28f9F24E55d4f-1774968947489,Equal-Sun
1786164663,2026-08-08T04:51:03+00:00,TAKER,BUY,340.749321,0.5869417389,199.9999989967343,8220961574709627999031353923192926187063796761598997329504221501148321792475,0x0dfaf5ab21b5fba88ce1dd7baa0583485bce3cc0ecc10febc347e56e33f5a154,Will the highest temperature in Istanbul be 29°C on August 8?,highest-temperature-in-istanbul-on-august-8-2026-29c,highest-temperature-in-istanbul-on-august-8-2026,Yes,0,0x171a75d63c0e47b49bcf5aac4c1408490d2540c5b9e77d52892857fecf90d59e,0xbddc2a7690BF600E347d5eb4A9C28f9F24E55d4f-1774968947489,Equal-Sun
1786165570,2026-08-08T05:06:10+00:00,TAKER,BUY,387.869258,0.2578188318,99.9999989886928,89406833149445426021054596482542404761337612650658383572155672237154183482711,0x0e509dd882089800b352cef09ea783e8d9073969801e996e01f57e618386d395,Will the highest temperature in Mexico City be 23°C on August 8?,highest-temperature-in-mexico-city-on-august-8-2026-23c,highest-temperature-in-mexico-city-on-august-8-2026,Yes,0,0xa37479622a3eb9bcb42f4d841b69c4daa0b8d1f70877d3670bc5433cd6862282,0xbddc2a7690BF600E347d5eb4A9C28f9F24E55d4f-1774968947489,Equal-Sun
1786165573,2026-08-08T05:06:13+00:00,TAKER,BUY,183.142908,0.5460216838,99.9999990021885,48934949529119832751879057522647660371730345958467518854599668036915027958271,0xb45ab59723b0b0a7cc0171784634a84be0ddb59bbee94ac027af1a5f34fc21e1,Will the highest temperature in Wellington be 14°C on August 9?,highest-temperature-in-wellington-on-august-9-2026-14c,highest-temperature-in-wellington-on-august-9-2026,Yes,0,0x8a47551ceb12a2e274e155b68737c1b50bf854e77058cf65b6a648b4a02e2bc4,0xbddc2a7690BF600E347d5eb4A9C28f9F24E55d4f-1774968947489,Equal-Sun
1786171026,2026-08-08T06:37:06+00:00,TAKER,BUY,227.272726,0.6599999993,149.9999990009091,38087627240749973557762715678690140020089039826103225143831801770348788745712,0xe914e5fb77c8f18808a4738c5489ad50dd4a3c86886ac0882869ad1075c04d5e,Will the highest temperature in Tel Aviv be 33°C on August 9?,highest-temperature-in-tel-aviv-on-august-9-2026-33c,highest-temperature-in-tel-aviv-on-august-9-2026,Yes,0,0xd6635d66a1e1abd48607f3f4ac55a673baff51074ebe6206715db65031367990,0xbddc2a7690BF600E347d5eb4A9C28f9F24E55d4f-1774968947489,Equal-Sun
1786171930,2026-08-08T06:52:10+00:00,TAKER,BUY,185.095453,0.5402617805,99.99999900023406,88918194716586448732659819357108299775746838962252770793133645734674591822859,0xe7e4989fd51a8acc333ab5d09751806e94fadb21bfc1b3cbc46056b6b80c5edf,Will the highest temperature in Miami be between 90-91°F on August 9?,highest-temperature-in-miami-on-august-9-2026-90-91f,highest-temperature-in-miami-on-august-9-2026,Yes,0,0x14316713978f5326506ecefa98c4d41f2750eed187b38083e313008c19d2cb59,0xbddc2a7690BF600E347d5eb4A9C28f9F24E55d4f-1774968947489,Equal-Sun
1786177389,2026-08-08T08:23:09+00:00,TAKER,BUY,263.289472,0.3798100936,99.99999900421457,55358379988410277112234885560947536796934603774350479664808091333674246947344,0xce5bbdcbbe4591259aed441919ff3350a31b6be2a2db382f02b0fe37cc62e657,Will the highest temperature in Chicago be between 82-83°F on August 8?,highest-temperature-in-chicago-on-august-8-2026-82-83f,highest-temperature-in-chicago-on-august-8-2026,Yes,0,0xec05c94e823e05575109955ceefdef87d5a4a4d0a1fd9b9b98bd327adaafc0cc,0xbddc2a7690BF600E347d5eb4A9C28f9F24E55d4f-1774968947489,Equal-Sun
1786180128,2026-08-08T09:08:48+00:00,TAKER,BUY,258.77,0.1881674846,48.692099989941994,98287255675165412131751565238070820768639585954466317417763805938594125782824,0xe970161e3e375973109b9cbe5fd4eb820c4360bb5957726ae9693f986e2d3074,Will the highest temperature in Milan be 34°C on August 8?,highest-temperature-in-milan-on-august-8-2026-34c,highest-temperature-in-milan-on-august-8-2026,Yes,0,0x6a2b2145fb5eedd4fa4dcf2390bbd7d39cd76434b59c925a6dcce4b5be33900e,0xbddc2a7690BF600E347d5eb4A9C28f9F24E55d4f-1774968947489,Equal-Sun
1786181038,2026-08-08T09:23:58+00:00,TAKER,BUY,70,0.2292857143,16.050000001,98287255675165412131751565238070820768639585954466317417763805938594125782824,0xe970161e3e375973109b9cbe5fd4eb820c4360bb5957726ae9693f986e2d3074,Will the highest temperature in Milan be 34°C on August 8?,highest-temperature-in-milan-on-august-8-2026-34c,highest-temperature-in-milan-on-august-8-2026,Yes,0,0xe5d0e43bd13047c212ffdc9e5299f3cc6a964cc33d8491ded677be6a1ba16e2d,0xbddc2a7690BF600E347d5eb4A9C28f9F24E55d4f-1774968947489,Equal-Sun
1786181950,2026-08-08T09:39:10+00:00,TAKER,BUY,127.6,0.2517241379,32.119999996039994,98287255675165412131751565238070820768639585954466317417763805938594125782824,0xe970161e3e375973109b9cbe5fd4eb820c4360bb5957726ae9693f986e2d3074,Will the highest temperature in Milan be 34°C on August 8?,highest-temperature-in-milan-on-august-8-2026-34c,highest-temperature-in-milan-on-august-8-2026,Yes,0,0x28b78969b5308c5dfc4bafbba316cc5125f678b6cc4bfddf02a08c88dc3b426f,0xbddc2a7690BF600E347d5eb4A9C28f9F24E55d4f-1774968947489,Equal-Sun
1786181952,2026-08-08T09:39:12+00:00,TAKER,BUY,385.769229,0.5184446658,199.99999900482868,5672995936904070235764758025902875821155544233510253582033505677162198048898,0xa981316747524eac792ea0f7ae02a5c1bcce8eb82af03e37252b6bbe210944cc,Will the highest temperature in Madrid be 39°C on August 8?,highest-temperature-in-madrid-on-august-8-2026-39c,highest-temperature-in-madrid-on-august-8-2026,Yes,0,0x9a0acda96b491ee0f2b5520391d16ab46792b5bba442702731e0ccfd037e9315,0xbddc2a7690BF600E347d5eb4A9C28f9F24E55d4f-1774968947489,Equal-Sun
1786182870,2026-08-08T09:54:30+00:00,TAKER,BUY,105,0.267047619,28.039999995000002,98287255675165412131751565238070820768639585954466317417763805938594125782824,0xe970161e3e375973109b9cbe5fd4eb820c4360bb5957726ae9693f986e2d3074,Will the highest temperature in Milan be 34°C on August 8?,highest-temperature-in-milan-on-august-8-2026-34c,highest-temperature-in-milan-on-august-8-2026,Yes,0,0xe86366f24c2d4ba212b050332919df726781aea2550f0426cae6c9fa8f16ad74,0xbddc2a7690BF600E347d5eb4A9C28f9F24E55d4f-1774968947489,Equal-Sun
1786184673,2026-08-08T10:24:33+00:00,TAKER,BUY,713.13,0.2798639799,199.579399986087,65768050322823339291676174050482941315532420160487058877815410438607682607276,0xe7a58989066425ada699553ffac9217cb8f6648659506211896727654933bdb4,Will the highest temperature in Wuhan be 34°C on August 9?,highest-temperature-in-wuhan-on-august-9-2026-34c,highest-temperature-in-wuhan-on-august-9-2026,Yes,0,0x21e4523e276ad2992f7c1f0c36bcdbde8c259a698095cfe4a2d0adcd95442b9f,0xbddc2a7690BF600E347d5eb4A9C28f9F24E55d4f-1774968947489,Equal-Sun
1786185589,2026-08-08T10:39:49+00:00,TAKER,BUY,289.85507,0.689999999,199.99999801014494,38087627240749973557762715678690140020089039826103225143831801770348788745712,0xe914e5fb77c8f18808a4738c5489ad50dd4a3c86886ac0882869ad1075c04d5e,Will the highest temperature in Tel Aviv be 33°C on August 9?,highest-temperature-in-tel-aviv-on-august-9-2026-33c,highest-temperature-in-tel-aviv-on-august-9-2026,Yes,0,0xba928f7611dab6f9d2ebc03183ef4687aead92d8de061df4d13f6e1fa44fa720,0xbddc2a7690BF600E347d5eb4A9C28f9F24E55d4f-1774968947489,Equal-Sun
1786185591,2026-08-08T10:39:51+00:00,TAKER,BUY,75,0.2726666667,20.4500000025,98287255675165412131751565238070820768639585954466317417763805938594125782824,0xe970161e3e375973109b9cbe5fd4eb820c4360bb5957726ae9693f986e2d3074,Will the highest temperature in Milan be 34°C on August 8?,highest-temperature-in-milan-on-august-8-2026-34c,highest-temperature-in-milan-on-august-8-2026,Yes,0,0xa3e33b59b4cf166f5ce75654f721114586f260b7818d44aa846d8256d683af85,0xbddc2a7690BF600E347d5eb4A9C28f9F24E55d4f-1774968947489,Equal-Sun
1786185594,2026-08-08T10:39:54+00:00,TAKER,BUY,169.876332,0.2968041422,50.41999899934241,65768050322823339291676174050482941315532420160487058877815410438607682607276,0xe7a58989066425ada699553ffac9217cb8f6648659506211896727654933bdb4,Will the highest temperature in Wuhan be 34°C on August 9?,highest-temperature-in-wuhan-on-august-9-2026-34c,highest-temperature-in-wuhan-on-august-9-2026,Yes,0,0x3eaa34c31873048694ebdb17489440d34ccd351980b05b6478e2f719a656a5be,0xbddc2a7690BF600E347d5eb4A9C28f9F24E55d4f-1774968947489,Equal-Sun
1786191993,2026-08-08T12:26:33+00:00,TAKER,BUY,287.959165,0.3472714577,99.99999898762482,1950246677673031945760334141490138801101592582246858271780562569716947591129,0x544af90d57739a62cea338dbff7aeef791cfbf37d2eadd4a8d115ae193a3a79d,Will the highest temperature in Busan be 30°C on August 10?,highest-temperature-in-busan-on-august-10-2026-30c,highest-temperature-in-busan-on-august-10-2026,Yes,0,0x820c5b7287701a58fab6285727a9fae824d183c3ffc1cd7647bd7d907e640d4b,0xbddc2a7690BF600E347d5eb4A9C28f9F24E55d4f-1774968947489,Equal-Sun
1786192471,2026-08-08T12:34:31+00:00,TAKER,BUY,51.803,0.1930390132,10.000000000799599,55515955708531721717620874665024129836419237312428479330838791124622888938454,0x293c58d724d27e61130aadc8d9ab430970a0fee1dc26485159d63dddd3c87e83,Will the highest temperature in London be 27°C on August 8?,highest-temperature-in-london-on-august-8-2026-27c,highest-temperature-in-london-on-august-8-2026,Yes,0,0xc2c81ec6892642ebc4469690ee8ef70d4b718055cad2f10b0fa3dd8d3c168321,0xbddc2a7690BF600E347d5eb4A9C28f9F24E55d4f-1774968947489,Equal-Sun
1786192483,2026-08-08T12:34:43+00:00,TAKER,BUY,48,0.2083333333,9.9999999984,55515955708531721717620874665024129836419237312428479330838791124622888938454,0x293c58d724d27e61130aadc8d9ab430970a0fee1dc26485159d63dddd3c87e83,Will the highest temperature in London be 27°C on August 8?,highest-temperature-in-london-on-august-8-2026-27c,highest-temperature-in-london-on-august-8-2026,Yes,0,0xa616fd9aaaa0ff60d5c311b86fee9e9491556e9d3934b3f4dc0ee9a2ef0edf0e,0xbddc2a7690BF600E347d5eb4A9C28f9F24E55d4f-1774968947489,Equal-Sun
1786192551,2026-08-08T12:35:51+00:00,TAKER,BUY,127.39,0.3924954863,49.999999999756994,1950246677673031945760334141490138801101592582246858271780562569716947591129,0x544af90d57739a62cea338dbff7aeef791cfbf37d2eadd4a8d115ae193a3a79d,Will the highest temperature in Busan be 30°C on August 10?,highest-temperature-in-busan-on-august-10-2026-30c,highest-temperature-in-busan-on-august-10-2026,Yes,0,0x0aef344fd445cb59f52cb2ba2e0a71809fbf119ec1060634630197c66bb118c3,0xbddc2a7690BF600E347d5eb4A9C28f9F24E55d4f-1774968947489,Equal-Sun
1786195579,2026-08-08T13:26:19+00:00,TAKER,BUY,250.4005,0.3993602249,99.99999999507244,1950246677673031945760334141490138801101592582246858271780562569716947591129,0x544af90d57739a62cea338dbff7aeef791cfbf37d2eadd4a8d115ae193a3a79d,Will the highest temperature in Busan be 30°C on August 10?,highest-temperature-in-busan-on-august-10-2026-30c,highest-temperature-in-busan-on-august-10-2026,Yes,0,0xde3974f34869cb9fbbbee2a5057520ddf6f3f3a38d4918530751af9a38433001,0xbddc2a7690BF600E347d5eb4A9C28f9F24E55d4f-1774968947489,Equal-Sun
1786197390,2026-08-08T13:56:30+00:00,TAKER,BUY,495.387095,0.3027935134,149.99999898806956,86767228570430665285544373920636585295934933978569288033051163198542164436408,0x026b143585dc6358e774839c78fcff7779764c8e64dcb6bd3fd70f9900856837,Will the highest temperature in Houston be between 94-95°F on August 8?,highest-temperature-in-houston-on-august-8-2026-94-95f,highest-temperature-in-houston-on-august-8-2026,Yes,0,0x122fd37606e1ae885f4b960be833ff9221a5fa470a1dd1c260d008218c681e63,0xbddc2a7690BF600E347d5eb4A9C28f9F24E55d4f-1774968947489,Equal-Sun
1786198018,2026-08-08T14:06:58+00:00,TAKER,SELL,432.87,0.2114981403,91.551199991661,32275212977898455912060091915219688702470727341213931870143606386790845008193,0xc21de1e01ba4181703cab7b46a003de2aa357efed94938627f1bc4383df29057,Will the highest temperature in Helsinki be 21°C on August 9?,highest-temperature-in-helsinki-on-august-9-2026-21c,highest-temperature-in-helsinki-on-august-9-2026,Yes,0,0x305103e4c84c66f564cfd4d6d2dea88111a9e81ae2a87b9441d9ea397519fe40,0xbddc2a7690BF600E347d5eb4A9C28f9F24E55d4f-1774968947489,Equal-Sun
1786198029,2026-08-08T14:07:09+00:00,TAKER,SELL,263.28,0.2918482224,76.837799993472,55358379988410277112234885560947536796934603774350479664808091333674246947344,0xce5bbdcbbe4591259aed441919ff3350a31b6be2a2db382f02b0fe37cc62e657,Will the highest temperature in Chicago be between 82-83°F on August 8?,highest-temperature-in-chicago-on-august-8-2026-82-83f,highest-temperature-in-chicago-on-august-8-2026,Yes,0,0xbd7d70ffa0013d14973b1b187457070f1027beb52f2c25bcb8a40666e8a65e6a,0xbddc2a7690BF600E347d5eb4A9C28f9F24E55d4f-1774968947489,Equal-Sun
1786199137,2026-08-08T14:25:37+00:00,TAKER,BUY,36.66,0.96,35.193599999999996,98287255675165412131751565238070820768639585954466317417763805938594125782824,0xe970161e3e375973109b9cbe5fd4eb820c4360bb5957726ae9693f986e2d3074,Will the highest temperature in Milan be 34°C on August 8?,highest-temperature-in-milan-on-august-8-2026-34c,highest-temperature-in-milan-on-august-8-2026,Yes,0,0xff4c09809c4d7511e015cfd2c0fa27feaacb6ff6a1f5b6fc89213b8ff9ed3035,0xbddc2a7690BF600E347d5eb4A9C28f9F24E55d4f-1774968947489,Equal-Sun
1786202887,2026-08-08T15:28:07+00:00,TAKER,BUY,222.222221,0.1799999965,39.999999002222225,18548453502169107791109892155017680692662396889031122760313558241680350461819,0x18f1044f02c14a32d47e3d4be78f77fbd34104ac2ea72c7e68efe424aa75b57d,Will the highest temperature in Austin be between 96-97°F on August 8?,highest-temperature-in-austin-on-august-8-2026-96-97f,highest-temperature-in-austin-on-august-8-2026,Yes,0,0x8cd451d46d1147d650d5c4029b352242b27770cec8a707194246c49e9b957b71,0xbddc2a7690BF600E347d5eb4A9C28f9F24E55d4f-1774968947489,Equal-Sun
1786204642,2026-08-08T15:57:22+00:00,TAKER,BUY,422.121631,0.4737970867,199.9999990008524,90010857177903109128620167495796073326983915542220316950602742243433739971368,0xd6fd7bcd7a5d1cd4730cd66c9de26458b5179c254697c6cd8f7950a8d539bafa,Will the highest temperature in Moscow be 22°C on August 9?,highest-temperature-in-moscow-on-august-9-2026-22c,highest-temperature-in-moscow-on-august-9-2026,Yes,0,0xcb28e14263928253dd12d3f280dd46a1bcf243057cd7befb3580a9a249fd5cda,0xbddc2a7690BF600E347d5eb4A9C28f9F24E55d4f-1774968947489,Equal-Sun
1786208230,2026-08-08T16:57:10+00:00,TAKER,BUY,137.357057,0.2184088656,29.99999900152454,32012805582467778217302684809437763800639597556774790731197023994850604579312,0xcf4cb91796f38f2ed955a5e9e41c083f1a5638f3c6e0d601dcd801818616f663,Will the highest temperature in New York City be between 88-89°F on August 8?,highest-temperature-in-nyc-on-august-8-2026-88-89f,highest-temperature-in-nyc-on-august-8-2026,Yes,0,0x8d0c6923485a9a7885b786f85ff3693d0b3bcac68faabd98bd80aa1f05263eb2,0xbddc2a7690BF600E347d5eb4A9C28f9F24E55d4f-1774968947489,Equal-Sun
1786213702,2026-08-08T18:28:22+00:00,TAKER,BUY,225.99311,0.4424913618,99.99999900131719,104729008554747138041173553119206374865659800157482702216173793776933723087999,0x23fab26908888a68c40ab4a6fcc4afbc691d9d8e14d78c4e6300bab28c890b0b,Will the highest temperature in Munich be 34°C on August 9?,highest-temperature-in-munich-on-august-9-2026-34c,highest-temperature-in-munich-on-august-9-2026,Yes,0,0xf345f00c87503761f649d06f025421b61f999dd75818eefda56c26b7823f3569,0xbddc2a7690BF600E347d5eb4A9C28f9F24E55d4f-1774968947489,Equal-Sun
1786217344,2026-08-08T19:29:04+00:00,TAKER,BUY,568.226665,0.3519722169,199.99999898174366,23734760402957146132485065610360697725511810860508141947257292457977395631884,0xa831dd99778fc1750b98f0c49a4da4af799495cc7e9c47c4dd5f7408970b3b70,Will the highest temperature in Shanghai be 28°C on August 9?,highest-temperature-in-shanghai-on-august-9-2026-28c,highest-temperature-in-shanghai-on-august-9-2026,Yes,0,0xda0e90d5ed72ec7519303bea0841aa4b2a34e2ff601bc63a09040658b7bcd4b4,0xbddc2a7690BF600E347d5eb4A9C28f9F24E55d4f-1774968947489,Equal-Sun
1786219162,2026-08-08T19:59:22+00:00,TAKER,BUY,196.07843,0.5099999985,99.99999900588236,90010857177903109128620167495796073326983915542220316950602742243433739971368,0xd6fd7bcd7a5d1cd4730cd66c9de26458b5179c254697c6cd8f7950a8d539bafa,Will the highest temperature in Moscow be 22°C on August 9?,highest-temperature-in-moscow-on-august-9-2026-22c,highest-temperature-in-moscow-on-august-9-2026,Yes,0,0x4ed7183f02797508bc3c8a8c6c26d3c9569db19223c17c213539085138b5cf74,0xbddc2a7690BF600E347d5eb4A9C28f9F24E55d4f-1774968947489,Equal-Sun
1786230001,2026-08-08T23:00:01+00:00,TAKER,BUY,214,0.4042523364,86.5099999896,77690152938413034289099131891903710079650665335251131034344435867360611818171,0x527cbde19c83988a78c1edd467da6b002515e4850be78b0f41a6b2e9388b5a35,Will the highest temperature in Lucknow be 34°C on August 9?,highest-temperature-in-lucknow-on-august-9-2026-34c,highest-temperature-in-lucknow-on-august-9-2026,Yes,0,0xd34722678126bd0fe87105617ef0cc18003c8d157dad620589b632575a61acf3,0xbddc2a7690BF600E347d5eb4A9C28f9F24E55d4f-1774968947489,Equal-Sun
1786230901,2026-08-08T23:15:01+00:00,TAKER,BUY,155.267316,0.4089076867,63.489999005677895,77690152938413034289099131891903710079650665335251131034344435867360611818171,0x527cbde19c83988a78c1edd467da6b002515e4850be78b0f41a6b2e9388b5a35,Will the highest temperature in Lucknow be 34°C on August 9?,highest-temperature-in-lucknow-on-august-9-2026-34c,highest-temperature-in-lucknow-on-august-9-2026,Yes,0,0x6b4a513aba98ecec7bf8cd4b1ee38fae652e341a6c79e0b5f0d2d01bdac9f76a,0xbddc2a7690BF600E347d5eb4A9C28f9F24E55d4f-1774968947489,Equal-Sun
1786231810,2026-08-08T23:30:10+00:00,TAKER,BUY,163.064515,0.6132542019,99.99999900453558,77128236179536909584532615238780011096639829865045073088448092450621733398242,0x017afafb6fbc6307e6cc591f7189af0b4977620bb66ebd485e7f572e63a295a1,Will the highest temperature in Madrid be 37°C on August 10?,highest-temperature-in-madrid-on-august-10-2026-37c,highest-temperature-in-madrid-on-august-10-2026,Yes,0,0x0975fb57b94161295253fc4aec41047cf814756a17a4019bb41d2eb525e9a7b0,0xbddc2a7690BF600E347d5eb4A9C28f9F24E55d4f-1774968947489,Equal-Sun
1786233580,2026-08-08T23:59:40+00:00,TAKER,BUY,222.222221,0.449999998,99.99999900555555,65768050322823339291676174050482941315532420160487058877815410438607682607276,0xe7a58989066425ada699553ffac9217cb8f6648659506211896727654933bdb4,Will the highest temperature in Wuhan be 34°C on August 9?,highest-temperature-in-wuhan-on-august-9-2026-34c,highest-temperature-in-wuhan-on-august-9-2026,Yes,0,0x1ce1e53e401bd4507ad9ca5934f1e9f283b825fd9d8085cdac6a2c471506b6d3,0xbddc2a7690BF600E347d5eb4A9C28f9F24E55d4f-1774968947489,Equal-Sun
1786233751,2026-08-09T00:02:31+00:00,TAKER,BUY,128.205127,0.3899999959,49.99999900435898,1950246677673031945760334141490138801101592582246858271780562569716947591129,0x544af90d57739a62cea338dbff7aeef791cfbf37d2eadd4a8d115ae193a3a79d,Will the highest temperature in Busan be 30°C on August 10?,highest-temperature-in-busan-on-august-10-2026-30c,highest-temperature-in-busan-on-august-10-2026,Yes,0,0xf0248aa3a0a2196bc03e782a648f14acaff7449a402b8b15096c827173ba60fc,0xbddc2a7690BF600E347d5eb4A9C28f9F24E55d4f-1774968947489,Equal-Sun
1786238142,2026-08-09T01:15:42+00:00,TAKER,BUY,298.691713,0.3347933493,99.99999900342435,11217373073909236251194833302722821726986824118538224157114833739941214896026,0xcc4b517f251c05a3f9fba3b3bfc7e91d7a0e01567b213bd3e0a22a6c19c29572,Will the highest temperature in Wellington be 15°C on August 10?,highest-temperature-in-wellington-on-august-10-2026-15c,highest-temperature-in-wellington-on-august-10-2026,Yes,0,0x72cbdcdc73d0fc4dd25276adcf929a6eba14217367c069b1f933a92d4a26dcec,0xbddc2a7690BF600E347d5eb4A9C28f9F24E55d4f-1774968947489,Equal-Sun
1786239943,2026-08-09T01:45:43+00:00,TAKER,BUY,625.734686,0.3196242808,199.99999898436383,68534958782394417345287258763413864092416165254835546548771996715707242686557,0xb1273c1420b797e870597b352c52f3d60714662bf3d457db3254ed5f6f98d954,Will the highest temperature in Amsterdam be 30°C on August 9?,highest-temperature-in-amsterdam-on-august-9-2026-30c,highest-temperature-in-amsterdam-on-august-9-2026,Yes,0,0x757a83f1fc464ad528f81533f4c1301dc568df3a3f33ff79ca850bfd4c3fe15c,0xbddc2a7690BF600E347d5eb4A9C28f9F24E55d4f-1774968947489,Equal-Sun
1786240845,2026-08-09T02:00:45+00:00,TAKER,BUY,272.04,0.4938475959,134.34629998863602,107199033962923391961200680156411281200636804601778526715832252996198650852013,0x89895cc6a4bcbdd1fcf980d8d3143bc143699f27b5eb824b5850e902fcfb888c,Will the highest temperature in Milan be 34°C on August 9?,highest-temperature-in-milan-on-august-9-2026-34c,highest-temperature-in-milan-on-august-9-2026,Yes,0,0xf15accc35457b95507edbc2717c1f30619b7cd0c647c71168ef592e91b31ce2d,0xbddc2a7690BF600E347d5eb4A9C28f9F24E55d4f-1774968947489,Equal-Sun
1786243570,2026-08-09T02:46:10+00:00,TAKER,BUY,28.58625,0.547466002,15.649999999672499,107199033962923391961200680156411281200636804601778526715832252996198650852013,0x89895cc6a4bcbdd1fcf980d8d3143bc143699f27b5eb824b5850e902fcfb888c,Will the highest temperature in Milan be 34°C on August 9?,highest-temperature-in-milan-on-august-9-2026-34c,highest-temperature-in-milan-on-august-9-2026,Yes,0,0xb62c97cc5669516ce55021d165b946d44808780d1c7cc8125015c47bc0c6138c,0xbddc2a7690BF600E347d5eb4A9C28f9F24E55d4f-1774968947489,Equal-Sun
1786249932,2026-08-09T04:32:12+00:00,TAKER,BUY,365.526784,0.2735777606,99.99999900603991,63148264387165493231562330974175089410280306209732032214717703690434534151066,0x1817b1be85a6420d8e00708ce5aec5d3c4d3f275d53f71b6f47cfc0d7316861e,Will the highest temperature in Helsinki be 22°C on August 10?,highest-temperature-in-helsinki-on-august-10-2026-22c,highest-temperature-in-helsinki-on-august-10-2026,Yes,0,0xaadc1ef5817254c850869edde6581e107376662e6d034fd6239151d2e378f3f8,0xbddc2a7690BF600E347d5eb4A9C28f9F24E55d4f-1774968947489,Equal-Sun
1786249936,2026-08-09T04:32:16+00:00,TAKER,BUY,285.714284,0.3499999986,99.999999,85557151011752122304257040741250663331955273336485853898318829045280779853922,0xe96620735157f3acd088bb549c3ab3692f3ac598e81f506d94d2fc3fec98cb6e,Will the highest temperature in Jeddah be 39°C on August 9?,highest-temperature-in-jeddah-on-august-9-2026-39c,highest-temperature-in-jeddah-on-august-9-2026,Yes,0,0x61637e2b136e32716c9d8afd62c2c163f3974675cf844970ce2c3eba48eb2a67,0xbddc2a7690BF600E347d5eb4A9C28f9F24E55d4f-1774968947489,Equal-Sun
1786251742,2026-08-09T05:02:22+00:00,TAKER,BUY,343,0.2915451895,99.9999999985,61070495299793821638266362980472690473028601145924450689886245178737452295658,0x59675733e2194fe450d58a46350cbd233ae3fe9dfbe272a514d1df0affd0858c,Will the highest temperature in Mexico City be 23°C on August 9?,highest-temperature-in-mexico-city-on-august-9-2026-23c,highest-temperature-in-mexico-city-on-august-9-2026,Yes,0,0x22d603f92fd73b638d7b6cc5cc2b2a4153ea6da88de5090d1cbdca508004c3a5,0xbddc2a7690BF600E347d5eb4A9C28f9F24E55d4f-1774968947489,Equal-Sun
1786258150,2026-08-09T06:49:10+00:00,TAKER,BUY,318.46875,0.3140025513,100.00000000932187,28874381410251704112741105085247223850615613078649249812897546560091794255319,0x9392c7c81a25b3d831a8c1d3dc0bdd8039ea6701ba73d3c6a0075ce58bb7e33a,Will the highest temperature in Miami be between 90-91°F on August 10?,highest-temperature-in-miami-on-august-10-2026-90-91f,highest-temperature-in-miami-on-august-10-2026,Yes,0,0xc71588f205cd4ac9544997cbd0044b2fe8f89dc22e40aecfe0d67b77318d2216,0xbddc2a7690BF600E347d5eb4A9C28f9F24E55d4f-1774968947489,Equal-Sun
1786258155,2026-08-09T06:49:15+00:00,TAKER,BUY,167.083332,0.5985037394,99.9999989934117,88918194716586448732659819357108299775746838962252770793133645734674591822859,0xe7e4989fd51a8acc333ab5d09751806e94fadb21bfc1b3cbc46056b6b80c5edf,Will the highest temperature in Miami be between 90-91°F on August 9?,highest-temperature-in-miami-on-august-9-2026-90-91f,highest-temperature-in-miami-on-august-9-2026,Yes,0,0x63c46dfbba0a67b5bcd0a5ad552c9691b028c8920227c93b6ea03d858ce0e3d6,0xbddc2a7690BF600E347d5eb4A9C28f9F24E55d4f-1774968947489,Equal-Sun
1786261116,2026-08-09T07:38:36+00:00,TAKER,BUY,22.73,0.43,9.7739,65768050322823339291676174050482941315532420160487058877815410438607682607276,0xe7a58989066425ada699553ffac9217cb8f6648659506211896727654933bdb4,Will the highest temperature in Wuhan be 34°C on August 9?,highest-temperature-in-wuhan-on-august-9-2026-34c,highest-temperature-in-wuhan-on-august-9-2026,Yes,0,0x3ff5dfc6e43419cf502aef1844afa433eb430fc8c08971c4ce0da3b62e473fb9,0xbddc2a7690BF600E347d5eb4A9C28f9F24E55d4f-1774968947489,Equal-Sun
1786262721,2026-08-09T08:05:21+00:00,TAKER,BUY,273.816264,0.7304167951,199.9999979971355,107199033962923391961200680156411281200636804601778526715832252996198650852013,0x89895cc6a4bcbdd1fcf980d8d3143bc143699f27b5eb824b5850e902fcfb888c,Will the highest temperature in Milan be 34°C on August 9?,highest-temperature-in-milan-on-august-9-2026-34c,highest-temperature-in-milan-on-august-9-2026,Yes,0,0x96959b1d448a3e64f14ce18fbdfe42acc949c544ae2dd35823fa75052323c62d,0xbddc2a7690BF600E347d5eb4A9C28f9F24E55d4f-1774968947489,Equal-Sun
1786265469,2026-08-09T08:51:09+00:00,TAKER,BUY,189.018865,0.5290477117,99.99999799638123,11035865311854299890912463872282034854693274102129244768159117510135727770234,0x477fb8fc56ad8aab235747b06c921fb180de175e175c7d1a0df653c0e056f097,Will the highest temperature in Dallas be between 98-99°F on August 9?,highest-temperature-in-dallas-on-august-9-2026-98-99f,highest-temperature-in-dallas-on-august-9-2026,Yes,0,0x40c4b590479405294649fd6569180e7c7072774e305481ee5c32bdc1fc741119,0xbddc2a7690BF600E347d5eb4A9C28f9F24E55d4f-1774968947489,Equal-Sun
1786270932,2026-08-09T10:22:12+00:00,TAKER,BUY,845.442765,0.2957030438,249.9999989691881,65574968119339495342732930478659159715611858548092089234824802854030186032814,0x60d63f2aea1537f3958d3c8c8d2c6516af0a50c62b100e1689a2c8fa340a5169,Will the highest temperature in Wuhan be 29°C on August 10?,highest-temperature-in-wuhan-on-august-10-2026-29c,highest-temperature-in-wuhan-on-august-10-2026,Yes,0,0xd617d8b2fa5d0bb4ccf9319683de47efd4c3fc296bd18d38413f2886db22646e,0xbddc2a7690BF600E347d5eb4A9C28f9F24E55d4f-1774968947489,Equal-Sun
1786271835,2026-08-09T10:37:15+00:00,TAKER,BUY,350.651723,0.5703665087,199.99999901714952,63720956798811891525944378597611937608973236355411516619247518095728958570568,0x83e0d80b525d7d04dce07382cc53a70d30c81418131dbd1cf6c77da705583794,Will the highest temperature in Tel Aviv be 34°C on August 10?,highest-temperature-in-tel-aviv-on-august-10-2026-34c,highest-temperature-in-tel-aviv-on-august-10-2026,Yes,0,0xb901b7a9adbbd7f2ae7c9ca95aee8147465bf2615e033674dd6ae9b311bb3554,0xbddc2a7690BF600E347d5eb4A9C28f9F24E55d4f-1774968947489,Equal-Sun
1786278160,2026-08-09T12:22:40+00:00,TAKER,BUY,415.3,0.1993628702,82.79539999405999,93242167062170049332627243186811538587236736620144059667822889122976967666443,0x86d5880cc8f1f138a6814baabd6681ede896801ceb6117d02d7caf24b0c6afbe,Will the highest temperature in Busan be 29°C on August 11?,highest-temperature-in-busan-on-august-11-2026-29c,highest-temperature-in-busan-on-august-11-2026,Yes,0,0xa3822bb47f7b2814fad4df7a88ae1e43a82d98ca3b5ab467b79e8abaea315cc5,0xbddc2a7690BF600E347d5eb4A9C28f9F24E55d4f-1774968947489,Equal-Sun
1786283689,2026-08-09T13:54:49+00:00,TAKER,BUY,66.923075,0.2570114867,17.199999000285604,93242167062170049332627243186811538587236736620144059667822889122976967666443,0x86d5880cc8f1f138a6814baabd6681ede896801ceb6117d02d7caf24b0c6afbe,Will the highest temperature in Busan be 29°C on August 11?,highest-temperature-in-busan-on-august-11-2026-29c,highest-temperature-in-busan-on-august-11-2026,Yes,0,0xc6920d600ced20e8b2ecbfeaff8f93e223e93ff0fefb0ca16cbbc8055afa0ffa,0xbddc2a7690BF600E347d5eb4A9C28f9F24E55d4f-1774968947489,Equal-Sun
1786290927,2026-08-09T15:55:27+00:00,TAKER,BUY,356.719297,0.5606649281,199.99999900438755,111292672492068297570349101891112602976956972772154020830461971579590007385930,0x4da9eb69b669dd268320f781fde670b39f92c57033b8a49360c6610586c03458,Will the highest temperature in Moscow be 24°C on August 10?,highest-temperature-in-moscow-on-august-10-2026-24c,highest-temperature-in-moscow-on-august-10-2026,Yes,0,0x320e3e185f87eddcc24c69e514e5e8cb17408b255378d6b0b62ca31a4cc3023c,0xbddc2a7690BF600E347d5eb4A9C28f9F24E55d4f-1774968947489,Equal-Sun
1786299949,2026-08-09T18:25:49+00:00,TAKER,BUY,235.045453,0.4254496214,99.99999899064149,93077552060036034749546554789067814072325411736497138050821413958740822967744,0xc1b686d429b509e370b93c9b3c97a6d67a5127bcc743daaf15feef2de4cc6ae9,Will the highest temperature in Munich be 34°C on August 10?,highest-temperature-in-munich-on-august-10-2026-34c,highest-temperature-in-munich-on-august-10-2026,Yes,0,0xf56ea57b7c9bb39315251ce9d4f64367124e883e099ae98f062ed721590b09d9,0xbddc2a7690BF600E347d5eb4A9C28f9F24E55d4f-1774968947489,Equal-Sun
1786305366,2026-08-09T19:56:06+00:00,TAKER,BUY,159.206348,0.6281156515,99.99999899695572,111292672492068297570349101891112602976956972772154020830461971579590007385930,0x4da9eb69b669dd268320f781fde670b39f92c57033b8a49360c6610586c03458,Will the highest temperature in Moscow be 24°C on August 10?,highest-temperature-in-moscow-on-august-10-2026-24c,highest-temperature-in-moscow-on-august-10-2026,Yes,0,0x65a332287e178b4b08d42fc3e29a8c60943817b91215ed9c39e0354e332866ee,0xbddc2a7690BF600E347d5eb4A9C28f9F24E55d4f-1774968947489,Equal-Sun
1786315329,2026-08-09T22:42:09+00:00,TAKER,BUY,382.814088,0.6530585102,249.99999799285175,63720956798811891525944378597611937608973236355411516619247518095728958570568,0x83e0d80b525d7d04dce07382cc53a70d30c81418131dbd1cf6c77da705583794,Will the highest temperature in Tel Aviv be 34°C on August 10?,highest-temperature-in-tel-aviv-on-august-10-2026-34c,highest-temperature-in-tel-aviv-on-august-10-2026,Yes,0,0xf8dd8a18869165a4bb537e275f8d2e4157e8c89ed113d5a3b6dd4a73b18feb57,0xbddc2a7690BF600E347d5eb4A9C28f9F24E55d4f-1774968947489,Equal-Sun
1786316250,2026-08-09T22:57:30+00:00,TAKER,BUY,405.675674,0.3697534967,149.99999898762928,112443217806843452586870405892163080803301418453574336166770639187287214629827,0xa9d6d039e989f92010243635007c299359fed41ec131862e308ddee16cbeec8d,Will the highest temperature in Lucknow be 34°C on August 10?,highest-temperature-in-lucknow-on-august-10-2026-34c,highest-temperature-in-lucknow-on-august-10-2026,Yes,0,0x662107cf2942dbd286c61aa3bcace876a9d8a7abc7ac52f3a1e5bb5e6cc13ab5,0xbddc2a7690BF600E347d5eb4A9C28f9F24E55d4f-1774968947489,Equal-Sun
1786317636,2026-08-09T23:20:36+00:00,TAKER,SELL,405.67,0.3478955802,141.130800019734,112443217806843452586870405892163080803301418453574336166770639187287214629827,0xa9d6d039e989f92010243635007c299359fed41ec131862e308ddee16cbeec8d,Will the highest temperature in Lucknow be 34°C on August 10?,highest-temperature-in-lucknow-on-august-10-2026-34c,highest-temperature-in-lucknow-on-august-10-2026,Yes,0,0xd81dbfc00b3bdb4672008724581d19ad02fbc5628a4045000f6658d41f33a0f8,0xbddc2a7690BF600E347d5eb4A9C28f9F24E55d4f-1774968947489,Equal-Sun
1786318965,2026-08-09T23:42:45+00:00,TAKER,BUY,153.846151,0.649999999,99.99999799615385,77128236179536909584532615238780011096639829865045073088448092450621733398242,0x017afafb6fbc6307e6cc591f7189af0b4977620bb66ebd485e7f572e63a295a1,Will the highest temperature in Madrid be 37°C on August 10?,highest-temperature-in-madrid-on-august-10-2026-37c,highest-temperature-in-madrid-on-august-10-2026,Yes,0,0x5334f7f5633f1f2928ab3b382eb6694e6e11027cd6ec58c4936df04d076cefcf,0xbddc2a7690BF600E347d5eb4A9C28f9F24E55d4f-1774968947489,Equal-Sun
1786320765,2026-08-10T00:12:45+00:00,TAKER,BUY,343.438635,0.4367592452,149.9999989951183,10919581504399683571264421557847268631182891855737939135683948929432669549050,0xee06931afe8b8886c57b0ff9feec54eb36bdb9ca421ab90462e2a10d1e114513,Will the highest temperature in Ankara be 31°C on August 11?,highest-temperature-in-ankara-on-august-11-2026-31c,highest-temperature-in-ankara-on-august-11-2026,Yes,0,0xe98a1e8606856cca1b7769a3318ddd7b424c473605da7738f972a8c7333ae575,0xbddc2a7690BF600E347d5eb4A9C28f9F24E55d4f-1774968947489,Equal-Sun
1786322569,2026-08-10T00:42:49+00:00,TAKER,BUY,305.196967,0.6553145006,199.99999801423965,2438038758932324720735729169973876070604269177299741059155213095151280496597,0xa7245f903c604b2a0ddbd9a454600395d06e0e2d4f28f8fe227fffdbb923a1c1,Will the highest temperature in Dallas be between 98-99°F on August 10?,highest-temperature-in-dallas-on-august-10-2026-98-99f,highest-temperature-in-dallas-on-august-10-2026,Yes,0,0x65197bbe87f83555c45eef669a2894357b152854b85344a447cd2ccb5fe3d520,0xbddc2a7690BF600E347d5eb4A9C28f9F24E55d4f-1774968947489,Equal-Sun
1786324380,2026-08-10T01:13:00+00:00,TAKER,BUY,156.25,0.64,100.0,63605236158157306933920499775754467561130356285703567560203367132578501134451,0x9d284cbe78eecad29dbb9e9e17c3e2321324f53f0d56ead988f848fdeddb92c3,Will the highest temperature in Wellington be 12°C on August 11?,highest-temperature-in-wellington-on-august-11-2026-12c,highest-temperature-in-wellington-on-august-11-2026,Yes,0,0x24f9b476c66648c87bc5800242f8a5ad61f3a0ef5423e465ddca66c52901d880,0xbddc2a7690BF600E347d5eb4A9C28f9F24E55d4f-1774968947489,Equal-Sun
1786326192,2026-08-10T01:43:12+00:00,TAKER,BUY,333.776,0.5992042567,199.9999999842992,7597231865420639368743758907976635555788957858484829483174819449435543917841,0xde4ac90da011b5f730819e4b63c810b038f1a6efd2c60636ac8f6c18956e7353,Will the highest temperature in Amsterdam be 23°C on August 10?,highest-temperature-in-amsterdam-on-august-10-2026-23c,highest-temperature-in-amsterdam-on-august-10-2026,Yes,0,0x27d1c96667ad2d38da2ec5856d99a787ed2823cd26f176eec59367c60410d653,0xbddc2a7690BF600E347d5eb4A9C28f9F24E55d4f-1774968947489,Equal-Sun
1786330765,2026-08-10T02:59:25+00:00,TAKER,BUY,354.605631,0.7050085395,249.99999800978594,63720956798811891525944378597611937608973236355411516619247518095728958570568,0x83e0d80b525d7d04dce07382cc53a70d30c81418131dbd1cf6c77da705583794,Will the highest temperature in Tel Aviv be 34°C on August 10?,highest-temperature-in-tel-aviv-on-august-10-2026-34c,highest-temperature-in-tel-aviv-on-august-10-2026,Yes,0,0xf498c2aebe38d7ae6c014dc424ede55e783c3616aed3144e48d40bb9b4361860,0xbddc2a7690BF600E347d5eb4A9C28f9F24E55d4f-1774968947489,Equal-Sun
1786336314,2026-08-10T04:31:54+00:00,TAKER,BUY,507.757332,0.2954167071,149.99999902532147,20522044643086311372319069139493877915532470476370732571734387068304403353482,0xf09ccb6576ac3bfd282184f1bc4ff66f3d2f43f283bdb780a1b7739206a1997c,Will the highest temperature in Helsinki be 18°C on August 11?,highest-temperature-in-helsinki-on-august-11-2026-18c,highest-temperature-in-helsinki-on-august-11-2026,Yes,0,0x6203117dec389d33a21e7b6a1cac171259df740957abb5deebe3413c28236f79,0xbddc2a7690BF600E347d5eb4A9C28f9F24E55d4f-1774968947489,Equal-Sun
1786336317,2026-08-10T04:31:57+00:00,TAKER,BUY,279.417776,0.3578870336,99.99999898774928,36468630792555685368424433527511007590071516213105199744788703730209661811823,0x3c5471f5b13d572dc90133f95e9fae72ea0268f56822871177d1d8d52638d4ca,Will the highest temperature in Jeddah be 40°C on August 10?,highest-temperature-in-jeddah-on-august-10-2026-40c,highest-temperature-in-jeddah-on-august-10-2026,Yes,0,0xf06e4368fa98037e230739b21e828dd5229296060d5a4598becc1bd17c1f23d0,0xbddc2a7690BF600E347d5eb4A9C28f9F24E55d4f-1774968947489,Equal-Sun
1786338133,2026-08-10T05:02:13+00:00,TAKER,BUY,496.12,0.2466064662,122.34640001114401,55405535588064831054921143941417101141519370260477252738454309870519491485324,0x5b5f356bc80ab02cad34798d6bfd9b37084d8d13fa18f86d3bafad149a417efe,Will the highest temperature in Mexico City be 25°C on August 10?,highest-temperature-in-mexico-city-on-august-10-2026-25c,highest-temperature-in-mexico-city-on-august-10-2026,Yes,0,0x179e1ec3df3a5aed93fe8efb67cebf4a8d8e340a2203a597336f4228479863b6,0xbddc2a7690BF600E347d5eb4A9C28f9F24E55d4f-1774968947489,Equal-Sun
1786338138,2026-08-10T05:02:18+00:00,TAKER,BUY,166.467212,0.6007188911,99.99999899714861,63605236158157306933920499775754467561130356285703567560203367132578501134451,0x9d284cbe78eecad29dbb9e9e17c3e2321324f53f0d56ead988f848fdeddb92c3,Will the highest temperature in Wellington be 12°C on August 11?,highest-temperature-in-wellington-on-august-11-2026-12c,highest-temperature-in-wellington-on-august-11-2026,Yes,0,0x5d31609ac3e3874cc9a43307154a31594e1e1df538c62822591a900bb136e7bd,0xbddc2a7690BF600E347d5eb4A9C28f9F24E55d4f-1774968947489,Equal-Sun
1786339047,2026-08-10T05:17:27+00:00,TAKER,BUY,241.14,0.3220121091,77.64999998837399,55405535588064831054921143941417101141519370260477252738454309870519491485324,0x5b5f356bc80ab02cad34798d6bfd9b37084d8d13fa18f86d3bafad149a417efe,Will the highest temperature in Mexico City be 25°C on August 10?,highest-temperature-in-mexico-city-on-august-10-2026-25c,highest-temperature-in-mexico-city-on-august-10-2026,Yes,0,0xec23ebd87d6cafda53abd0906e1092b3eff3dc5fc132dd48f42baf08f28cf9e6,0xbddc2a7690BF600E347d5eb4A9C28f9F24E55d4f-1774968947489,Equal-Sun
1786344508,2026-08-10T06:48:28+00:00,TAKER,BUY,149.3194,0.6697053296,99.99999799267424,9542435361492804202470247538311661081475609638624120960767362686904436736810,0x30bd3cfb4d60a5dbb9dfc4c90d35907cf38ca224eb18744898df98aa15d3af76,Will the highest temperature in Miami be between 92-93°F on August 11?,highest-temperature-in-miami-on-august-11-2026-92-93f,highest-temperature-in-miami-on-august-11-2026,Yes,0,0x006c29da2e9fd33e80e76038f4f204d0741fcf09d458efbe4d0e7eb19478b694,0xbddc2a7690BF600E347d5eb4A9C28f9F24E55d4f-1774968947489,Equal-Sun
1786349097,2026-08-10T08:04:57+00:00,TAKER,BUY,282.2,0.368681786,104.0420000092,109431341253846178605432297936183382035249996348976673413679236367539848282435,0xa6522e5b28df7d72c96f438557718438eda4708fc1781d359b98e39c94729320,Will the highest temperature in Milan be 34°C on August 10?,highest-temperature-in-milan-on-august-10-2026-34c,highest-temperature-in-milan-on-august-10-2026,Yes,0,0x39a66a3c25df6791e3b9e42a815ae789a74270b38c5db62edd2c6244141b8007,0xbddc2a7690BF600E347d5eb4A9C28f9F24E55d4f-1774968947489,Equal-Sun
1786351861,2026-08-10T08:51:01+00:00,TAKER,BUY,152.590908,0.6553470342,99.99999900368506,2438038758932324720735729169973876070604269177299741059155213095151280496597,0xa7245f903c604b2a0ddbd9a454600395d06e0e2d4f28f8fe227fffdbb923a1c1,Will the highest temperature in Dallas be between 98-99°F on August 10?,highest-temperature-in-dallas-on-august-10-2026-98-99f,highest-temperature-in-dallas-on-august-10-2026,Yes,0,0x74978e551170a20034d9bb03f0b07e4ac2974acaf5ea0f2dbea4d69ae682fbbb,0xbddc2a7690BF600E347d5eb4A9C28f9F24E55d4f-1774968947489,Equal-Sun
1786351882,2026-08-10T08:51:22+00:00,TAKER,SELL,368.63,0.187528416,69.12859999008,55405535588064831054921143941417101141519370260477252738454309870519491485324,0x5b5f356bc80ab02cad34798d6bfd9b37084d8d13fa18f86d3bafad149a417efe,Will the highest temperature in Mexico City be 25°C on August 10?,highest-temperature-in-mexico-city-on-august-10-2026-25c,highest-temperature-in-mexico-city-on-august-10-2026,Yes,0,0x6972edc421f2c38a85ad44eda3428d847523fb364aeeec065b5f8e5fa5b5e8c7,0xbddc2a7690BF600E347d5eb4A9C28f9F24E55d4f-1774968947489,Equal-Sun
1786357311,2026-08-10T10:21:51+00:00,TAKER,BUY,426.18,0.3180137501,135.531100017618,60947146540903512089928537348613494224256091507495781879752801357412890693435,0x49959bd70060086e41cba5bfea83c825aaaff77042e86af932ca11c3c4582c9d,Will the highest temperature in Wuhan be 29°C on August 11?,highest-temperature-in-wuhan-on-august-11-2026-29c,highest-temperature-in-wuhan-on-august-11-2026,Yes,0,0x0ce71a3bfc94743cb6d23517d7ba52aa58a9df43d819262d4656976fcc41862c,0xbddc2a7690BF600E347d5eb4A9C28f9F24E55d4f-1774968947489,Equal-Sun
1786358212,2026-08-10T10:36:52+00:00,TAKER,BUY,600.083946,0.3332867015,199.9999989854441,23766069017383529874511668932856969319604456621344274226669176042890413921087,0x73db56913fab0fcbcd5ea2c67caccbd51e0c613e7dd2c183aa7547ff439a5577,Will the highest temperature in Tel Aviv be 36°C on August 11?,highest-temperature-in-tel-aviv-on-august-11-2026-36c,highest-temperature-in-tel-aviv-on-august-11-2026,Yes,0,0x0a26b073c1d581daf3e6093d37b94fbb9a6f421dee5e25dc489b3d6e06ef6754,0xbddc2a7690BF600E347d5eb4A9C28f9F24E55d4f-1774968947489,Equal-Sun
1786358214,2026-08-10T10:36:54+00:00,TAKER,BUY,39.62189,0.3652021395,14.469998999033656,60947146540903512089928537348613494224256091507495781879752801357412890693435,0x49959bd70060086e41cba5bfea83c825aaaff77042e86af932ca11c3c4582c9d,Will the highest temperature in Wuhan be 29°C on August 11?,highest-temperature-in-wuhan-on-august-11-2026-29c,highest-temperature-in-wuhan-on-august-11-2026,Yes,0,0x1245aa24ca4bb8eae5a0938bc927dc92bda91131ffc864427c5262a87096e10d,0xbddc2a7690BF600E347d5eb4A9C28f9F24E55d4f-1774968947489,Equal-Sun
1786358217,2026-08-10T10:36:57+00:00,TAKER,BUY,71.92,0.5215628476,37.510799999392006,111353038867113718921947960307512451331852707925529687690533490683645972701366,0x7c141ed9edf68a7bd3cd659cf09d9a7276323cffc96fc8231e8f342d3c3a7fa9,Will the highest temperature in Warsaw be 32°C on August 10?,highest-temperature-in-warsaw-on-august-10-2026-32c,highest-temperature-in-warsaw-on-august-10-2026,Yes,0,0xfc757698b561a91400f9b6ea9fd8c8c685e82fc60b573f3f35aadab6f8dc0196,0xbddc2a7690BF600E347d5eb4A9C28f9F24E55d4f-1774968947489,Equal-Sun
1786359130,2026-08-10T10:52:10+00:00,TAKER,BUY,103.227573,0.6053614958,62.4899979990837,111353038867113718921947960307512451331852707925529687690533490683645972701366,0x7c141ed9edf68a7bd3cd659cf09d9a7276323cffc96fc8231e8f342d3c3a7fa9,Will the highest temperature in Warsaw be 32°C on August 10?,highest-temperature-in-warsaw-on-august-10-2026-32c,highest-temperature-in-warsaw-on-august-10-2026,Yes,0,0x8cead77b834201dca0444de089f5ef39cab64f505e74a9f38a292a12cdb88551,0xbddc2a7690BF600E347d5eb4A9C28f9F24E55d4f-1774968947489,Equal-Sun
1786367124,2026-08-10T13:05:24+00:00,TAKER,SELL,507.75,0.2453351059,124.568900020725,20522044643086311372319069139493877915532470476370732571734387068304403353482,0xf09ccb6576ac3bfd282184f1bc4ff66f3d2f43f283bdb780a1b7739206a1997c,Will the highest temperature in Helsinki be 18°C on August 11?,highest-temperature-in-helsinki-on-august-11-2026-18c,highest-temperature-in-helsinki-on-august-11-2026,Yes,0,0xcca52fdfec585d05be4dae0a2d878f2d01c7f6683693595241a4d57be7e5bdb4,0xbddc2a7690BF600E347d5eb4A9C28f9F24E55d4f-1774968947489,Equal-Sun
1786368285,2026-08-10T13:24:45+00:00,TAKER,BUY,188.679244,0.5299999983,99.99999899924529,115562022807564570360354314699507076437847947420269708706274632092740715565310,0x18868ff48934510bacddf03fa9d732f8dc060d424ece736db7150e0eb79490be,Will the highest temperature in Singapore be 32°C on August 12?,highest-temperature-in-singapore-on-august-12-2026-32c,highest-temperature-in-singapore-on-august-12-2026,Yes,0,0x3983aa83a8ba6f43da396f3181ad3f3d770a9cd54125cc6ccccce1f816a3ef5e,0xbddc2a7690BF600E347d5eb4A9C28f9F24E55d4f-1774968947489,Equal-Sun
1786378275,2026-08-10T16:11:15+00:00,TAKER,BUY,211.413957,0.4730056635,99.99999900394548,76664733977780799717930202811120104836718354140256431081307188793485316867830,0xd6d9bf596875b57c33777e3fb003450483981507790956a7881858cd5f7cead7,Will the highest temperature in Karachi be 32°C on August 11?,highest-temperature-in-karachi-on-august-11-2026-32c,highest-temperature-in-karachi-on-august-11-2026,Yes,0,0xea178a71171c0e46510a176a8f0fa59a4c02a04c6667ffd9dd69482682e35de6,0xbddc2a7690BF600E347d5eb4A9C28f9F24E55d4f-1774968947489,Equal-Sun
1786386469,2026-08-10T18:27:49+00:00,TAKER,BUY,192.307691,0.5199999983,99.99999899307693,90941799432279969872523651641000361618282733602165993737352268216420999562637,0x6e1236a9106b459620719b23d8b8c575d94f433a591bdeae54e5ee7115a0a22f,Will the highest temperature in Munich be 31°C on August 11?,highest-temperature-in-munich-on-august-11-2026-31c,highest-temperature-in-munich-on-august-11-2026,Yes,0,0xfd5d60b8c493ee965793db90c1c1c71482c86f3db953a2a296ddbdf80531fb30,0xbddc2a7690BF600E347d5eb4A9C28f9F24E55d4f-1774968947489,Equal-Sun
1786391967,2026-08-10T19:59:27+00:00,TAKER,BUY,243.902438,0.4099999976,99.99999899463414,42725667449967966147680162453068917900516299997886866641256179218386666233892,0xc895c5daaba79d4af4c026a9d45054c21e0250197b53adb7a71751d1fd184c16,Will the highest temperature in Moscow be 24°C on August 11?,highest-temperature-in-moscow-on-august-11-2026-24c,highest-temperature-in-moscow-on-august-11-2026,Yes,0,0xb35a18b85c3bf1b20fc8d9d353d17ed1773cf10a51a34f72fe554d6599a29a3e,0xbddc2a7690BF600E347d5eb4A9C28f9F24E55d4f-1774968947489,Equal-Sun
1786402006,2026-08-10T22:46:46+00:00,TAKER,BUY,439.425788,0.5689242776,249.99999899671073,18260855050921005687303549670791388361768060486936109658042223676528688308038,0x2bb54df0edeafd318248d51020ddb98082ecab6cbb50d42342d06befc9e8c745,Will the highest temperature in Tel Aviv be 35°C on August 11?,highest-temperature-in-tel-aviv-on-august-11-2026-35c,highest-temperature-in-tel-aviv-on-august-11-2026,Yes,0,0xeb4f61cde28d37501b9b15bf82c46b8d4fc3b088d5046ad59b35fbe449669f2a,0xbddc2a7690BF600E347d5eb4A9C28f9F24E55d4f-1774968947489,Equal-Sun
1786402929,2026-08-10T23:02:09+00:00,TAKER,BUY,259.612585,0.5777840046,149.99999900585792,42243022166286152928597104509425141517950408077591874278950822293128236546572,0x19fa888cedb32a6233a240c57dd3c30506be08cc5f331af3f2ece6c892b0d09a,Will the highest temperature in Madrid be 37°C on August 11?,highest-temperature-in-madrid-on-august-11-2026-37c,highest-temperature-in-madrid-on-august-11-2026,Yes,0,0x5eb1acd46a6ef71e2dc6c51ee3f158e90d97fcfe2e92a171923265daeadbcefb,0xbddc2a7690BF600E347d5eb4A9C28f9F24E55d4f-1774968947489,Equal-Sun
1786404760,2026-08-10T23:32:40+00:00,TAKER,BUY,505.822579,0.2965466652,149.99999898531357,48283190589652600090598613514429541661607615745913077340471296336782817274741,0x2a9321cd10e668a5ebda639f9a28d032b948c0f2ff19c068eea8b25a52418d25,Will the highest temperature in Madrid be 38°C on August 12?,highest-temperature-in-madrid-on-august-12-2026-38c,highest-temperature-in-madrid-on-august-12-2026,Yes,0,0x234235583c6417370a0dd9594f53e57a01f584ee873b7e327f53b3a46ed5250e,0xbddc2a7690BF600E347d5eb4A9C28f9F24E55d4f-1774968947489,Equal-Sun
1786407048,2026-08-11T00:10:48+00:00,TAKER,SELL,600.08,0.2561658446,153.72000002756803,23766069017383529874511668932856969319604456621344274226669176042890413921087,0x73db56913fab0fcbcd5ea2c67caccbd51e0c613e7dd2c183aa7547ff439a5577,Will the highest temperature in Tel Aviv be 36°C on August 11?,highest-temperature-in-tel-aviv-on-august-11-2026-36c,highest-temperature-in-tel-aviv-on-august-11-2026,Yes,0,0xa72a4de776ea5da33ddc22d0802d3e7957c9b90dac754bed1b7bee3594dfda5f,0xbddc2a7690BF600E347d5eb4A9C28f9F24E55d4f-1774968947489,Equal-Sun
1786407486,2026-08-11T00:18:06+00:00,TAKER,BUY,475.33,0.2588952938,123.06070000195399,93921387976013471050189142387379862684822667071170012297091641129180722922989,0x59f89f6a83660ffdf7302aeb55275eadf4fd1f15a814919b3c581187f76f23a4,Will the highest temperature in Ankara be 31°C on August 12?,highest-temperature-in-ankara-on-august-12-2026-31c,highest-temperature-in-ankara-on-august-12-2026,Yes,0,0x2ece0332152147420731e9dc775e201629b410371a00b40e08ea0e5dc48cf5e2,0xbddc2a7690BF600E347d5eb4A9C28f9F24E55d4f-1774968947489,Equal-Sun
1786408392,2026-08-11T00:33:12+00:00,TAKER,BUY,93.172412,0.2891413716,26.939999000960295,93921387976013471050189142387379862684822667071170012297091641129180722922989,0x59f89f6a83660ffdf7302aeb55275eadf4fd1f15a814919b3c581187f76f23a4,Will the highest temperature in Ankara be 31°C on August 12?,highest-temperature-in-ankara-on-august-12-2026-31c,highest-temperature-in-ankara-on-august-12-2026,Yes,0,0xea58d94f56222195261a68d09d420c214e66203b4a0e2d8509ec80d6b84f6ff2,0xbddc2a7690BF600E347d5eb4A9C28f9F24E55d4f-1774968947489,Equal-Sun
1786409013,2026-08-11T00:43:33+00:00,TAKER,BUY,167.007332,0.2993880472,49.999998995562066,60947146540903512089928537348613494224256091507495781879752801357412890693435,0x49959bd70060086e41cba5bfea83c825aaaff77042e86af932ca11c3c4582c9d,Will the highest temperature in Wuhan be 29°C on August 11?,highest-temperature-in-wuhan-on-august-11-2026-29c,highest-temperature-in-wuhan-on-august-11-2026,Yes,0,0x62879c4032621af13187351b6790bd01d9afab64817cddb10c5012e602c7388e,0xbddc2a7690BF600E347d5eb4A9C28f9F24E55d4f-1774968947489,Equal-Sun
1786410250,2026-08-11T01:04:10+00:00,TAKER,BUY,193.846345,0.515872502,99.9999989987052,45777270554476657975435783041408191123404668541808053100844433318507838737843,0x65bf0a3091bf6fe0a14336300e81eacd4f0ebe64a2377977f2a0ecab914e1728,Will the highest temperature in Paris be 35°C on August 12?,highest-temperature-in-paris-on-august-12-2026-35c,highest-temperature-in-paris-on-august-12-2026,Yes,0,0x1c043eb317740126d34f816f18d76c10e7e02eb53177d732672efd4a3401afa9,0xbddc2a7690BF600E347d5eb4A9C28f9F24E55d4f-1774968947489,Equal-Sun
1786415772,2026-08-11T02:36:12+00:00,TAKER,BUY,333.333332,0.4499999988,149.999999,29759503464624585478176552741360008932569947503120746623466649278050955916866,0x3b34906b6ef64e6fafb72f890581d49b60c969fb326283210be5c8777939481b,Will the highest temperature in Tel Aviv be 35°C on August 12?,highest-temperature-in-tel-aviv-on-august-12-2026-35c,highest-temperature-in-tel-aviv-on-august-12-2026,Yes,0,0x4fed81dae6e898d3c23851734205a2aee484598ec582b503d5a277d2a1e29208,0xbddc2a7690BF600E347d5eb4A9C28f9F24E55d4f-1774968947489,Equal-Sun
1786416702,2026-08-11T02:51:42+00:00,TAKER,BUY,535.9655,0.1865791735,100.00000001451426,51056743419203209480004041537241733014055786297757024822871817731977887086122,0x84f566663d3c53aabc163030ace2e859a8c2735cae2bdfac250e2747c8f0714a,Will the highest temperature in Wellington be 13°C on August 12?,highest-temperature-in-wellington-on-august-12-2026-13c,highest-temperature-in-wellington-on-august-12-2026,Yes,0,0xa92112b5d11dc1d3d1e57625638a0e36485b4d028525e1c3afb94bfba6c596d2,0xbddc2a7690BF600E347d5eb4A9C28f9F24E55d4f-1774968947489,Equal-Sun
1786423935,2026-08-11T04:52:15+00:00,TAKER,BUY,389.319614,0.5137167299,199.99999899001023,11734902885424932703415353833972382117120394596904392268341925549869166752768,0x6a3695898e00918478a6a0e50f83f5090772ace45a346980190462aec562339d,Will the highest temperature in Istanbul be 27°C on August 11?,highest-temperature-in-istanbul-on-august-11-2026-27c,highest-temperature-in-istanbul-on-august-11-2026,Yes,0,0xbf3f035d26da35739b4f4799ad426a139f7b3d4d200fb42a527161b40a89c21b,0xbddc2a7690BF600E347d5eb4A9C28f9F24E55d4f-1774968947489,Equal-Sun
1786423938,2026-08-11T04:52:18+00:00,TAKER,BUY,180.834911,0.5529905617,99.99999900885952,4439308154113671664707411784972090046180755099910454489167226596426890419555,0x9ccc1da53cafed4336f5d6cae41c31f58cc70a6c7ef1a6e6ea2b3c63236d0446,Will the highest temperature in Denver be between 96-97°F on August 11?,highest-temperature-in-denver-on-august-11-2026-96-97f,highest-temperature-in-denver-on-august-11-2026,Yes,0,0xb5112f57bc4ce24addbc8e2cb4b47c322514f3b5e2742b1649ba5f44db1a85c3,0xbddc2a7690BF600E347d5eb4A9C28f9F24E55d4f-1774968947489,Equal-Sun
1786423941,2026-08-11T04:52:21+00:00,TAKER,BUY,466.72218,0.5356505641,249.99999899498172,11734902885424932703415353833972382117120394596904392268341925549869166752768,0x6a3695898e00918478a6a0e50f83f5090772ace45a346980190462aec562339d,Will the highest temperature in Istanbul be 27°C on August 11?,highest-temperature-in-istanbul-on-august-11-2026-27c,highest-temperature-in-istanbul-on-august-11-2026,Yes,0,0x17812df98ef32e5910e08c0b80c437b644eeebd284486d160532332c92236906,0xbddc2a7690BF600E347d5eb4A9C28f9F24E55d4f-1774968947489,Equal-Sun
1786424835,2026-08-11T05:07:15+00:00,TAKER,BUY,804.035,0.2487453904,199.99999997026399,102795640073135713127075975051956653365514093307247213952791156336079288122518,0x3e22a39fe2be71bef997a1a46f8e976cd6871a732d8303ff3b78e70d61265bcc,Will the highest temperature in Mexico City be 24°C on August 11?,highest-temperature-in-mexico-city-on-august-11-2026-24c,highest-temperature-in-mexico-city-on-august-11-2026,Yes,0,0x8fe512b76367ccb011698d5d2842de8ac62d2346cb3ecf32223722828622d921,0xbddc2a7690BF600E347d5eb4A9C28f9F24E55d4f-1774968947489,Equal-Sun
1786429359,2026-08-11T06:22:39+00:00,TAKER,BUY,127.55,0.6871462172,87.64550000386001,269356145910510189505623021178547020196381274903712676273116452789919727653,0x329e0f8883a1d9a00bd241d999f7d82e983ff937dada564d64f17331d51c5854,Will the highest temperature in Singapore be 32°C on August 11?,highest-temperature-in-singapore-on-august-11-2026-32c,highest-temperature-in-singapore-on-august-11-2026,Yes,0,0xb677ba01f054b96daec5b11934007c85c570ba68f0d475b0f8f786ac16ff92c8,0xbddc2a7690BF600E347d5eb4A9C28f9F24E55d4f-1774968947489,Equal-Sun
1786430280,2026-08-11T06:38:00+00:00,TAKER,BUY,487.61846,0.5126959283,249.99999900591644,29759503464624585478176552741360008932569947503120746623466649278050955916866,0x3b34906b6ef64e6fafb72f890581d49b60c969fb326283210be5c8777939481b,Will the highest temperature in Tel Aviv be 35°C on August 12?,highest-temperature-in-tel-aviv-on-august-12-2026-35c,highest-temperature-in-tel-aviv-on-august-12-2026,Yes,0,0x62b15d4207621360978700723671eeb15c43a0a5632c20da2a575b5a52a2fff2,0xbddc2a7690BF600E347d5eb4A9C28f9F24E55d4f-1774968947489,Equal-Sun
1786431172,2026-08-11T06:52:52+00:00,TAKER,BUY,85.024341,0.7333194032,62.349998999593296,269356145910510189505623021178547020196381274903712676273116452789919727653,0x329e0f8883a1d9a00bd241d999f7d82e983ff937dada564d64f17331d51c5854,Will the highest temperature in Singapore be 32°C on August 11?,highest-temperature-in-singapore-on-august-11-2026-32c,highest-temperature-in-singapore-on-august-11-2026,Yes,0,0x8c32428312182c4fd509333d39a38da93a08b8b62810d1e69fcd62fb6529f3e5,0xbddc2a7690BF600E347d5eb4A9C28f9F24E55d4f-1774968947489,Equal-Sun
1786432075,2026-08-11T07:07:55+00:00,TAKER,BUY,97.47,0.1854673233,18.077500002051,67344794332867223474812254640522951661559576420919354744221532836224667945594,0xe81e6b77a8dc9595bf4b709f5317fdbb8e5ce87eaa88ecacbf6b38cb375eb002,Will the highest temperature in Lucknow be 33°C on August 11?,highest-temperature-in-lucknow-on-august-11-2026-33c,highest-temperature-in-lucknow-on-august-11-2026,Yes,0,0x71a0e1ef75db993cbd1fa72d9f6599a7e14663f14477ffe4240957d598532cf2,0xbddc2a7690BF600E347d5eb4A9C28f9F24E55d4f-1774968947489,Equal-Sun
1786432974,2026-08-11T07:22:54+00:00,TAKER,BUY,206.04,0.2620423219,53.991200004275996,67344794332867223474812254640522951661559576420919354744221532836224667945594,0xe81e6b77a8dc9595bf4b709f5317fdbb8e5ce87eaa88ecacbf6b38cb375eb002,Will the highest temperature in Lucknow be 33°C on August 11?,highest-temperature-in-lucknow-on-august-11-2026-33c,highest-temperature-in-lucknow-on-august-11-2026,Yes,0,0xde613733a697855f866217ff6fc9c88b67569aac9eb3f190cf4a21a64040f850,0xbddc2a7690BF600E347d5eb4A9C28f9F24E55d4f-1774968947489,Equal-Sun
1786433869,2026-08-11T07:37:49+00:00,TAKER,BUY,101.586784,0.2749373285,27.929999003866545,67344794332867223474812254640522951661559576420919354744221532836224667945594,0xe81e6b77a8dc9595bf4b709f5317fdbb8e5ce87eaa88ecacbf6b38cb375eb002,Will the highest temperature in Lucknow be 33°C on August 11?,highest-temperature-in-lucknow-on-august-11-2026-33c,highest-temperature-in-lucknow-on-august-11-2026,Yes,0,0xf61fc3a3bd4e549a46df4569fa5b94504ce2542a451efd143e8d20fedd5ad237,0xbddc2a7690BF600E347d5eb4A9C28f9F24E55d4f-1774968947489,Equal-Sun
1786434771,2026-08-11T07:52:51+00:00,TAKER,BUY,307.815382,0.649740103,199.99999800566434,22476835694616784944532991799321442384949388276052063872875827120923520078679,0x92aae9f407d4a775bfc8fc8961d20930dd884534ca122121e932f2a1babea246,Will the highest temperature in Milan be 36°C on August 11?,highest-temperature-in-milan-on-august-11-2026-36c,highest-temperature-in-milan-on-august-11-2026,Yes,0,0x4b4fe6d77dbd476b758d5d9969d3ee095d35d9450f0d247f27b3c39db69ce8f5,0xbddc2a7690BF600E347d5eb4A9C28f9F24E55d4f-1774968947489,Equal-Sun
1786437964,2026-08-11T08:46:04+00:00,TAKER,BUY,29.647057,0.3373015743,9.999998999461836,42725667449967966147680162453068917900516299997886866641256179218386666233892,0xc895c5daaba79d4af4c026a9d45054c21e0250197b53adb7a71751d1fd184c16,Will the highest temperature in Moscow be 24°C on August 11?,highest-temperature-in-moscow-on-august-11-2026-24c,highest-temperature-in-moscow-on-august-11-2026,Yes,0,0xd4e3eba724d49668713dd2d504bc115772f6cc89921446de8a3760748bf453a8,0xbddc2a7690BF600E347d5eb4A9C28f9F24E55d4f-1774968947489,Equal-Sun
1786437979,2026-08-11T08:46:19+00:00,TAKER,BUY,27.777776,0.359999987,9.999998998888913,42725667449967966147680162453068917900516299997886866641256179218386666233892,0xc895c5daaba79d4af4c026a9d45054c21e0250197b53adb7a71751d1fd184c16,Will the highest temperature in Moscow be 24°C on August 11?,highest-temperature-in-moscow-on-august-11-2026-24c,highest-temperature-in-moscow-on-august-11-2026,Yes,0,0x98a9d873c1bd3570b0733f3ad2a67ec4d8cd969b71f9ff1e16d635daf49f32e7,0xbddc2a7690BF600E347d5eb4A9C28f9F24E55d4f-1774968947489,Equal-Sun
1786441189,2026-08-11T09:39:49+00:00,TAKER,BUY,135.02,0.467258184,63.089200003680006,42243022166286152928597104509425141517950408077591874278950822293128236546572,0x19fa888cedb32a6233a240c57dd3c30506be08cc5f331af3f2ece6c892b0d09a,Will the highest temperature in Madrid be 37°C on August 11?,highest-temperature-in-madrid-on-august-11-2026-37c,highest-temperature-in-madrid-on-august-11-2026,Yes,0,0x9bc56ed4d79c8f9c2b488448d7e794dbe4bd783bc966caef5b62852117b51921,0xbddc2a7690BF600E347d5eb4A9C28f9F24E55d4f-1774968947489,Equal-Sun
1786441194,2026-08-11T09:39:54+00:00,TAKER,BUY,405.08,0.2468648168,99.99999998934399,15022529782671644713892713089883728938842611290144385294730735356436230272903,0x4abd685020810de9e18eb1de4b73434537576db62a23bfa1acd615387ad46127,Will the highest temperature in Shanghai be 28°C on August 12?,highest-temperature-in-shanghai-on-august-12-2026-28c,highest-temperature-in-shanghai-on-august-12-2026,Yes,0,0x412a831e65de34d96b1bc1063f9168f91c75d15c815f945cec4590df3fb15251,0xbddc2a7690BF600E347d5eb4A9C28f9F24E55d4f-1774968947489,Equal-Sun
1786442109,2026-08-11T09:55:09+00:00,TAKER,BUY,285.687,0.4792307665,136.90999998908552,42243022166286152928597104509425141517950408077591874278950822293128236546572,0x19fa888cedb32a6233a240c57dd3c30506be08cc5f331af3f2ece6c892b0d09a,Will the highest temperature in Madrid be 37°C on August 11?,highest-temperature-in-madrid-on-august-11-2026-37c,highest-temperature-in-madrid-on-august-11-2026,Yes,0,0xdfc8c29f8298e630227b6502476ec53f1975609787332c0bc4dd4a8f392fd9fb,0xbddc2a7690BF600E347d5eb4A9C28f9F24E55d4f-1774968947489,Equal-Sun
1786443921,2026-08-11T10:25:21+00:00,TAKER,BUY,382.796887,0.3918527138,149.99999900514194,114672420906760358376699628119040973925063158318218991885631287078302464215201,0xe37920cbcfb9c16664566d99ed19c80b0c42012411f470120013cdbbb0c5b619,Will the highest temperature in Wuhan be 30°C on August 12?,highest-temperature-in-wuhan-on-august-12-2026-30c,highest-temperature-in-wuhan-on-august-12-2026,Yes,0,0x2fd08b1253d94c56d654361e2bd78969c2f957e3b3556f0711e178ba456b3599,0xbddc2a7690BF600E347d5eb4A9C28f9F24E55d4f-1774968947489,Equal-Sun
1786444834,2026-08-11T10:40:34+00:00,TAKER,BUY,483.934046,0.4132794554,199.99999898039854,97025881551430629081698295959296200595389099805124574867745155075230488914597,0xe975dd971c8277c60597d0cc1be5e58ddb33c0d24719d56e76234f100b77cbfb,Will the highest temperature in Tel Aviv be 34°C on August 12?,highest-temperature-in-tel-aviv-on-august-12-2026-34c,highest-temperature-in-tel-aviv-on-august-12-2026,Yes,0,0xa94493818b7a6db887c0706adf8948a1eda9b35c4c0c55506f6486ec3cc88475,0xbddc2a7690BF600E347d5eb4A9C28f9F24E55d4f-1774968947489,Equal-Sun
1786444839,2026-08-11T10:40:39+00:00,TAKER,BUY,162.574922,0.6151010117,99.99999899924858,59057962610831978481919452295059473701080966112167516978087030240851745477616,0x9e589b54040e2c9f45c19bc74638c4e8cec68d58d844c635a2eddded0e754790,Will the highest temperature in Warsaw be 22°C on August 11?,highest-temperature-in-warsaw-on-august-11-2026-22c,highest-temperature-in-warsaw-on-august-11-2026,Yes,0,0x2cccd24c538e655a51f53131497deb3d4df94ff703d590218905ac2694000078,0xbddc2a7690BF600E347d5eb4A9C28f9F24E55d4f-1774968947489,Equal-Sun
1786449411,2026-08-11T11:56:51+00:00,TAKER,BUY,137.594593,0.363386365,49.99999899392444,24688204066287614973385184418413155778046640743078752406301112959453835267357,0x35676a53d5f89d3e4fdccd5b20874ebf2577bceca91d05fdec6a58a0ffdd36bb,Will the highest temperature in Houston be between 96-97°F on August 12?,highest-temperature-in-houston-on-august-12-2026-96-97f,highest-temperature-in-houston-on-august-12-2026,Yes,0,0xebd3b6061ec166c43989a786a1b5b70ce32bc375aec52fe156a338911d4d2a93,0xbddc2a7690BF600E347d5eb4A9C28f9F24E55d4f-1774968947489,Equal-Sun
1786452142,2026-08-11T12:42:22+00:00,TAKER,BUY,340.876773,0.2933611408,99.99999899950264,73197966112773361942278670161481192695392399472480668772677942909784850028670,0x2dc636369f6a1a117134e469b5047801713487510d133221bbe0d486454f0c1e,Will the highest temperature in Buenos Aires be 11°C on August 11?,highest-temperature-in-buenos-aires-on-august-11-2026-11c,highest-temperature-in-buenos-aires-on-august-11-2026,Yes,0,0xb921c74eb6e0e3ce5fd5ca23d71ebf83b9e22c89fdc44e09badd1d2ae5b24d49,0xbddc2a7690BF600E347d5eb4A9C28f9F24E55d4f-1774968947489,Equal-Sun
1786452196,2026-08-11T12:43:16+00:00,TAKER,BUY,178.870099,0.5590649279,99.99999900090086,98511244067915418181018682729837404040296900006500824727207917357908876965858,0x8c1c519f8fdc5107aaa7bf41231e91ae876f9250c6d582856423b2be0ffe98c9,Will the highest temperature in Istanbul be 26°C on August 11?,highest-temperature-in-istanbul-on-august-11-2026-26c,highest-temperature-in-istanbul-on-august-11-2026,Yes,0,0x37fa562d9683ad44971b56105f077f9746e979cdb6509c66015c276bbe709680,0xbddc2a7690BF600E347d5eb4A9C28f9F24E55d4f-1774968947489,Equal-Sun
1786452349,2026-08-11T12:45:49+00:00,TAKER,BUY,18.214935,0.5489999827,9.999998999881626,98511244067915418181018682729837404040296900006500824727207917357908876965858,0x8c1c519f8fdc5107aaa7bf41231e91ae876f9250c6d582856423b2be0ffe98c9,Will the highest temperature in Istanbul be 26°C on August 11?,highest-temperature-in-istanbul-on-august-11-2026-26c,highest-temperature-in-istanbul-on-august-11-2026,Yes,0,0x8797df5b028dbfba312f48e81e9ca91340b8ba11120700682db2200823f2101a,0xbddc2a7690BF600E347d5eb4A9C28f9F24E55d4f-1774968947489,Equal-Sun
1786452355,2026-08-11T12:45:55+00:00,TAKER,BUY,18.214935,0.5489999827,9.999998999881626,98511244067915418181018682729837404040296900006500824727207917357908876965858,0x8c1c519f8fdc5107aaa7bf41231e91ae876f9250c6d582856423b2be0ffe98c9,Will the highest temperature in Istanbul be 26°C on August 11?,highest-temperature-in-istanbul-on-august-11-2026-26c,highest-temperature-in-istanbul-on-august-11-2026,Yes,0,0xaf0f5c1507f6a011c920791cb73a2e0b8de9d1ba0abbc5131ac526f458c61910,0xbddc2a7690BF600E347d5eb4A9C28f9F24E55d4f-1774968947489,Equal-Sun
1786452358,2026-08-11T12:45:58+00:00,TAKER,BUY,18.170287,0.5503489295,9.999997999157767,98511244067915418181018682729837404040296900006500824727207917357908876965858,0x8c1c519f8fdc5107aaa7bf41231e91ae876f9250c6d582856423b2be0ffe98c9,Will the highest temperature in Istanbul be 26°C on August 11?,highest-temperature-in-istanbul-on-august-11-2026-26c,highest-temperature-in-istanbul-on-august-11-2026,Yes,0,0xaa442e2833aaded81b0b94b6c091c4663f0dda8620f33b522d0be8c8fcf8313a,0xbddc2a7690BF600E347d5eb4A9C28f9F24E55d4f-1774968947489,Equal-Sun
1786452364,2026-08-11T12:46:04+00:00,TAKER,BUY,18.077616,0.55317023,9.999999000571679,98511244067915418181018682729837404040296900006500824727207917357908876965858,0x8c1c519f8fdc5107aaa7bf41231e91ae876f9250c6d582856423b2be0ffe98c9,Will the highest temperature in Istanbul be 26°C on August 11?,highest-temperature-in-istanbul-on-august-11-2026-26c,highest-temperature-in-istanbul-on-august-11-2026,Yes,0,0x5394ba856c12057e293ece7ba8ea00bc5578b9f2a4066445e73e5a09c066633d,0xbddc2a7690BF600E347d5eb4A9C28f9F24E55d4f-1774968947489,Equal-Sun
1786452373,2026-08-11T12:46:13+00:00,TAKER,BUY,18.115941,0.5519999762,9.999999000840603,98511244067915418181018682729837404040296900006500824727207917357908876965858,0x8c1c519f8fdc5107aaa7bf41231e91ae876f9250c6d582856423b2be0ffe98c9,Will the highest temperature in Istanbul be 26°C on August 11?,highest-temperature-in-istanbul-on-august-11-2026-26c,highest-temperature-in-istanbul-on-august-11-2026,Yes,0,0x16fcf11d8047b207bee0c38897221480c3b35d97f211f65d04d7078f0c5f493e,0xbddc2a7690BF600E347d5eb4A9C28f9F24E55d4f-1774968947489,Equal-Sun
1786454850,2026-08-11T13:27:30+00:00,TAKER,BUY,172.413792,0.5799999979,99.99999899793104,96782272580763366928773342400428465105193077509183334823805388413573505358482,0x5635b164c90dd8193e63233097f1bfac4cbf30c7196613c57ab516c56d5fd00d,Will the highest temperature in Singapore be 32°C on August 13?,highest-temperature-in-singapore-on-august-13-2026-32c,highest-temperature-in-singapore-on-august-13-2026,Yes,0,0x115dc26169414496a9cfeb229da5e6a846936a3446d7ca3ebccabe5526f5ceb3,0xbddc2a7690BF600E347d5eb4A9C28f9F24E55d4f-1774968947489,Equal-Sun
1786458924,2026-08-11T14:35:24+00:00,TAKER,BUY,27.101051,0.3689893429,9.999999000389387,42243022166286152928597104509425141517950408077591874278950822293128236546572,0x19fa888cedb32a6233a240c57dd3c30506be08cc5f331af3f2ece6c892b0d09a,Will the highest temperature in Madrid be 37°C on August 11?,highest-temperature-in-madrid-on-august-11-2026-37c,highest-temperature-in-madrid-on-august-11-2026,Yes,0,0x4e51051ac802e30a1e190e866c5598180a2aaab22e8974106749c9de55d61fe8,0xbddc2a7690BF600E347d5eb4A9C28f9F24E55d4f-1774968947489,Equal-Sun
1786459015,2026-08-11T14:36:55+00:00,TAKER,BUY,89.132902,0.2243840215,19.999998998725392,73197966112773361942278670161481192695392399472480668772677942909784850028670,0x2dc636369f6a1a117134e469b5047801713487510d133221bbe0d486454f0c1e,Will the highest temperature in Buenos Aires be 11°C on August 11?,highest-temperature-in-buenos-aires-on-august-11-2026-11c,highest-temperature-in-buenos-aires-on-august-11-2026,Yes,0,0x167acf4d8650e7b2cc50d0baf06e9b813a103552c1aec4ff5703a78b468a8de9,0xbddc2a7690BF600E347d5eb4A9C28f9F24E55d4f-1774968947489,Equal-Sun
1786459696,2026-08-11T14:48:16+00:00,TAKER,BUY,240.153808,0.4163998057,99.9999989893151,114672420906760358376699628119040973925063158318218991885631287078302464215201,0xe37920cbcfb9c16664566d99ed19c80b0c42012411f470120013cdbbb0c5b619,Will the highest temperature in Wuhan be 30°C on August 12?,highest-temperature-in-wuhan-on-august-12-2026-30c,highest-temperature-in-wuhan-on-august-12-2026,Yes,0,0xb86782b5f4913559867a71dacf4f1bb2173910946ba6a6ba24f43486402f0368,0xbddc2a7690BF600E347d5eb4A9C28f9F24E55d4f-1774968947489,Equal-Sun
1786459753,2026-08-11T14:49:13+00:00,TAKER,BUY,57.778887,0.3461471835,19.999999000814764,42243022166286152928597104509425141517950408077591874278950822293128236546572,0x19fa888cedb32a6233a240c57dd3c30506be08cc5f331af3f2ece6c892b0d09a,Will the highest temperature in Madrid be 37°C on August 11?,highest-temperature-in-madrid-on-august-11-2026-37c,highest-temperature-in-madrid-on-august-11-2026,Yes,0,0x334377ebc94a4ac62c724aef73cd8c092fb937186e756cb535e354c6f3df62c5,0xbddc2a7690BF600E347d5eb4A9C28f9F24E55d4f-1774968947489,Equal-Sun
1786462677,2026-08-11T15:37:57+00:00,TAKER,BUY,128.205127,0.3899999959,49.99999900435898,48283190589652600090598613514429541661607615745913077340471296336782817274741,0x2a9321cd10e668a5ebda639f9a28d032b948c0f2ff19c068eea8b25a52418d25,Will the highest temperature in Madrid be 38°C on August 12?,highest-temperature-in-madrid-on-august-12-2026-38c,highest-temperature-in-madrid-on-august-12-2026,Yes,0,0x02a5c32e7c1a782ffc6f24a21de1d21af972e1df067bfe3df7cf7f79f347c662,0xbddc2a7690BF600E347d5eb4A9C28f9F24E55d4f-1774968947489,Equal-Sun
1786463110,2026-08-11T15:45:10+00:00,TAKER,BUY,198.303724,0.5042769595,99.99999899624716,87997223941116732226760582437118096979633246211345245284987622937729444831964,0xba7a323dfd81e3644fd75acd1daf706715fca60514e5da0556f2a230a10d0b2c,Will the highest temperature in Amsterdam be 28°C on August 12?,highest-temperature-in-amsterdam-on-august-12-2026-28c,highest-temperature-in-amsterdam-on-august-12-2026,Yes,0,0xff757f905fe75fb6eba5bf34eb7f62ee5971daf056ce4cbcfca4a12a2a669307,0xbddc2a7690BF600E347d5eb4A9C28f9F24E55d4f-1774968947489,Equal-Sun
1786464910,2026-08-11T16:15:10+00:00,TAKER,BUY,285.75,0.3499562555,100.00000000912499,100263884268410945792893347892974852858757055595874451826497757310899965644784,0xff78ea925ddce4c5f0944aab30d463975099e07df9708229b6dd42e69285cc66,Will the highest temperature in Karachi be 32°C on August 12?,highest-temperature-in-karachi-on-august-12-2026-32c,highest-temperature-in-karachi-on-august-12-2026,Yes,0,0xdb22e4c325da03b63a19dfbc318b54f9643adab0b9b2706433f9e9235f0607e3,0xbddc2a7690BF600E347d5eb4A9C28f9F24E55d4f-1774968947489,Equal-Sun
1786466508,2026-08-11T16:41:48+00:00,TAKER,SELL,162.57,0.9989323368,162.396429993576,59057962610831978481919452295059473701080966112167516978087030240851745477616,0x9e589b54040e2c9f45c19bc74638c4e8cec68d58d844c635a2eddded0e754790,Will the highest temperature in Warsaw be 22°C on August 11?,highest-temperature-in-warsaw-on-august-11-2026-22c,highest-temperature-in-warsaw-on-august-11-2026,Yes,0,0x3ed673f361b8247d4600edb37231381cdff3fa6bd2d22b6c75c18f639450c4ec,0xbddc2a7690BF600E347d5eb4A9C28f9F24E55d4f-1774968947489,Equal-Sun
1786473130,2026-08-11T18:32:10+00:00,TAKER,BUY,191.584904,0.5219617878,99.99999900733137,85541139495745836938300833220704430109601125755564888811787448030568749202290,0x3df7c973969a046a0a5047b61e8118968308f77b4a682861af3516f973709d29,Will the highest temperature in Munich be 30°C on August 12?,highest-temperature-in-munich-on-august-12-2026-30c,highest-temperature-in-munich-on-august-12-2026,Yes,0,0x6ba2f2a26fb271c725b8c622ec9a84bdac8174506e469f18b5a6b5e135ff65a1,0xbddc2a7690BF600E347d5eb4A9C28f9F24E55d4f-1774968947489,Equal-Sun
1786476819,2026-08-11T19:33:39+00:00,TAKER,BUY,308.273537,0.6487744649,199.99999901000535,8169789644497992435906075452916095288176419008373016693488412892077646327021,0x96b02124382c2007ca9fd8543a4b22b4410fe799f5600cefd574574fa72baed4,Will the highest temperature in Shanghai be 29°C on August 12?,highest-temperature-in-shanghai-on-august-12-2026-29c,highest-temperature-in-shanghai-on-august-12-2026,Yes,0,0x1355ff9bcfa084bfcb0ec10f78e6002102ec2b4636ce934df564b88686b567fe,0xbddc2a7690BF600E347d5eb4A9C28f9F24E55d4f-1774968947489,Equal-Sun
1786478643,2026-08-11T20:04:03+00:00,TAKER,BUY,417.083332,0.2397602381,99.99999898786135,82057662027564372281738456077634923552271479805780666612619286828005496888677,0x6b7f73adf6be8ae8084b45e9afe748a0e6a0d334f1bff6c7aa2540ac7f6bd51a,Will the highest temperature in Moscow be 17°C on August 12?,highest-temperature-in-moscow-on-august-12-2026-17c,highest-temperature-in-moscow-on-august-12-2026,Yes,0,0x7301b2b51cb9e8b4be90f04bfa41aec38bbfa0bfbea0d88c92378e70e2b1c178,0xbddc2a7690BF600E347d5eb4A9C28f9F24E55d4f-1774968947489,Equal-Sun
1786486779,2026-08-11T22:19:39+00:00,TAKER,BUY,216.170211,0.4625984243,99.99999898919852,12328353406692569305019689425955060563942488965229495709857752182119059586025,0xbbc5a6a570f31fe276b8df601bbe4a02f77967fcbf56d6f893f88e593e5f58b7,Will the highest temperature in Milan be 35°C on August 13?,highest-temperature-in-milan-on-august-13-2026-35c,highest-temperature-in-milan-on-august-13-2026,Yes,0,0xe8c57f663e4daec41a1c60d355cfe0547e344f7646c62c229a9903fa6da0a7da,0xbddc2a7690BF600E347d5eb4A9C28f9F24E55d4f-1774968947489,Equal-Sun
1786487689,2026-08-11T22:34:49+00:00,TAKER,BUY,545.094346,0.4586361991,249.99999900034027,97025881551430629081698295959296200595389099805124574867745155075230488914597,0xe975dd971c8277c60597d0cc1be5e58ddb33c0d24719d56e76234f100b77cbfb,Will the highest temperature in Tel Aviv be 34°C on August 12?,highest-temperature-in-tel-aviv-on-august-12-2026-34c,highest-temperature-in-tel-aviv-on-august-12-2026,Yes,0,0x42b7af62c3b8f01ba3abf60be8f7d65db2a9a1718ef477621f85c16ba2e7e62e,0xbddc2a7690BF600E347d5eb4A9C28f9F24E55d4f-1774968947489,Equal-Sun
1786489509,2026-08-11T23:05:09+00:00,TAKER,BUY,327.310965,0.6110397126,199.99999798442866,48283190589652600090598613514429541661607615745913077340471296336782817274741,0x2a9321cd10e668a5ebda639f9a28d032b948c0f2ff19c068eea8b25a52418d25,Will the highest temperature in Madrid be 38°C on August 12?,highest-temperature-in-madrid-on-august-12-2026-38c,highest-temperature-in-madrid-on-august-12-2026,Yes,0,0xa0a11bd007342afbe9edae33c6d00dbd3c0fe555625c3c4f6932adcd778f558e,0xbddc2a7690BF600E347d5eb4A9C28f9F24E55d4f-1774968947489,Equal-Sun
1786494019,2026-08-12T00:20:19+00:00,TAKER,BUY,376.162438,0.3987638952,149.9999990048085,22104523470795379080119134860788095424798678760838963267657449162190096460133,0xcc573600034f7612e977c318679bdcd53a8e9e809b5b67d30c34084b7fdcf057,Will the highest temperature in Ankara be 30°C on August 13?,highest-temperature-in-ankara-on-august-13-2026-30c,highest-temperature-in-ankara-on-august-13-2026,Yes,0,0x8914622bab5bc97fd070da932d07f909fb6231d368fce0c3dd46b48b1fcf82c9,0xbddc2a7690BF600E347d5eb4A9C28f9F24E55d4f-1774968947489,Equal-Sun
1786495827,2026-08-12T00:50:27+00:00,TAKER,BUY,362.318838,0.6899999994,249.99999800260872,25306931245373667879435289591227508495728334689580656452216709073029210934487,0x65ce31bdb20116e8d05d2047b5f9840dd143e2578fedfb6d971746569ce3acc5,Will the highest temperature in Istanbul be 28°C on August 12?,highest-temperature-in-istanbul-on-august-12-2026-28c,highest-temperature-in-istanbul-on-august-12-2026,Yes,0,0x5dd9912b371446bb72be4b8ae3708f9f57247a2c566c88e743e06825ce2164c1,0xbddc2a7690BF600E347d5eb4A9C28f9F24E55d4f-1774968947489,Equal-Sun
1786496728,2026-08-12T01:05:28+00:00,TAKER,BUY,310.850605,0.6433958814,199.99999898769823,47925351836015961340436486329521484686637953054533467608944481764410567958066,0x8ca7ebcfd98a88d8a689a790600fb7e181750cc6dbe2836ff2c098f6a241f86b,Will the highest temperature in Paris be 38°C on August 13?,highest-temperature-in-paris-on-august-13-2026-38c,highest-temperature-in-paris-on-august-13-2026,Yes,0,0x35c2bcc5faf87d5a8536fde92a16ce5fb2b70efb73ebff16ca95a6471206134f,0xbddc2a7690BF600E347d5eb4A9C28f9F24E55d4f-1774968947489,Equal-Sun
1786497841,2026-08-12T01:24:01+00:00,TAKER,SELL,1029.02,0.3612713067,371.755400020434,97025881551430629081698295959296200595389099805124574867745155075230488914597,0xe975dd971c8277c60597d0cc1be5e58ddb33c0d24719d56e76234f100b77cbfb,Will the highest temperature in Tel Aviv be 34°C on August 12?,highest-temperature-in-tel-aviv-on-august-12-2026-34c,highest-temperature-in-tel-aviv-on-august-12-2026,Yes,0,0x7a351f424e690fbbe6655655fec4d8b0f30a22a6e8d98a232e640f608ce54a96,0xbddc2a7690BF600E347d5eb4A9C28f9F24E55d4f-1774968947489,Equal-Sun
1786498560,2026-08-12T01:36:00+00:00,TAKER,BUY,299.008954,0.6688762872,199.9999989910756,45777270554476657975435783041408191123404668541808053100844433318507838737843,0x65bf0a3091bf6fe0a14336300e81eacd4f0ebe64a2377977f2a0ecab914e1728,Will the highest temperature in Paris be 35°C on August 12?,highest-temperature-in-paris-on-august-12-2026-35c,highest-temperature-in-paris-on-august-12-2026,Yes,0,0x02907a9dbc855383473401e313d174d9556992ef86541e3b6671777566616572,0xbddc2a7690BF600E347d5eb4A9C28f9F24E55d4f-1774968947489,Equal-Sun
1786498563,2026-08-12T01:36:03+00:00,TAKER,BUY,348.537411,0.5738264866,199.99999800279022,114090745615156162186727957203900649922449671499454915586789272647468945399017,0x590428704f14e3b7b9c9b2261f6c84423e60b074f4ad64146c3f65ed71a58eb4,Will the highest temperature in Moscow be 18°C on August 12?,highest-temperature-in-moscow-on-august-12-2026-18c,highest-temperature-in-moscow-on-august-12-2026,Yes,0,0xb615271588cd23c3cacb0b95e7165e8d031d0608957907fe497a94654e588660,0xbddc2a7690BF600E347d5eb4A9C28f9F24E55d4f-1774968947489,Equal-Sun
1786502190,2026-08-12T02:36:30+00:00,TAKER,BUY,378.939391,0.6597361054,249.99999800098783,29759503464624585478176552741360008932569947503120746623466649278050955916866,0x3b34906b6ef64e6fafb72f890581d49b60c969fb326283210be5c8777939481b,Will the highest temperature in Tel Aviv be 35°C on August 12?,highest-temperature-in-tel-aviv-on-august-12-2026-35c,highest-temperature-in-tel-aviv-on-august-12-2026,Yes,0,0x96c91b8c2fa0c748f05f7902841f90f2303f3400faf208733b12c285377619f1,0xbddc2a7690BF600E347d5eb4A9C28f9F24E55d4f-1774968947489,Equal-Sun
1786502197,2026-08-12T02:36:37+00:00,TAKER,BUY,507.948234,0.2953056807,149.9999990017329,83057241418023622247661428930982222048878885442239514687387818528181184851874,0x23f8840da90907c16bd182c6c6627d77c6b471117dbf85b28b5b313c0b5b6720,Will the highest temperature in Tel Aviv be 34°C on August 13?,highest-temperature-in-tel-aviv-on-august-13-2026-34c,highest-temperature-in-tel-aviv-on-august-13-2026,Yes,0,0x21a1501fa93b6ad3aee02039381ea47bfc6621ca9ddade0e5d8849be500debc6,0xbddc2a7690BF600E347d5eb4A9C28f9F24E55d4f-1774968947489,Equal-Sun
1786510362,2026-08-12T04:52:42+00:00,TAKER,BUY,333.333332,0.75,249.999999,25306931245373667879435289591227508495728334689580656452216709073029210934487,0x65ce31bdb20116e8d05d2047b5f9840dd143e2578fedfb6d971746569ce3acc5,Will the highest temperature in Istanbul be 28°C on August 12?,highest-temperature-in-istanbul-on-august-12-2026-28c,highest-temperature-in-istanbul-on-august-12-2026,Yes,0,0x82312b7bc7b318822d9e7d0405ea7c4031c88c36300d631557efbd97bba7c301,0xbddc2a7690BF600E347d5eb4A9C28f9F24E55d4f-1774968947489,Equal-Sun
1786511262,2026-08-12T05:07:42+00:00,TAKER,BUY,438.436738,0.4561661505,199.99999901123707,57796013752326898151767048853747393997422051326363611892197168309183928083234,0xc7d507b418853966cb2ae4437e158ee266a2f64dc8b9f8be77958fe0f2817678,Will the highest temperature in Mexico City be 26°C on August 12?,highest-temperature-in-mexico-city-on-august-12-2026-26c,highest-temperature-in-mexico-city-on-august-12-2026,Yes,0,0x05808d204b264321ccb54761acfede65364227fefab336a4d8cbe7aca9815249,0xbddc2a7690BF600E347d5eb4A9C28f9F24E55d4f-1774968947489,Equal-Sun
